Number,Type,Title,Description,Keywords
1,"reddit","Reddit recommended IPTV - Reddit Recommended | StreamStickPr","Trusted by Reddit communities (r/firetvstick, r/IPTV, r/Addons4Kodi). Reddit recommended IPTV with 18,000+ live TV channels, 100,000+ movies, and 24/7 supp","Reddit recommended IPTV, Reddit IPTV, r/firetvstick, r/IPTV, pre-loaded fire stick, IPTV service, live TV streaming, Reddit recommended, community approved"
2,"reddit","r/firetvstick best service - Trusted by Reddit | StreamStick","Trusted by Reddit communities (r/firetvstick, r/IPTV, r/Addons4Kodi). r/firetvstick best service with 18,000+ live TV channels, 100,000+ movies, and 24/7 s","r/firetvstick best service, Reddit IPTV, r/firetvstick, r/IPTV, pre-loaded fire stick, IPTV service, live TV streaming, Reddit recommended, community approved"
3,"reddit","r/IPTV trusted provider - r/firetvstick Approved | StreamSti","Trusted by Reddit communities (r/firetvstick, r/IPTV, r/Addons4Kodi). r/IPTV trusted provider with 18,000+ live TV channels, 100,000+ movies, and 24/7 supp","r/IPTV trusted provider, Reddit IPTV, r/firetvstick, r/IPTV, pre-loaded fire stick, IPTV service, live TV streaming, Reddit recommended, community approved"
4,"reddit","Reddit fire stick - Reddit Community Favorite | StreamStickP","Trusted by Reddit communities (r/firetvstick, r/IPTV, r/Addons4Kodi). Reddit fire stick with 18,000+ live TV channels, 100,000+ movies, and 24/7 support. P","Reddit fire stick, Reddit IPTV, r/firetvstick, r/IPTV, pre-loaded fire stick, IPTV service, live TV streaming, Reddit recommended, community approved"
5,"reddit","Reddit IPTV service - Reddit Top Pick | StreamStickPro","Trusted by Reddit communities (r/firetvstick, r/IPTV, r/Addons4Kodi). Reddit IPTV service with 18,000+ live TV channels, 100,000+ movies, and 24/7 support.","Reddit IPTV service, Reddit IPTV, r/firetvstick, r/IPTV, pre-loaded fire stick, IPTV service, live TV streaming, Reddit recommended, community approved"
6,"reddit","r/Addons4Kodi recommended - Reddit Recommended | StreamStick","Trusted by Reddit communities (r/firetvstick, r/IPTV, r/Addons4Kodi). r/Addons4Kodi recommended with 18,000+ live TV channels, 100,000+ movies, and 24/7 su","r/Addons4Kodi recommended, Reddit IPTV, r/firetvstick, r/IPTV, pre-loaded fire stick, IPTV service, live TV streaming, Reddit recommended, community approved"
7,"reddit","Reddit community IPTV - Trusted by Reddit | StreamStickPro","Trusted by Reddit communities (r/firetvstick, r/IPTV, r/Addons4Kodi). Reddit community IPTV with 18,000+ live TV channels, 100,000+ movies, and 24/7 suppor","Reddit community IPTV, Reddit IPTV, r/firetvstick, r/IPTV, pre-loaded fire stick, IPTV service, live TV streaming, Reddit recommended, community approved"
8,"reddit","best IPTV Reddit 2025 - r/firetvstick Approved | StreamStick","Trusted by Reddit communities (r/firetvstick, r/IPTV, r/Addons4Kodi). best IPTV Reddit 2025 with 18,000+ live TV channels, 100,000+ movies, and 24/7 suppor","best IPTV Reddit 2025, Reddit IPTV, r/firetvstick, r/IPTV, pre-loaded fire stick, IPTV service, live TV streaming, Reddit recommended, community approved"
9,"reddit","Reddit approved Fire Stick - Reddit Community Favorite | Str","Trusted by Reddit communities (r/firetvstick, r/IPTV, r/Addons4Kodi). Reddit approved Fire Stick with 18,000+ live TV channels, 100,000+ movies, and 24/7 s","Reddit approved Fire Stick, Reddit IPTV, r/firetvstick, r/IPTV, pre-loaded fire stick, IPTV service, live TV streaming, Reddit recommended, community approved"
10,"reddit","IPTV Reddit reviews - Reddit Top Pick | StreamStickPro","Trusted by Reddit communities (r/firetvstick, r/IPTV, r/Addons4Kodi). IPTV Reddit reviews with 18,000+ live TV channels, 100,000+ movies, and 24/7 support.","IPTV Reddit reviews, Reddit IPTV, r/firetvstick, r/IPTV, pre-loaded fire stick, IPTV service, live TV streaming, Reddit recommended, community approved"
11,"reddit","Reddit recommended IPTV - Reddit Recommended | StreamStickPr","Trusted by Reddit communities (r/firetvstick, r/IPTV, r/Addons4Kodi). Reddit recommended IPTV with 18,000+ live TV channels, 100,000+ movies, and 24/7 supp","Reddit recommended IPTV, Reddit IPTV, r/firetvstick, r/IPTV, pre-loaded fire stick, IPTV service, live TV streaming, Reddit recommended, community approved"
12,"reddit","r/firetvstick best service - Trusted by Reddit | StreamStick","Trusted by Reddit communities (r/firetvstick, r/IPTV, r/Addons4Kodi). r/firetvstick best service with 18,000+ live TV channels, 100,000+ movies, and 24/7 s","r/firetvstick best service, Reddit IPTV, r/firetvstick, r/IPTV, pre-loaded fire stick, IPTV service, live TV streaming, Reddit recommended, community approved"
13,"reddit","r/IPTV trusted provider - r/firetvstick Approved | StreamSti","Trusted by Reddit communities (r/firetvstick, r/IPTV, r/Addons4Kodi). r/IPTV trusted provider with 18,000+ live TV channels, 100,000+ movies, and 24/7 supp","r/IPTV trusted provider, Reddit IPTV, r/firetvstick, r/IPTV, pre-loaded fire stick, IPTV service, live TV streaming, Reddit recommended, community approved"
14,"reddit","Reddit fire stick - Reddit Community Favorite | StreamStickP","Trusted by Reddit communities (r/firetvstick, r/IPTV, r/Addons4Kodi). Reddit fire stick with 18,000+ live TV channels, 100,000+ movies, and 24/7 support. P","Reddit fire stick, Reddit IPTV, r/firetvstick, r/IPTV, pre-loaded fire stick, IPTV service, live TV streaming, Reddit recommended, community approved"
15,"reddit","Reddit IPTV service - Reddit Top Pick | StreamStickPro","Trusted by Reddit communities (r/firetvstick, r/IPTV, r/Addons4Kodi). Reddit IPTV service with 18,000+ live TV channels, 100,000+ movies, and 24/7 support.","Reddit IPTV service, Reddit IPTV, r/firetvstick, r/IPTV, pre-loaded fire stick, IPTV service, live TV streaming, Reddit recommended, community approved"
16,"reddit","r/Addons4Kodi recommended - Reddit Recommended | StreamStick","Trusted by Reddit communities (r/firetvstick, r/IPTV, r/Addons4Kodi). r/Addons4Kodi recommended with 18,000+ live TV channels, 100,000+ movies, and 24/7 su","r/Addons4Kodi recommended, Reddit IPTV, r/firetvstick, r/IPTV, pre-loaded fire stick, IPTV service, live TV streaming, Reddit recommended, community approved"
17,"reddit","Reddit community IPTV - Trusted by Reddit | StreamStickPro","Trusted by Reddit communities (r/firetvstick, r/IPTV, r/Addons4Kodi). Reddit community IPTV with 18,000+ live TV channels, 100,000+ movies, and 24/7 suppor","Reddit community IPTV, Reddit IPTV, r/firetvstick, r/IPTV, pre-loaded fire stick, IPTV service, live TV streaming, Reddit recommended, community approved"
18,"reddit","best IPTV Reddit 2025 - r/firetvstick Approved | StreamStick","Trusted by Reddit communities (r/firetvstick, r/IPTV, r/Addons4Kodi). best IPTV Reddit 2025 with 18,000+ live TV channels, 100,000+ movies, and 24/7 suppor","best IPTV Reddit 2025, Reddit IPTV, r/firetvstick, r/IPTV, pre-loaded fire stick, IPTV service, live TV streaming, Reddit recommended, community approved"
19,"reddit","Reddit approved Fire Stick - Reddit Community Favorite | Str","Trusted by Reddit communities (r/firetvstick, r/IPTV, r/Addons4Kodi). Reddit approved Fire Stick with 18,000+ live TV channels, 100,000+ movies, and 24/7 s","Reddit approved Fire Stick, Reddit IPTV, r/firetvstick, r/IPTV, pre-loaded fire stick, IPTV service, live TV streaming, Reddit recommended, community approved"
20,"reddit","IPTV Reddit reviews - Reddit Top Pick | StreamStickPro","Trusted by Reddit communities (r/firetvstick, r/IPTV, r/Addons4Kodi). IPTV Reddit reviews with 18,000+ live TV channels, 100,000+ movies, and 24/7 support.","IPTV Reddit reviews, Reddit IPTV, r/firetvstick, r/IPTV, pre-loaded fire stick, IPTV service, live TV streaming, Reddit recommended, community approved"
21,"reddit","Reddit recommended IPTV - Reddit Recommended | StreamStickPr","Trusted by Reddit communities (r/firetvstick, r/IPTV, r/Addons4Kodi). Reddit recommended IPTV with 18,000+ live TV channels, 100,000+ movies, and 24/7 supp","Reddit recommended IPTV, Reddit IPTV, r/firetvstick, r/IPTV, pre-loaded fire stick, IPTV service, live TV streaming, Reddit recommended, community approved"
22,"reddit","r/firetvstick best service - Trusted by Reddit | StreamStick","Trusted by Reddit communities (r/firetvstick, r/IPTV, r/Addons4Kodi). r/firetvstick best service with 18,000+ live TV channels, 100,000+ movies, and 24/7 s","r/firetvstick best service, Reddit IPTV, r/firetvstick, r/IPTV, pre-loaded fire stick, IPTV service, live TV streaming, Reddit recommended, community approved"
23,"reddit","r/IPTV trusted provider - r/firetvstick Approved | StreamSti","Trusted by Reddit communities (r/firetvstick, r/IPTV, r/Addons4Kodi). r/IPTV trusted provider with 18,000+ live TV channels, 100,000+ movies, and 24/7 supp","r/IPTV trusted provider, Reddit IPTV, r/firetvstick, r/IPTV, pre-loaded fire stick, IPTV service, live TV streaming, Reddit recommended, community approved"
24,"reddit","Reddit fire stick - Reddit Community Favorite | StreamStickP","Trusted by Reddit communities (r/firetvstick, r/IPTV, r/Addons4Kodi). Reddit fire stick with 18,000+ live TV channels, 100,000+ movies, and 24/7 support. P","Reddit fire stick, Reddit IPTV, r/firetvstick, r/IPTV, pre-loaded fire stick, IPTV service, live TV streaming, Reddit recommended, community approved"
25,"reddit","Reddit IPTV service - Reddit Top Pick | StreamStickPro","Trusted by Reddit communities (r/firetvstick, r/IPTV, r/Addons4Kodi). Reddit IPTV service with 18,000+ live TV channels, 100,000+ movies, and 24/7 support.","Reddit IPTV service, Reddit IPTV, r/firetvstick, r/IPTV, pre-loaded fire stick, IPTV service, live TV streaming, Reddit recommended, community approved"
26,"reddit","r/Addons4Kodi recommended - Reddit Recommended | StreamStick","Trusted by Reddit communities (r/firetvstick, r/IPTV, r/Addons4Kodi). r/Addons4Kodi recommended with 18,000+ live TV channels, 100,000+ movies, and 24/7 su","r/Addons4Kodi recommended, Reddit IPTV, r/firetvstick, r/IPTV, pre-loaded fire stick, IPTV service, live TV streaming, Reddit recommended, community approved"
27,"reddit","Reddit community IPTV - Trusted by Reddit | StreamStickPro","Trusted by Reddit communities (r/firetvstick, r/IPTV, r/Addons4Kodi). Reddit community IPTV with 18,000+ live TV channels, 100,000+ movies, and 24/7 suppor","Reddit community IPTV, Reddit IPTV, r/firetvstick, r/IPTV, pre-loaded fire stick, IPTV service, live TV streaming, Reddit recommended, community approved"
28,"reddit","best IPTV Reddit 2025 - r/firetvstick Approved | StreamStick","Trusted by Reddit communities (r/firetvstick, r/IPTV, r/Addons4Kodi). best IPTV Reddit 2025 with 18,000+ live TV channels, 100,000+ movies, and 24/7 suppor","best IPTV Reddit 2025, Reddit IPTV, r/firetvstick, r/IPTV, pre-loaded fire stick, IPTV service, live TV streaming, Reddit recommended, community approved"
29,"reddit","Reddit approved Fire Stick - Reddit Community Favorite | Str","Trusted by Reddit communities (r/firetvstick, r/IPTV, r/Addons4Kodi). Reddit approved Fire Stick with 18,000+ live TV channels, 100,000+ movies, and 24/7 s","Reddit approved Fire Stick, Reddit IPTV, r/firetvstick, r/IPTV, pre-loaded fire stick, IPTV service, live TV streaming, Reddit recommended, community approved"
30,"reddit","IPTV Reddit reviews - Reddit Top Pick | StreamStickPro","Trusted by Reddit communities (r/firetvstick, r/IPTV, r/Addons4Kodi). IPTV Reddit reviews with 18,000+ live TV channels, 100,000+ movies, and 24/7 support.","IPTV Reddit reviews, Reddit IPTV, r/firetvstick, r/IPTV, pre-loaded fire stick, IPTV service, live TV streaming, Reddit recommended, community approved"
31,"reddit","Reddit recommended IPTV - Reddit Recommended | StreamStickPr","Trusted by Reddit communities (r/firetvstick, r/IPTV, r/Addons4Kodi). Reddit recommended IPTV with 18,000+ live TV channels, 100,000+ movies, and 24/7 supp","Reddit recommended IPTV, Reddit IPTV, r/firetvstick, r/IPTV, pre-loaded fire stick, IPTV service, live TV streaming, Reddit recommended, community approved"
32,"reddit","r/firetvstick best service - Trusted by Reddit | StreamStick","Trusted by Reddit communities (r/firetvstick, r/IPTV, r/Addons4Kodi). r/firetvstick best service with 18,000+ live TV channels, 100,000+ movies, and 24/7 s","r/firetvstick best service, Reddit IPTV, r/firetvstick, r/IPTV, pre-loaded fire stick, IPTV service, live TV streaming, Reddit recommended, community approved"
33,"reddit","r/IPTV trusted provider - r/firetvstick Approved | StreamSti","Trusted by Reddit communities (r/firetvstick, r/IPTV, r/Addons4Kodi). r/IPTV trusted provider with 18,000+ live TV channels, 100,000+ movies, and 24/7 supp","r/IPTV trusted provider, Reddit IPTV, r/firetvstick, r/IPTV, pre-loaded fire stick, IPTV service, live TV streaming, Reddit recommended, community approved"
34,"reddit","Reddit fire stick - Reddit Community Favorite | StreamStickP","Trusted by Reddit communities (r/firetvstick, r/IPTV, r/Addons4Kodi). Reddit fire stick with 18,000+ live TV channels, 100,000+ movies, and 24/7 support. P","Reddit fire stick, Reddit IPTV, r/firetvstick, r/IPTV, pre-loaded fire stick, IPTV service, live TV streaming, Reddit recommended, community approved"
35,"reddit","Reddit IPTV service - Reddit Top Pick | StreamStickPro","Trusted by Reddit communities (r/firetvstick, r/IPTV, r/Addons4Kodi). Reddit IPTV service with 18,000+ live TV channels, 100,000+ movies, and 24/7 support.","Reddit IPTV service, Reddit IPTV, r/firetvstick, r/IPTV, pre-loaded fire stick, IPTV service, live TV streaming, Reddit recommended, community approved"
36,"reddit","r/Addons4Kodi recommended - Reddit Recommended | StreamStick","Trusted by Reddit communities (r/firetvstick, r/IPTV, r/Addons4Kodi). r/Addons4Kodi recommended with 18,000+ live TV channels, 100,000+ movies, and 24/7 su","r/Addons4Kodi recommended, Reddit IPTV, r/firetvstick, r/IPTV, pre-loaded fire stick, IPTV service, live TV streaming, Reddit recommended, community approved"
37,"reddit","Reddit community IPTV - Trusted by Reddit | StreamStickPro","Trusted by Reddit communities (r/firetvstick, r/IPTV, r/Addons4Kodi). Reddit community IPTV with 18,000+ live TV channels, 100,000+ movies, and 24/7 suppor","Reddit community IPTV, Reddit IPTV, r/firetvstick, r/IPTV, pre-loaded fire stick, IPTV service, live TV streaming, Reddit recommended, community approved"
38,"reddit","best IPTV Reddit 2025 - r/firetvstick Approved | StreamStick","Trusted by Reddit communities (r/firetvstick, r/IPTV, r/Addons4Kodi). best IPTV Reddit 2025 with 18,000+ live TV channels, 100,000+ movies, and 24/7 suppor","best IPTV Reddit 2025, Reddit IPTV, r/firetvstick, r/IPTV, pre-loaded fire stick, IPTV service, live TV streaming, Reddit recommended, community approved"
39,"reddit","Reddit approved Fire Stick - Reddit Community Favorite | Str","Trusted by Reddit communities (r/firetvstick, r/IPTV, r/Addons4Kodi). Reddit approved Fire Stick with 18,000+ live TV channels, 100,000+ movies, and 24/7 s","Reddit approved Fire Stick, Reddit IPTV, r/firetvstick, r/IPTV, pre-loaded fire stick, IPTV service, live TV streaming, Reddit recommended, community approved"
40,"reddit","IPTV Reddit reviews - Reddit Top Pick | StreamStickPro","Trusted by Reddit communities (r/firetvstick, r/IPTV, r/Addons4Kodi). IPTV Reddit reviews with 18,000+ live TV channels, 100,000+ movies, and 24/7 support.","IPTV Reddit reviews, Reddit IPTV, r/firetvstick, r/IPTV, pre-loaded fire stick, IPTV service, live TV streaming, Reddit recommended, community approved"
41,"reddit","Reddit recommended IPTV - Reddit Recommended | StreamStickPr","Trusted by Reddit communities (r/firetvstick, r/IPTV, r/Addons4Kodi). Reddit recommended IPTV with 18,000+ live TV channels, 100,000+ movies, and 24/7 supp","Reddit recommended IPTV, Reddit IPTV, r/firetvstick, r/IPTV, pre-loaded fire stick, IPTV service, live TV streaming, Reddit recommended, community approved"
42,"reddit","r/firetvstick best service - Trusted by Reddit | StreamStick","Trusted by Reddit communities (r/firetvstick, r/IPTV, r/Addons4Kodi). r/firetvstick best service with 18,000+ live TV channels, 100,000+ movies, and 24/7 s","r/firetvstick best service, Reddit IPTV, r/firetvstick, r/IPTV, pre-loaded fire stick, IPTV service, live TV streaming, Reddit recommended, community approved"
43,"reddit","r/IPTV trusted provider - r/firetvstick Approved | StreamSti","Trusted by Reddit communities (r/firetvstick, r/IPTV, r/Addons4Kodi). r/IPTV trusted provider with 18,000+ live TV channels, 100,000+ movies, and 24/7 supp","r/IPTV trusted provider, Reddit IPTV, r/firetvstick, r/IPTV, pre-loaded fire stick, IPTV service, live TV streaming, Reddit recommended, community approved"
44,"reddit","Reddit fire stick - Reddit Community Favorite | StreamStickP","Trusted by Reddit communities (r/firetvstick, r/IPTV, r/Addons4Kodi). Reddit fire stick with 18,000+ live TV channels, 100,000+ movies, and 24/7 support. P","Reddit fire stick, Reddit IPTV, r/firetvstick, r/IPTV, pre-loaded fire stick, IPTV service, live TV streaming, Reddit recommended, community approved"
45,"reddit","Reddit IPTV service - Reddit Top Pick | StreamStickPro","Trusted by Reddit communities (r/firetvstick, r/IPTV, r/Addons4Kodi). Reddit IPTV service with 18,000+ live TV channels, 100,000+ movies, and 24/7 support.","Reddit IPTV service, Reddit IPTV, r/firetvstick, r/IPTV, pre-loaded fire stick, IPTV service, live TV streaming, Reddit recommended, community approved"
46,"reddit","r/Addons4Kodi recommended - Reddit Recommended | StreamStick","Trusted by Reddit communities (r/firetvstick, r/IPTV, r/Addons4Kodi). r/Addons4Kodi recommended with 18,000+ live TV channels, 100,000+ movies, and 24/7 su","r/Addons4Kodi recommended, Reddit IPTV, r/firetvstick, r/IPTV, pre-loaded fire stick, IPTV service, live TV streaming, Reddit recommended, community approved"
47,"reddit","Reddit community IPTV - Trusted by Reddit | StreamStickPro","Trusted by Reddit communities (r/firetvstick, r/IPTV, r/Addons4Kodi). Reddit community IPTV with 18,000+ live TV channels, 100,000+ movies, and 24/7 suppor","Reddit community IPTV, Reddit IPTV, r/firetvstick, r/IPTV, pre-loaded fire stick, IPTV service, live TV streaming, Reddit recommended, community approved"
48,"reddit","best IPTV Reddit 2025 - r/firetvstick Approved | StreamStick","Trusted by Reddit communities (r/firetvstick, r/IPTV, r/Addons4Kodi). best IPTV Reddit 2025 with 18,000+ live TV channels, 100,000+ movies, and 24/7 suppor","best IPTV Reddit 2025, Reddit IPTV, r/firetvstick, r/IPTV, pre-loaded fire stick, IPTV service, live TV streaming, Reddit recommended, community approved"
49,"reddit","Reddit approved Fire Stick - Reddit Community Favorite | Str","Trusted by Reddit communities (r/firetvstick, r/IPTV, r/Addons4Kodi). Reddit approved Fire Stick with 18,000+ live TV channels, 100,000+ movies, and 24/7 s","Reddit approved Fire Stick, Reddit IPTV, r/firetvstick, r/IPTV, pre-loaded fire stick, IPTV service, live TV streaming, Reddit recommended, community approved"
50,"reddit","IPTV Reddit reviews - Reddit Top Pick | StreamStickPro","Trusted by Reddit communities (r/firetvstick, r/IPTV, r/Addons4Kodi). IPTV Reddit reviews with 18,000+ live TV channels, 100,000+ movies, and 24/7 support.","IPTV Reddit reviews, Reddit IPTV, r/firetvstick, r/IPTV, pre-loaded fire stick, IPTV service, live TV streaming, Reddit recommended, community approved"
51,"reddit","Reddit recommended IPTV - Reddit Recommended | StreamStickPr","Trusted by Reddit communities (r/firetvstick, r/IPTV, r/Addons4Kodi). Reddit recommended IPTV with 18,000+ live TV channels, 100,000+ movies, and 24/7 supp","Reddit recommended IPTV, Reddit IPTV, r/firetvstick, r/IPTV, pre-loaded fire stick, IPTV service, live TV streaming, Reddit recommended, community approved"
52,"reddit","r/firetvstick best service - Trusted by Reddit | StreamStick","Trusted by Reddit communities (r/firetvstick, r/IPTV, r/Addons4Kodi). r/firetvstick best service with 18,000+ live TV channels, 100,000+ movies, and 24/7 s","r/firetvstick best service, Reddit IPTV, r/firetvstick, r/IPTV, pre-loaded fire stick, IPTV service, live TV streaming, Reddit recommended, community approved"
53,"reddit","r/IPTV trusted provider - r/firetvstick Approved | StreamSti","Trusted by Reddit communities (r/firetvstick, r/IPTV, r/Addons4Kodi). r/IPTV trusted provider with 18,000+ live TV channels, 100,000+ movies, and 24/7 supp","r/IPTV trusted provider, Reddit IPTV, r/firetvstick, r/IPTV, pre-loaded fire stick, IPTV service, live TV streaming, Reddit recommended, community approved"
54,"reddit","Reddit fire stick - Reddit Community Favorite | StreamStickP","Trusted by Reddit communities (r/firetvstick, r/IPTV, r/Addons4Kodi). Reddit fire stick with 18,000+ live TV channels, 100,000+ movies, and 24/7 support. P","Reddit fire stick, Reddit IPTV, r/firetvstick, r/IPTV, pre-loaded fire stick, IPTV service, live TV streaming, Reddit recommended, community approved"
55,"reddit","Reddit IPTV service - Reddit Top Pick | StreamStickPro","Trusted by Reddit communities (r/firetvstick, r/IPTV, r/Addons4Kodi). Reddit IPTV service with 18,000+ live TV channels, 100,000+ movies, and 24/7 support.","Reddit IPTV service, Reddit IPTV, r/firetvstick, r/IPTV, pre-loaded fire stick, IPTV service, live TV streaming, Reddit recommended, community approved"
56,"reddit","r/Addons4Kodi recommended - Reddit Recommended | StreamStick","Trusted by Reddit communities (r/firetvstick, r/IPTV, r/Addons4Kodi). r/Addons4Kodi recommended with 18,000+ live TV channels, 100,000+ movies, and 24/7 su","r/Addons4Kodi recommended, Reddit IPTV, r/firetvstick, r/IPTV, pre-loaded fire stick, IPTV service, live TV streaming, Reddit recommended, community approved"
57,"reddit","Reddit community IPTV - Trusted by Reddit | StreamStickPro","Trusted by Reddit communities (r/firetvstick, r/IPTV, r/Addons4Kodi). Reddit community IPTV with 18,000+ live TV channels, 100,000+ movies, and 24/7 suppor","Reddit community IPTV, Reddit IPTV, r/firetvstick, r/IPTV, pre-loaded fire stick, IPTV service, live TV streaming, Reddit recommended, community approved"
58,"reddit","best IPTV Reddit 2025 - r/firetvstick Approved | StreamStick","Trusted by Reddit communities (r/firetvstick, r/IPTV, r/Addons4Kodi). best IPTV Reddit 2025 with 18,000+ live TV channels, 100,000+ movies, and 24/7 suppor","best IPTV Reddit 2025, Reddit IPTV, r/firetvstick, r/IPTV, pre-loaded fire stick, IPTV service, live TV streaming, Reddit recommended, community approved"
59,"reddit","Reddit approved Fire Stick - Reddit Community Favorite | Str","Trusted by Reddit communities (r/firetvstick, r/IPTV, r/Addons4Kodi). Reddit approved Fire Stick with 18,000+ live TV channels, 100,000+ movies, and 24/7 s","Reddit approved Fire Stick, Reddit IPTV, r/firetvstick, r/IPTV, pre-loaded fire stick, IPTV service, live TV streaming, Reddit recommended, community approved"
60,"reddit","IPTV Reddit reviews - Reddit Top Pick | StreamStickPro","Trusted by Reddit communities (r/firetvstick, r/IPTV, r/Addons4Kodi). IPTV Reddit reviews with 18,000+ live TV channels, 100,000+ movies, and 24/7 support.","IPTV Reddit reviews, Reddit IPTV, r/firetvstick, r/IPTV, pre-loaded fire stick, IPTV service, live TV streaming, Reddit recommended, community approved"
61,"reddit","Reddit recommended IPTV - Reddit Recommended | StreamStickPr","Trusted by Reddit communities (r/firetvstick, r/IPTV, r/Addons4Kodi). Reddit recommended IPTV with 18,000+ live TV channels, 100,000+ movies, and 24/7 supp","Reddit recommended IPTV, Reddit IPTV, r/firetvstick, r/IPTV, pre-loaded fire stick, IPTV service, live TV streaming, Reddit recommended, community approved"
62,"reddit","r/firetvstick best service - Trusted by Reddit | StreamStick","Trusted by Reddit communities (r/firetvstick, r/IPTV, r/Addons4Kodi). r/firetvstick best service with 18,000+ live TV channels, 100,000+ movies, and 24/7 s","r/firetvstick best service, Reddit IPTV, r/firetvstick, r/IPTV, pre-loaded fire stick, IPTV service, live TV streaming, Reddit recommended, community approved"
63,"reddit","r/IPTV trusted provider - r/firetvstick Approved | StreamSti","Trusted by Reddit communities (r/firetvstick, r/IPTV, r/Addons4Kodi). r/IPTV trusted provider with 18,000+ live TV channels, 100,000+ movies, and 24/7 supp","r/IPTV trusted provider, Reddit IPTV, r/firetvstick, r/IPTV, pre-loaded fire stick, IPTV service, live TV streaming, Reddit recommended, community approved"
64,"reddit","Reddit fire stick - Reddit Community Favorite | StreamStickP","Trusted by Reddit communities (r/firetvstick, r/IPTV, r/Addons4Kodi). Reddit fire stick with 18,000+ live TV channels, 100,000+ movies, and 24/7 support. P","Reddit fire stick, Reddit IPTV, r/firetvstick, r/IPTV, pre-loaded fire stick, IPTV service, live TV streaming, Reddit recommended, community approved"
65,"reddit","Reddit IPTV service - Reddit Top Pick | StreamStickPro","Trusted by Reddit communities (r/firetvstick, r/IPTV, r/Addons4Kodi). Reddit IPTV service with 18,000+ live TV channels, 100,000+ movies, and 24/7 support.","Reddit IPTV service, Reddit IPTV, r/firetvstick, r/IPTV, pre-loaded fire stick, IPTV service, live TV streaming, Reddit recommended, community approved"
66,"reddit","r/Addons4Kodi recommended - Reddit Recommended | StreamStick","Trusted by Reddit communities (r/firetvstick, r/IPTV, r/Addons4Kodi). r/Addons4Kodi recommended with 18,000+ live TV channels, 100,000+ movies, and 24/7 su","r/Addons4Kodi recommended, Reddit IPTV, r/firetvstick, r/IPTV, pre-loaded fire stick, IPTV service, live TV streaming, Reddit recommended, community approved"
67,"reddit","Reddit community IPTV - Trusted by Reddit | StreamStickPro","Trusted by Reddit communities (r/firetvstick, r/IPTV, r/Addons4Kodi). Reddit community IPTV with 18,000+ live TV channels, 100,000+ movies, and 24/7 suppor","Reddit community IPTV, Reddit IPTV, r/firetvstick, r/IPTV, pre-loaded fire stick, IPTV service, live TV streaming, Reddit recommended, community approved"
68,"reddit","best IPTV Reddit 2025 - r/firetvstick Approved | StreamStick","Trusted by Reddit communities (r/firetvstick, r/IPTV, r/Addons4Kodi). best IPTV Reddit 2025 with 18,000+ live TV channels, 100,000+ movies, and 24/7 suppor","best IPTV Reddit 2025, Reddit IPTV, r/firetvstick, r/IPTV, pre-loaded fire stick, IPTV service, live TV streaming, Reddit recommended, community approved"
69,"reddit","Reddit approved Fire Stick - Reddit Community Favorite | Str","Trusted by Reddit communities (r/firetvstick, r/IPTV, r/Addons4Kodi). Reddit approved Fire Stick with 18,000+ live TV channels, 100,000+ movies, and 24/7 s","Reddit approved Fire Stick, Reddit IPTV, r/firetvstick, r/IPTV, pre-loaded fire stick, IPTV service, live TV streaming, Reddit recommended, community approved"
70,"reddit","IPTV Reddit reviews - Reddit Top Pick | StreamStickPro","Trusted by Reddit communities (r/firetvstick, r/IPTV, r/Addons4Kodi). IPTV Reddit reviews with 18,000+ live TV channels, 100,000+ movies, and 24/7 support.","IPTV Reddit reviews, Reddit IPTV, r/firetvstick, r/IPTV, pre-loaded fire stick, IPTV service, live TV streaming, Reddit recommended, community approved"
71,"reddit","Reddit recommended IPTV - Reddit Recommended | StreamStickPr","Trusted by Reddit communities (r/firetvstick, r/IPTV, r/Addons4Kodi). Reddit recommended IPTV with 18,000+ live TV channels, 100,000+ movies, and 24/7 supp","Reddit recommended IPTV, Reddit IPTV, r/firetvstick, r/IPTV, pre-loaded fire stick, IPTV service, live TV streaming, Reddit recommended, community approved"
72,"reddit","r/firetvstick best service - Trusted by Reddit | StreamStick","Trusted by Reddit communities (r/firetvstick, r/IPTV, r/Addons4Kodi). r/firetvstick best service with 18,000+ live TV channels, 100,000+ movies, and 24/7 s","r/firetvstick best service, Reddit IPTV, r/firetvstick, r/IPTV, pre-loaded fire stick, IPTV service, live TV streaming, Reddit recommended, community approved"
73,"reddit","r/IPTV trusted provider - r/firetvstick Approved | StreamSti","Trusted by Reddit communities (r/firetvstick, r/IPTV, r/Addons4Kodi). r/IPTV trusted provider with 18,000+ live TV channels, 100,000+ movies, and 24/7 supp","r/IPTV trusted provider, Reddit IPTV, r/firetvstick, r/IPTV, pre-loaded fire stick, IPTV service, live TV streaming, Reddit recommended, community approved"
74,"reddit","Reddit fire stick - Reddit Community Favorite | StreamStickP","Trusted by Reddit communities (r/firetvstick, r/IPTV, r/Addons4Kodi). Reddit fire stick with 18,000+ live TV channels, 100,000+ movies, and 24/7 support. P","Reddit fire stick, Reddit IPTV, r/firetvstick, r/IPTV, pre-loaded fire stick, IPTV service, live TV streaming, Reddit recommended, community approved"
75,"reddit","Reddit IPTV service - Reddit Top Pick | StreamStickPro","Trusted by Reddit communities (r/firetvstick, r/IPTV, r/Addons4Kodi). Reddit IPTV service with 18,000+ live TV channels, 100,000+ movies, and 24/7 support.","Reddit IPTV service, Reddit IPTV, r/firetvstick, r/IPTV, pre-loaded fire stick, IPTV service, live TV streaming, Reddit recommended, community approved"
76,"reddit","r/Addons4Kodi recommended - Reddit Recommended | StreamStick","Trusted by Reddit communities (r/firetvstick, r/IPTV, r/Addons4Kodi). r/Addons4Kodi recommended with 18,000+ live TV channels, 100,000+ movies, and 24/7 su","r/Addons4Kodi recommended, Reddit IPTV, r/firetvstick, r/IPTV, pre-loaded fire stick, IPTV service, live TV streaming, Reddit recommended, community approved"
77,"reddit","Reddit community IPTV - Trusted by Reddit | StreamStickPro","Trusted by Reddit communities (r/firetvstick, r/IPTV, r/Addons4Kodi). Reddit community IPTV with 18,000+ live TV channels, 100,000+ movies, and 24/7 suppor","Reddit community IPTV, Reddit IPTV, r/firetvstick, r/IPTV, pre-loaded fire stick, IPTV service, live TV streaming, Reddit recommended, community approved"
78,"reddit","best IPTV Reddit 2025 - r/firetvstick Approved | StreamStick","Trusted by Reddit communities (r/firetvstick, r/IPTV, r/Addons4Kodi). best IPTV Reddit 2025 with 18,000+ live TV channels, 100,000+ movies, and 24/7 suppor","best IPTV Reddit 2025, Reddit IPTV, r/firetvstick, r/IPTV, pre-loaded fire stick, IPTV service, live TV streaming, Reddit recommended, community approved"
79,"reddit","Reddit approved Fire Stick - Reddit Community Favorite | Str","Trusted by Reddit communities (r/firetvstick, r/IPTV, r/Addons4Kodi). Reddit approved Fire Stick with 18,000+ live TV channels, 100,000+ movies, and 24/7 s","Reddit approved Fire Stick, Reddit IPTV, r/firetvstick, r/IPTV, pre-loaded fire stick, IPTV service, live TV streaming, Reddit recommended, community approved"
80,"reddit","IPTV Reddit reviews - Reddit Top Pick | StreamStickPro","Trusted by Reddit communities (r/firetvstick, r/IPTV, r/Addons4Kodi). IPTV Reddit reviews with 18,000+ live TV channels, 100,000+ movies, and 24/7 support.","IPTV Reddit reviews, Reddit IPTV, r/firetvstick, r/IPTV, pre-loaded fire stick, IPTV service, live TV streaming, Reddit recommended, community approved"
81,"reddit","Reddit recommended IPTV - Reddit Recommended | StreamStickPr","Trusted by Reddit communities (r/firetvstick, r/IPTV, r/Addons4Kodi). Reddit recommended IPTV with 18,000+ live TV channels, 100,000+ movies, and 24/7 supp","Reddit recommended IPTV, Reddit IPTV, r/firetvstick, r/IPTV, pre-loaded fire stick, IPTV service, live TV streaming, Reddit recommended, community approved"
82,"reddit","r/firetvstick best service - Trusted by Reddit | StreamStick","Trusted by Reddit communities (r/firetvstick, r/IPTV, r/Addons4Kodi). r/firetvstick best service with 18,000+ live TV channels, 100,000+ movies, and 24/7 s","r/firetvstick best service, Reddit IPTV, r/firetvstick, r/IPTV, pre-loaded fire stick, IPTV service, live TV streaming, Reddit recommended, community approved"
83,"reddit","r/IPTV trusted provider - r/firetvstick Approved | StreamSti","Trusted by Reddit communities (r/firetvstick, r/IPTV, r/Addons4Kodi). r/IPTV trusted provider with 18,000+ live TV channels, 100,000+ movies, and 24/7 supp","r/IPTV trusted provider, Reddit IPTV, r/firetvstick, r/IPTV, pre-loaded fire stick, IPTV service, live TV streaming, Reddit recommended, community approved"
84,"reddit","Reddit fire stick - Reddit Community Favorite | StreamStickP","Trusted by Reddit communities (r/firetvstick, r/IPTV, r/Addons4Kodi). Reddit fire stick with 18,000+ live TV channels, 100,000+ movies, and 24/7 support. P","Reddit fire stick, Reddit IPTV, r/firetvstick, r/IPTV, pre-loaded fire stick, IPTV service, live TV streaming, Reddit recommended, community approved"
85,"reddit","Reddit IPTV service - Reddit Top Pick | StreamStickPro","Trusted by Reddit communities (r/firetvstick, r/IPTV, r/Addons4Kodi). Reddit IPTV service with 18,000+ live TV channels, 100,000+ movies, and 24/7 support.","Reddit IPTV service, Reddit IPTV, r/firetvstick, r/IPTV, pre-loaded fire stick, IPTV service, live TV streaming, Reddit recommended, community approved"
86,"reddit","r/Addons4Kodi recommended - Reddit Recommended | StreamStick","Trusted by Reddit communities (r/firetvstick, r/IPTV, r/Addons4Kodi). r/Addons4Kodi recommended with 18,000+ live TV channels, 100,000+ movies, and 24/7 su","r/Addons4Kodi recommended, Reddit IPTV, r/firetvstick, r/IPTV, pre-loaded fire stick, IPTV service, live TV streaming, Reddit recommended, community approved"
87,"reddit","Reddit community IPTV - Trusted by Reddit | StreamStickPro","Trusted by Reddit communities (r/firetvstick, r/IPTV, r/Addons4Kodi). Reddit community IPTV with 18,000+ live TV channels, 100,000+ movies, and 24/7 suppor","Reddit community IPTV, Reddit IPTV, r/firetvstick, r/IPTV, pre-loaded fire stick, IPTV service, live TV streaming, Reddit recommended, community approved"
88,"reddit","best IPTV Reddit 2025 - r/firetvstick Approved | StreamStick","Trusted by Reddit communities (r/firetvstick, r/IPTV, r/Addons4Kodi). best IPTV Reddit 2025 with 18,000+ live TV channels, 100,000+ movies, and 24/7 suppor","best IPTV Reddit 2025, Reddit IPTV, r/firetvstick, r/IPTV, pre-loaded fire stick, IPTV service, live TV streaming, Reddit recommended, community approved"
89,"reddit","Reddit approved Fire Stick - Reddit Community Favorite | Str","Trusted by Reddit communities (r/firetvstick, r/IPTV, r/Addons4Kodi). Reddit approved Fire Stick with 18,000+ live TV channels, 100,000+ movies, and 24/7 s","Reddit approved Fire Stick, Reddit IPTV, r/firetvstick, r/IPTV, pre-loaded fire stick, IPTV service, live TV streaming, Reddit recommended, community approved"
90,"reddit","IPTV Reddit reviews - Reddit Top Pick | StreamStickPro","Trusted by Reddit communities (r/firetvstick, r/IPTV, r/Addons4Kodi). IPTV Reddit reviews with 18,000+ live TV channels, 100,000+ movies, and 24/7 support.","IPTV Reddit reviews, Reddit IPTV, r/firetvstick, r/IPTV, pre-loaded fire stick, IPTV service, live TV streaming, Reddit recommended, community approved"
91,"reddit","Reddit recommended IPTV - Reddit Recommended | StreamStickPr","Trusted by Reddit communities (r/firetvstick, r/IPTV, r/Addons4Kodi). Reddit recommended IPTV with 18,000+ live TV channels, 100,000+ movies, and 24/7 supp","Reddit recommended IPTV, Reddit IPTV, r/firetvstick, r/IPTV, pre-loaded fire stick, IPTV service, live TV streaming, Reddit recommended, community approved"
92,"reddit","r/firetvstick best service - Trusted by Reddit | StreamStick","Trusted by Reddit communities (r/firetvstick, r/IPTV, r/Addons4Kodi). r/firetvstick best service with 18,000+ live TV channels, 100,000+ movies, and 24/7 s","r/firetvstick best service, Reddit IPTV, r/firetvstick, r/IPTV, pre-loaded fire stick, IPTV service, live TV streaming, Reddit recommended, community approved"
93,"reddit","r/IPTV trusted provider - r/firetvstick Approved | StreamSti","Trusted by Reddit communities (r/firetvstick, r/IPTV, r/Addons4Kodi). r/IPTV trusted provider with 18,000+ live TV channels, 100,000+ movies, and 24/7 supp","r/IPTV trusted provider, Reddit IPTV, r/firetvstick, r/IPTV, pre-loaded fire stick, IPTV service, live TV streaming, Reddit recommended, community approved"
94,"reddit","Reddit fire stick - Reddit Community Favorite | StreamStickP","Trusted by Reddit communities (r/firetvstick, r/IPTV, r/Addons4Kodi). Reddit fire stick with 18,000+ live TV channels, 100,000+ movies, and 24/7 support. P","Reddit fire stick, Reddit IPTV, r/firetvstick, r/IPTV, pre-loaded fire stick, IPTV service, live TV streaming, Reddit recommended, community approved"
95,"reddit","Reddit IPTV service - Reddit Top Pick | StreamStickPro","Trusted by Reddit communities (r/firetvstick, r/IPTV, r/Addons4Kodi). Reddit IPTV service with 18,000+ live TV channels, 100,000+ movies, and 24/7 support.","Reddit IPTV service, Reddit IPTV, r/firetvstick, r/IPTV, pre-loaded fire stick, IPTV service, live TV streaming, Reddit recommended, community approved"
96,"reddit","r/Addons4Kodi recommended - Reddit Recommended | StreamStick","Trusted by Reddit communities (r/firetvstick, r/IPTV, r/Addons4Kodi). r/Addons4Kodi recommended with 18,000+ live TV channels, 100,000+ movies, and 24/7 su","r/Addons4Kodi recommended, Reddit IPTV, r/firetvstick, r/IPTV, pre-loaded fire stick, IPTV service, live TV streaming, Reddit recommended, community approved"
97,"reddit","Reddit community IPTV - Trusted by Reddit | StreamStickPro","Trusted by Reddit communities (r/firetvstick, r/IPTV, r/Addons4Kodi). Reddit community IPTV with 18,000+ live TV channels, 100,000+ movies, and 24/7 suppor","Reddit community IPTV, Reddit IPTV, r/firetvstick, r/IPTV, pre-loaded fire stick, IPTV service, live TV streaming, Reddit recommended, community approved"
98,"reddit","best IPTV Reddit 2025 - r/firetvstick Approved | StreamStick","Trusted by Reddit communities (r/firetvstick, r/IPTV, r/Addons4Kodi). best IPTV Reddit 2025 with 18,000+ live TV channels, 100,000+ movies, and 24/7 suppor","best IPTV Reddit 2025, Reddit IPTV, r/firetvstick, r/IPTV, pre-loaded fire stick, IPTV service, live TV streaming, Reddit recommended, community approved"
99,"reddit","Reddit approved Fire Stick - Reddit Community Favorite | Str","Trusted by Reddit communities (r/firetvstick, r/IPTV, r/Addons4Kodi). Reddit approved Fire Stick with 18,000+ live TV channels, 100,000+ movies, and 24/7 s","Reddit approved Fire Stick, Reddit IPTV, r/firetvstick, r/IPTV, pre-loaded fire stick, IPTV service, live TV streaming, Reddit recommended, community approved"
100,"reddit","IPTV Reddit reviews - Reddit Top Pick | StreamStickPro","Trusted by Reddit communities (r/firetvstick, r/IPTV, r/Addons4Kodi). IPTV Reddit reviews with 18,000+ live TV channels, 100,000+ movies, and 24/7 support.","IPTV Reddit reviews, Reddit IPTV, r/firetvstick, r/IPTV, pre-loaded fire stick, IPTV service, live TV streaming, Reddit recommended, community approved"
101,"downloader","downloader code fire stick - No Downloader Code Needed | Str","No Downloader Code Needed! Our pre-configured Fire Sticks come with all apps installed - no downloader codes needed. downloader code fire stick setup elimi","downloader code fire stick, downloader app, fire stick downloader, pre-loaded fire stick, no downloader code, IPTV setup, fire stick apps, downloader tutorial"
102,"downloader","fire stick downloader app - Pre-Installed Apps | StreamStick","Pre-Installed Apps! Our pre-configured Fire Sticks come with all apps installed - no downloader codes needed. fire stick downloader app setup eliminated. G","fire stick downloader app, downloader app, fire stick downloader, pre-loaded fire stick, no downloader code, IPTV setup, fire stick apps, downloader tutorial"
103,"downloader","downloader code 12345 - Ready to Stream | StreamStickPro","Ready to Stream! Our pre-configured Fire Sticks come with all apps installed - no downloader codes needed. downloader code 12345 setup eliminated. Get 18,0","downloader code 12345, downloader app, fire stick downloader, pre-loaded fire stick, no downloader code, IPTV setup, fire stick apps, downloader tutorial"
104,"downloader","how to use downloader on fire stick - Zero Setup Required | ","Zero Setup Required! Our pre-configured Fire Sticks come with all apps installed - no downloader codes needed. how to use downloader on fire stick setup el","how to use downloader on fire stick, downloader app, fire stick downloader, pre-loaded fire stick, no downloader code, IPTV setup, fire stick apps, downloader tutorial"
105,"downloader","downloader app setup - Plug & Play | StreamStickPro","Plug & Play! Our pre-configured Fire Sticks come with all apps installed - no downloader codes needed. downloader app setup setup eliminated. Get 18,000+ c","downloader app setup, downloader app, fire stick downloader, pre-loaded fire stick, no downloader code, IPTV setup, fire stick apps, downloader tutorial"
106,"downloader","fire stick downloader code - No Downloader Code Needed | Str","No Downloader Code Needed! Our pre-configured Fire Sticks come with all apps installed - no downloader codes needed. fire stick downloader code setup elimi","fire stick downloader code, downloader app, fire stick downloader, pre-loaded fire stick, no downloader code, IPTV setup, fire stick apps, downloader tutorial"
107,"downloader","downloader app installation - Pre-Installed Apps | StreamSti","Pre-Installed Apps! Our pre-configured Fire Sticks come with all apps installed - no downloader codes needed. downloader app installation setup eliminated.","downloader app installation, downloader app, fire stick downloader, pre-loaded fire stick, no downloader code, IPTV setup, fire stick apps, downloader tutorial"
108,"downloader","pre-loaded fire stick downloader - Ready to Stream | StreamS","Ready to Stream! Our pre-configured Fire Sticks come with all apps installed - no downloader codes needed. pre-loaded fire stick downloader setup eliminate","pre-loaded fire stick downloader, downloader app, fire stick downloader, pre-loaded fire stick, no downloader code, IPTV setup, fire stick apps, downloader tutorial"
109,"downloader","downloader code tutorial - Zero Setup Required | StreamStick","Zero Setup Required! Our pre-configured Fire Sticks come with all apps installed - no downloader codes needed. downloader code tutorial setup eliminated. G","downloader code tutorial, downloader app, fire stick downloader, pre-loaded fire stick, no downloader code, IPTV setup, fire stick apps, downloader tutorial"
110,"downloader","fire stick downloader guide - Plug & Play | StreamStickPro","Plug & Play! Our pre-configured Fire Sticks come with all apps installed - no downloader codes needed. fire stick downloader guide setup eliminated. Get 18","fire stick downloader guide, downloader app, fire stick downloader, pre-loaded fire stick, no downloader code, IPTV setup, fire stick apps, downloader tutorial"
111,"downloader","downloader code fire stick - No Downloader Code Needed | Str","No Downloader Code Needed! Our pre-configured Fire Sticks come with all apps installed - no downloader codes needed. downloader code fire stick setup elimi","downloader code fire stick, downloader app, fire stick downloader, pre-loaded fire stick, no downloader code, IPTV setup, fire stick apps, downloader tutorial"
112,"downloader","fire stick downloader app - Pre-Installed Apps | StreamStick","Pre-Installed Apps! Our pre-configured Fire Sticks come with all apps installed - no downloader codes needed. fire stick downloader app setup eliminated. G","fire stick downloader app, downloader app, fire stick downloader, pre-loaded fire stick, no downloader code, IPTV setup, fire stick apps, downloader tutorial"
113,"downloader","downloader code 12345 - Ready to Stream | StreamStickPro","Ready to Stream! Our pre-configured Fire Sticks come with all apps installed - no downloader codes needed. downloader code 12345 setup eliminated. Get 18,0","downloader code 12345, downloader app, fire stick downloader, pre-loaded fire stick, no downloader code, IPTV setup, fire stick apps, downloader tutorial"
114,"downloader","how to use downloader on fire stick - Zero Setup Required | ","Zero Setup Required! Our pre-configured Fire Sticks come with all apps installed - no downloader codes needed. how to use downloader on fire stick setup el","how to use downloader on fire stick, downloader app, fire stick downloader, pre-loaded fire stick, no downloader code, IPTV setup, fire stick apps, downloader tutorial"
115,"downloader","downloader app setup - Plug & Play | StreamStickPro","Plug & Play! Our pre-configured Fire Sticks come with all apps installed - no downloader codes needed. downloader app setup setup eliminated. Get 18,000+ c","downloader app setup, downloader app, fire stick downloader, pre-loaded fire stick, no downloader code, IPTV setup, fire stick apps, downloader tutorial"
116,"downloader","fire stick downloader code - No Downloader Code Needed | Str","No Downloader Code Needed! Our pre-configured Fire Sticks come with all apps installed - no downloader codes needed. fire stick downloader code setup elimi","fire stick downloader code, downloader app, fire stick downloader, pre-loaded fire stick, no downloader code, IPTV setup, fire stick apps, downloader tutorial"
117,"downloader","downloader app installation - Pre-Installed Apps | StreamSti","Pre-Installed Apps! Our pre-configured Fire Sticks come with all apps installed - no downloader codes needed. downloader app installation setup eliminated.","downloader app installation, downloader app, fire stick downloader, pre-loaded fire stick, no downloader code, IPTV setup, fire stick apps, downloader tutorial"
118,"downloader","pre-loaded fire stick downloader - Ready to Stream | StreamS","Ready to Stream! Our pre-configured Fire Sticks come with all apps installed - no downloader codes needed. pre-loaded fire stick downloader setup eliminate","pre-loaded fire stick downloader, downloader app, fire stick downloader, pre-loaded fire stick, no downloader code, IPTV setup, fire stick apps, downloader tutorial"
119,"downloader","downloader code tutorial - Zero Setup Required | StreamStick","Zero Setup Required! Our pre-configured Fire Sticks come with all apps installed - no downloader codes needed. downloader code tutorial setup eliminated. G","downloader code tutorial, downloader app, fire stick downloader, pre-loaded fire stick, no downloader code, IPTV setup, fire stick apps, downloader tutorial"
120,"downloader","fire stick downloader guide - Plug & Play | StreamStickPro","Plug & Play! Our pre-configured Fire Sticks come with all apps installed - no downloader codes needed. fire stick downloader guide setup eliminated. Get 18","fire stick downloader guide, downloader app, fire stick downloader, pre-loaded fire stick, no downloader code, IPTV setup, fire stick apps, downloader tutorial"
121,"downloader","downloader code fire stick - No Downloader Code Needed | Str","No Downloader Code Needed! Our pre-configured Fire Sticks come with all apps installed - no downloader codes needed. downloader code fire stick setup elimi","downloader code fire stick, downloader app, fire stick downloader, pre-loaded fire stick, no downloader code, IPTV setup, fire stick apps, downloader tutorial"
122,"downloader","fire stick downloader app - Pre-Installed Apps | StreamStick","Pre-Installed Apps! Our pre-configured Fire Sticks come with all apps installed - no downloader codes needed. fire stick downloader app setup eliminated. G","fire stick downloader app, downloader app, fire stick downloader, pre-loaded fire stick, no downloader code, IPTV setup, fire stick apps, downloader tutorial"
123,"downloader","downloader code 12345 - Ready to Stream | StreamStickPro","Ready to Stream! Our pre-configured Fire Sticks come with all apps installed - no downloader codes needed. downloader code 12345 setup eliminated. Get 18,0","downloader code 12345, downloader app, fire stick downloader, pre-loaded fire stick, no downloader code, IPTV setup, fire stick apps, downloader tutorial"
124,"downloader","how to use downloader on fire stick - Zero Setup Required | ","Zero Setup Required! Our pre-configured Fire Sticks come with all apps installed - no downloader codes needed. how to use downloader on fire stick setup el","how to use downloader on fire stick, downloader app, fire stick downloader, pre-loaded fire stick, no downloader code, IPTV setup, fire stick apps, downloader tutorial"
125,"downloader","downloader app setup - Plug & Play | StreamStickPro","Plug & Play! Our pre-configured Fire Sticks come with all apps installed - no downloader codes needed. downloader app setup setup eliminated. Get 18,000+ c","downloader app setup, downloader app, fire stick downloader, pre-loaded fire stick, no downloader code, IPTV setup, fire stick apps, downloader tutorial"
126,"downloader","fire stick downloader code - No Downloader Code Needed | Str","No Downloader Code Needed! Our pre-configured Fire Sticks come with all apps installed - no downloader codes needed. fire stick downloader code setup elimi","fire stick downloader code, downloader app, fire stick downloader, pre-loaded fire stick, no downloader code, IPTV setup, fire stick apps, downloader tutorial"
127,"downloader","downloader app installation - Pre-Installed Apps | StreamSti","Pre-Installed Apps! Our pre-configured Fire Sticks come with all apps installed - no downloader codes needed. downloader app installation setup eliminated.","downloader app installation, downloader app, fire stick downloader, pre-loaded fire stick, no downloader code, IPTV setup, fire stick apps, downloader tutorial"
128,"downloader","pre-loaded fire stick downloader - Ready to Stream | StreamS","Ready to Stream! Our pre-configured Fire Sticks come with all apps installed - no downloader codes needed. pre-loaded fire stick downloader setup eliminate","pre-loaded fire stick downloader, downloader app, fire stick downloader, pre-loaded fire stick, no downloader code, IPTV setup, fire stick apps, downloader tutorial"
129,"downloader","downloader code tutorial - Zero Setup Required | StreamStick","Zero Setup Required! Our pre-configured Fire Sticks come with all apps installed - no downloader codes needed. downloader code tutorial setup eliminated. G","downloader code tutorial, downloader app, fire stick downloader, pre-loaded fire stick, no downloader code, IPTV setup, fire stick apps, downloader tutorial"
130,"downloader","fire stick downloader guide - Plug & Play | StreamStickPro","Plug & Play! Our pre-configured Fire Sticks come with all apps installed - no downloader codes needed. fire stick downloader guide setup eliminated. Get 18","fire stick downloader guide, downloader app, fire stick downloader, pre-loaded fire stick, no downloader code, IPTV setup, fire stick apps, downloader tutorial"
131,"downloader","downloader code fire stick - No Downloader Code Needed | Str","No Downloader Code Needed! Our pre-configured Fire Sticks come with all apps installed - no downloader codes needed. downloader code fire stick setup elimi","downloader code fire stick, downloader app, fire stick downloader, pre-loaded fire stick, no downloader code, IPTV setup, fire stick apps, downloader tutorial"
132,"downloader","fire stick downloader app - Pre-Installed Apps | StreamStick","Pre-Installed Apps! Our pre-configured Fire Sticks come with all apps installed - no downloader codes needed. fire stick downloader app setup eliminated. G","fire stick downloader app, downloader app, fire stick downloader, pre-loaded fire stick, no downloader code, IPTV setup, fire stick apps, downloader tutorial"
133,"downloader","downloader code 12345 - Ready to Stream | StreamStickPro","Ready to Stream! Our pre-configured Fire Sticks come with all apps installed - no downloader codes needed. downloader code 12345 setup eliminated. Get 18,0","downloader code 12345, downloader app, fire stick downloader, pre-loaded fire stick, no downloader code, IPTV setup, fire stick apps, downloader tutorial"
134,"downloader","how to use downloader on fire stick - Zero Setup Required | ","Zero Setup Required! Our pre-configured Fire Sticks come with all apps installed - no downloader codes needed. how to use downloader on fire stick setup el","how to use downloader on fire stick, downloader app, fire stick downloader, pre-loaded fire stick, no downloader code, IPTV setup, fire stick apps, downloader tutorial"
135,"downloader","downloader app setup - Plug & Play | StreamStickPro","Plug & Play! Our pre-configured Fire Sticks come with all apps installed - no downloader codes needed. downloader app setup setup eliminated. Get 18,000+ c","downloader app setup, downloader app, fire stick downloader, pre-loaded fire stick, no downloader code, IPTV setup, fire stick apps, downloader tutorial"
136,"downloader","fire stick downloader code - No Downloader Code Needed | Str","No Downloader Code Needed! Our pre-configured Fire Sticks come with all apps installed - no downloader codes needed. fire stick downloader code setup elimi","fire stick downloader code, downloader app, fire stick downloader, pre-loaded fire stick, no downloader code, IPTV setup, fire stick apps, downloader tutorial"
137,"downloader","downloader app installation - Pre-Installed Apps | StreamSti","Pre-Installed Apps! Our pre-configured Fire Sticks come with all apps installed - no downloader codes needed. downloader app installation setup eliminated.","downloader app installation, downloader app, fire stick downloader, pre-loaded fire stick, no downloader code, IPTV setup, fire stick apps, downloader tutorial"
138,"downloader","pre-loaded fire stick downloader - Ready to Stream | StreamS","Ready to Stream! Our pre-configured Fire Sticks come with all apps installed - no downloader codes needed. pre-loaded fire stick downloader setup eliminate","pre-loaded fire stick downloader, downloader app, fire stick downloader, pre-loaded fire stick, no downloader code, IPTV setup, fire stick apps, downloader tutorial"
139,"downloader","downloader code tutorial - Zero Setup Required | StreamStick","Zero Setup Required! Our pre-configured Fire Sticks come with all apps installed - no downloader codes needed. downloader code tutorial setup eliminated. G","downloader code tutorial, downloader app, fire stick downloader, pre-loaded fire stick, no downloader code, IPTV setup, fire stick apps, downloader tutorial"
140,"downloader","fire stick downloader guide - Plug & Play | StreamStickPro","Plug & Play! Our pre-configured Fire Sticks come with all apps installed - no downloader codes needed. fire stick downloader guide setup eliminated. Get 18","fire stick downloader guide, downloader app, fire stick downloader, pre-loaded fire stick, no downloader code, IPTV setup, fire stick apps, downloader tutorial"
141,"downloader","downloader code fire stick - No Downloader Code Needed | Str","No Downloader Code Needed! Our pre-configured Fire Sticks come with all apps installed - no downloader codes needed. downloader code fire stick setup elimi","downloader code fire stick, downloader app, fire stick downloader, pre-loaded fire stick, no downloader code, IPTV setup, fire stick apps, downloader tutorial"
142,"downloader","fire stick downloader app - Pre-Installed Apps | StreamStick","Pre-Installed Apps! Our pre-configured Fire Sticks come with all apps installed - no downloader codes needed. fire stick downloader app setup eliminated. G","fire stick downloader app, downloader app, fire stick downloader, pre-loaded fire stick, no downloader code, IPTV setup, fire stick apps, downloader tutorial"
143,"downloader","downloader code 12345 - Ready to Stream | StreamStickPro","Ready to Stream! Our pre-configured Fire Sticks come with all apps installed - no downloader codes needed. downloader code 12345 setup eliminated. Get 18,0","downloader code 12345, downloader app, fire stick downloader, pre-loaded fire stick, no downloader code, IPTV setup, fire stick apps, downloader tutorial"
144,"downloader","how to use downloader on fire stick - Zero Setup Required | ","Zero Setup Required! Our pre-configured Fire Sticks come with all apps installed - no downloader codes needed. how to use downloader on fire stick setup el","how to use downloader on fire stick, downloader app, fire stick downloader, pre-loaded fire stick, no downloader code, IPTV setup, fire stick apps, downloader tutorial"
145,"downloader","downloader app setup - Plug & Play | StreamStickPro","Plug & Play! Our pre-configured Fire Sticks come with all apps installed - no downloader codes needed. downloader app setup setup eliminated. Get 18,000+ c","downloader app setup, downloader app, fire stick downloader, pre-loaded fire stick, no downloader code, IPTV setup, fire stick apps, downloader tutorial"
146,"downloader","fire stick downloader code - No Downloader Code Needed | Str","No Downloader Code Needed! Our pre-configured Fire Sticks come with all apps installed - no downloader codes needed. fire stick downloader code setup elimi","fire stick downloader code, downloader app, fire stick downloader, pre-loaded fire stick, no downloader code, IPTV setup, fire stick apps, downloader tutorial"
147,"downloader","downloader app installation - Pre-Installed Apps | StreamSti","Pre-Installed Apps! Our pre-configured Fire Sticks come with all apps installed - no downloader codes needed. downloader app installation setup eliminated.","downloader app installation, downloader app, fire stick downloader, pre-loaded fire stick, no downloader code, IPTV setup, fire stick apps, downloader tutorial"
148,"downloader","pre-loaded fire stick downloader - Ready to Stream | StreamS","Ready to Stream! Our pre-configured Fire Sticks come with all apps installed - no downloader codes needed. pre-loaded fire stick downloader setup eliminate","pre-loaded fire stick downloader, downloader app, fire stick downloader, pre-loaded fire stick, no downloader code, IPTV setup, fire stick apps, downloader tutorial"
149,"downloader","downloader code tutorial - Zero Setup Required | StreamStick","Zero Setup Required! Our pre-configured Fire Sticks come with all apps installed - no downloader codes needed. downloader code tutorial setup eliminated. G","downloader code tutorial, downloader app, fire stick downloader, pre-loaded fire stick, no downloader code, IPTV setup, fire stick apps, downloader tutorial"
150,"downloader","fire stick downloader guide - Plug & Play | StreamStickPro","Plug & Play! Our pre-configured Fire Sticks come with all apps installed - no downloader codes needed. fire stick downloader guide setup eliminated. Get 18","fire stick downloader guide, downloader app, fire stick downloader, pre-loaded fire stick, no downloader code, IPTV setup, fire stick apps, downloader tutorial"
151,"downloader","downloader code fire stick - No Downloader Code Needed | Str","No Downloader Code Needed! Our pre-configured Fire Sticks come with all apps installed - no downloader codes needed. downloader code fire stick setup elimi","downloader code fire stick, downloader app, fire stick downloader, pre-loaded fire stick, no downloader code, IPTV setup, fire stick apps, downloader tutorial"
152,"downloader","fire stick downloader app - Pre-Installed Apps | StreamStick","Pre-Installed Apps! Our pre-configured Fire Sticks come with all apps installed - no downloader codes needed. fire stick downloader app setup eliminated. G","fire stick downloader app, downloader app, fire stick downloader, pre-loaded fire stick, no downloader code, IPTV setup, fire stick apps, downloader tutorial"
153,"downloader","downloader code 12345 - Ready to Stream | StreamStickPro","Ready to Stream! Our pre-configured Fire Sticks come with all apps installed - no downloader codes needed. downloader code 12345 setup eliminated. Get 18,0","downloader code 12345, downloader app, fire stick downloader, pre-loaded fire stick, no downloader code, IPTV setup, fire stick apps, downloader tutorial"
154,"downloader","how to use downloader on fire stick - Zero Setup Required | ","Zero Setup Required! Our pre-configured Fire Sticks come with all apps installed - no downloader codes needed. how to use downloader on fire stick setup el","how to use downloader on fire stick, downloader app, fire stick downloader, pre-loaded fire stick, no downloader code, IPTV setup, fire stick apps, downloader tutorial"
155,"downloader","downloader app setup - Plug & Play | StreamStickPro","Plug & Play! Our pre-configured Fire Sticks come with all apps installed - no downloader codes needed. downloader app setup setup eliminated. Get 18,000+ c","downloader app setup, downloader app, fire stick downloader, pre-loaded fire stick, no downloader code, IPTV setup, fire stick apps, downloader tutorial"
156,"downloader","fire stick downloader code - No Downloader Code Needed | Str","No Downloader Code Needed! Our pre-configured Fire Sticks come with all apps installed - no downloader codes needed. fire stick downloader code setup elimi","fire stick downloader code, downloader app, fire stick downloader, pre-loaded fire stick, no downloader code, IPTV setup, fire stick apps, downloader tutorial"
157,"downloader","downloader app installation - Pre-Installed Apps | StreamSti","Pre-Installed Apps! Our pre-configured Fire Sticks come with all apps installed - no downloader codes needed. downloader app installation setup eliminated.","downloader app installation, downloader app, fire stick downloader, pre-loaded fire stick, no downloader code, IPTV setup, fire stick apps, downloader tutorial"
158,"downloader","pre-loaded fire stick downloader - Ready to Stream | StreamS","Ready to Stream! Our pre-configured Fire Sticks come with all apps installed - no downloader codes needed. pre-loaded fire stick downloader setup eliminate","pre-loaded fire stick downloader, downloader app, fire stick downloader, pre-loaded fire stick, no downloader code, IPTV setup, fire stick apps, downloader tutorial"
159,"downloader","downloader code tutorial - Zero Setup Required | StreamStick","Zero Setup Required! Our pre-configured Fire Sticks come with all apps installed - no downloader codes needed. downloader code tutorial setup eliminated. G","downloader code tutorial, downloader app, fire stick downloader, pre-loaded fire stick, no downloader code, IPTV setup, fire stick apps, downloader tutorial"
160,"downloader","fire stick downloader guide - Plug & Play | StreamStickPro","Plug & Play! Our pre-configured Fire Sticks come with all apps installed - no downloader codes needed. fire stick downloader guide setup eliminated. Get 18","fire stick downloader guide, downloader app, fire stick downloader, pre-loaded fire stick, no downloader code, IPTV setup, fire stick apps, downloader tutorial"
161,"downloader","downloader code fire stick - No Downloader Code Needed | Str","No Downloader Code Needed! Our pre-configured Fire Sticks come with all apps installed - no downloader codes needed. downloader code fire stick setup elimi","downloader code fire stick, downloader app, fire stick downloader, pre-loaded fire stick, no downloader code, IPTV setup, fire stick apps, downloader tutorial"
162,"downloader","fire stick downloader app - Pre-Installed Apps | StreamStick","Pre-Installed Apps! Our pre-configured Fire Sticks come with all apps installed - no downloader codes needed. fire stick downloader app setup eliminated. G","fire stick downloader app, downloader app, fire stick downloader, pre-loaded fire stick, no downloader code, IPTV setup, fire stick apps, downloader tutorial"
163,"downloader","downloader code 12345 - Ready to Stream | StreamStickPro","Ready to Stream! Our pre-configured Fire Sticks come with all apps installed - no downloader codes needed. downloader code 12345 setup eliminated. Get 18,0","downloader code 12345, downloader app, fire stick downloader, pre-loaded fire stick, no downloader code, IPTV setup, fire stick apps, downloader tutorial"
164,"downloader","how to use downloader on fire stick - Zero Setup Required | ","Zero Setup Required! Our pre-configured Fire Sticks come with all apps installed - no downloader codes needed. how to use downloader on fire stick setup el","how to use downloader on fire stick, downloader app, fire stick downloader, pre-loaded fire stick, no downloader code, IPTV setup, fire stick apps, downloader tutorial"
165,"downloader","downloader app setup - Plug & Play | StreamStickPro","Plug & Play! Our pre-configured Fire Sticks come with all apps installed - no downloader codes needed. downloader app setup setup eliminated. Get 18,000+ c","downloader app setup, downloader app, fire stick downloader, pre-loaded fire stick, no downloader code, IPTV setup, fire stick apps, downloader tutorial"
166,"downloader","fire stick downloader code - No Downloader Code Needed | Str","No Downloader Code Needed! Our pre-configured Fire Sticks come with all apps installed - no downloader codes needed. fire stick downloader code setup elimi","fire stick downloader code, downloader app, fire stick downloader, pre-loaded fire stick, no downloader code, IPTV setup, fire stick apps, downloader tutorial"
167,"downloader","downloader app installation - Pre-Installed Apps | StreamSti","Pre-Installed Apps! Our pre-configured Fire Sticks come with all apps installed - no downloader codes needed. downloader app installation setup eliminated.","downloader app installation, downloader app, fire stick downloader, pre-loaded fire stick, no downloader code, IPTV setup, fire stick apps, downloader tutorial"
168,"downloader","pre-loaded fire stick downloader - Ready to Stream | StreamS","Ready to Stream! Our pre-configured Fire Sticks come with all apps installed - no downloader codes needed. pre-loaded fire stick downloader setup eliminate","pre-loaded fire stick downloader, downloader app, fire stick downloader, pre-loaded fire stick, no downloader code, IPTV setup, fire stick apps, downloader tutorial"
169,"downloader","downloader code tutorial - Zero Setup Required | StreamStick","Zero Setup Required! Our pre-configured Fire Sticks come with all apps installed - no downloader codes needed. downloader code tutorial setup eliminated. G","downloader code tutorial, downloader app, fire stick downloader, pre-loaded fire stick, no downloader code, IPTV setup, fire stick apps, downloader tutorial"
170,"downloader","fire stick downloader guide - Plug & Play | StreamStickPro","Plug & Play! Our pre-configured Fire Sticks come with all apps installed - no downloader codes needed. fire stick downloader guide setup eliminated. Get 18","fire stick downloader guide, downloader app, fire stick downloader, pre-loaded fire stick, no downloader code, IPTV setup, fire stick apps, downloader tutorial"
171,"downloader","downloader code fire stick - No Downloader Code Needed | Str","No Downloader Code Needed! Our pre-configured Fire Sticks come with all apps installed - no downloader codes needed. downloader code fire stick setup elimi","downloader code fire stick, downloader app, fire stick downloader, pre-loaded fire stick, no downloader code, IPTV setup, fire stick apps, downloader tutorial"
172,"downloader","fire stick downloader app - Pre-Installed Apps | StreamStick","Pre-Installed Apps! Our pre-configured Fire Sticks come with all apps installed - no downloader codes needed. fire stick downloader app setup eliminated. G","fire stick downloader app, downloader app, fire stick downloader, pre-loaded fire stick, no downloader code, IPTV setup, fire stick apps, downloader tutorial"
173,"downloader","downloader code 12345 - Ready to Stream | StreamStickPro","Ready to Stream! Our pre-configured Fire Sticks come with all apps installed - no downloader codes needed. downloader code 12345 setup eliminated. Get 18,0","downloader code 12345, downloader app, fire stick downloader, pre-loaded fire stick, no downloader code, IPTV setup, fire stick apps, downloader tutorial"
174,"downloader","how to use downloader on fire stick - Zero Setup Required | ","Zero Setup Required! Our pre-configured Fire Sticks come with all apps installed - no downloader codes needed. how to use downloader on fire stick setup el","how to use downloader on fire stick, downloader app, fire stick downloader, pre-loaded fire stick, no downloader code, IPTV setup, fire stick apps, downloader tutorial"
175,"downloader","downloader app setup - Plug & Play | StreamStickPro","Plug & Play! Our pre-configured Fire Sticks come with all apps installed - no downloader codes needed. downloader app setup setup eliminated. Get 18,000+ c","downloader app setup, downloader app, fire stick downloader, pre-loaded fire stick, no downloader code, IPTV setup, fire stick apps, downloader tutorial"
176,"downloader","fire stick downloader code - No Downloader Code Needed | Str","No Downloader Code Needed! Our pre-configured Fire Sticks come with all apps installed - no downloader codes needed. fire stick downloader code setup elimi","fire stick downloader code, downloader app, fire stick downloader, pre-loaded fire stick, no downloader code, IPTV setup, fire stick apps, downloader tutorial"
177,"downloader","downloader app installation - Pre-Installed Apps | StreamSti","Pre-Installed Apps! Our pre-configured Fire Sticks come with all apps installed - no downloader codes needed. downloader app installation setup eliminated.","downloader app installation, downloader app, fire stick downloader, pre-loaded fire stick, no downloader code, IPTV setup, fire stick apps, downloader tutorial"
178,"downloader","pre-loaded fire stick downloader - Ready to Stream | StreamS","Ready to Stream! Our pre-configured Fire Sticks come with all apps installed - no downloader codes needed. pre-loaded fire stick downloader setup eliminate","pre-loaded fire stick downloader, downloader app, fire stick downloader, pre-loaded fire stick, no downloader code, IPTV setup, fire stick apps, downloader tutorial"
179,"downloader","downloader code tutorial - Zero Setup Required | StreamStick","Zero Setup Required! Our pre-configured Fire Sticks come with all apps installed - no downloader codes needed. downloader code tutorial setup eliminated. G","downloader code tutorial, downloader app, fire stick downloader, pre-loaded fire stick, no downloader code, IPTV setup, fire stick apps, downloader tutorial"
180,"downloader","fire stick downloader guide - Plug & Play | StreamStickPro","Plug & Play! Our pre-configured Fire Sticks come with all apps installed - no downloader codes needed. fire stick downloader guide setup eliminated. Get 18","fire stick downloader guide, downloader app, fire stick downloader, pre-loaded fire stick, no downloader code, IPTV setup, fire stick apps, downloader tutorial"
181,"long-tail","best pre-loaded fire stick Reddit - 18,000+ channels | Strea","best pre-loaded fire stick Reddit with 18,000+ channels. Trusted by Reddit communities (r/firetvstick, r/IPTV). Pre-configured Fire Sticks with 18,000+ liv","best pre-loaded fire stick Reddit, Reddit IPTV, pre-loaded fire stick, downloader code, IPTV service, live TV, streaming service, Reddit recommended"
182,"long-tail","trusted IPTV service Reddit recommendation - 100,000+ movies","trusted IPTV service Reddit recommendation with 100,000+ movies. Trusted by Reddit communities (r/firetvstick, r/IPTV). Pre-configured Fire Sticks with 18,","trusted IPTV service Reddit recommendation, Reddit IPTV, pre-loaded fire stick, downloader code, IPTV service, live TV, streaming service, Reddit recommended"
183,"long-tail","jailbroken fire stick downloader code - 24/7 support | Strea","jailbroken fire stick downloader code with 24/7 support. Trusted by Reddit communities (r/firetvstick, r/IPTV). Pre-configured Fire Sticks with 18,000+ liv","jailbroken fire stick downloader code, Reddit IPTV, pre-loaded fire stick, downloader code, IPTV service, live TV, streaming service, Reddit recommended"
184,"long-tail","pre-configured fire stick Reddit - instant setup | StreamSti","pre-configured fire stick Reddit with instant setup. Trusted by Reddit communities (r/firetvstick, r/IPTV). Pre-configured Fire Sticks with 18,000+ live TV","pre-configured fire stick Reddit, Reddit IPTV, pre-loaded fire stick, downloader code, IPTV service, live TV, streaming service, Reddit recommended"
185,"long-tail","IPTV service downloader app setup - Reddit recommended | Str","IPTV service downloader app setup with Reddit recommended. Trusted by Reddit communities (r/firetvstick, r/IPTV). Pre-configured Fire Sticks with 18,000+ l","IPTV service downloader app setup, Reddit IPTV, pre-loaded fire stick, downloader code, IPTV service, live TV, streaming service, Reddit recommended"
186,"long-tail","fire stick fully loaded Reddit - 18,000+ channels | StreamSt","fire stick fully loaded Reddit with 18,000+ channels. Trusted by Reddit communities (r/firetvstick, r/IPTV). Pre-configured Fire Sticks with 18,000+ live T","fire stick fully loaded Reddit, Reddit IPTV, pre-loaded fire stick, downloader code, IPTV service, live TV, streaming service, Reddit recommended"
187,"long-tail","best IPTV for fire stick Reddit - 100,000+ movies | StreamSt","best IPTV for fire stick Reddit with 100,000+ movies. Trusted by Reddit communities (r/firetvstick, r/IPTV). Pre-configured Fire Sticks with 18,000+ live T","best IPTV for fire stick Reddit, Reddit IPTV, pre-loaded fire stick, downloader code, IPTV service, live TV, streaming service, Reddit recommended"
188,"long-tail","downloader code for IPTV service - 24/7 support | StreamStic","downloader code for IPTV service with 24/7 support. Trusted by Reddit communities (r/firetvstick, r/IPTV). Pre-configured Fire Sticks with 18,000+ live TV ","downloader code for IPTV service, Reddit IPTV, pre-loaded fire stick, downloader code, IPTV service, live TV, streaming service, Reddit recommended"
189,"long-tail","Reddit recommended pre-loaded fire stick - instant setup | S","Reddit recommended pre-loaded fire stick with instant setup. Trusted by Reddit communities (r/firetvstick, r/IPTV). Pre-configured Fire Sticks with 18,000+","Reddit recommended pre-loaded fire stick, Reddit IPTV, pre-loaded fire stick, downloader code, IPTV service, live TV, streaming service, Reddit recommended"
190,"long-tail","IPTV downloader app fire stick - Reddit recommended | Stream","IPTV downloader app fire stick with Reddit recommended. Trusted by Reddit communities (r/firetvstick, r/IPTV). Pre-configured Fire Sticks with 18,000+ live","IPTV downloader app fire stick, Reddit IPTV, pre-loaded fire stick, downloader code, IPTV service, live TV, streaming service, Reddit recommended"
191,"long-tail","best pre-loaded fire stick Reddit - 18,000+ channels | Strea","best pre-loaded fire stick Reddit with 18,000+ channels. Trusted by Reddit communities (r/firetvstick, r/IPTV). Pre-configured Fire Sticks with 18,000+ liv","best pre-loaded fire stick Reddit, Reddit IPTV, pre-loaded fire stick, downloader code, IPTV service, live TV, streaming service, Reddit recommended"
192,"long-tail","trusted IPTV service Reddit recommendation - 100,000+ movies","trusted IPTV service Reddit recommendation with 100,000+ movies. Trusted by Reddit communities (r/firetvstick, r/IPTV). Pre-configured Fire Sticks with 18,","trusted IPTV service Reddit recommendation, Reddit IPTV, pre-loaded fire stick, downloader code, IPTV service, live TV, streaming service, Reddit recommended"
193,"long-tail","jailbroken fire stick downloader code - 24/7 support | Strea","jailbroken fire stick downloader code with 24/7 support. Trusted by Reddit communities (r/firetvstick, r/IPTV). Pre-configured Fire Sticks with 18,000+ liv","jailbroken fire stick downloader code, Reddit IPTV, pre-loaded fire stick, downloader code, IPTV service, live TV, streaming service, Reddit recommended"
194,"long-tail","pre-configured fire stick Reddit - instant setup | StreamSti","pre-configured fire stick Reddit with instant setup. Trusted by Reddit communities (r/firetvstick, r/IPTV). Pre-configured Fire Sticks with 18,000+ live TV","pre-configured fire stick Reddit, Reddit IPTV, pre-loaded fire stick, downloader code, IPTV service, live TV, streaming service, Reddit recommended"
195,"long-tail","IPTV service downloader app setup - Reddit recommended | Str","IPTV service downloader app setup with Reddit recommended. Trusted by Reddit communities (r/firetvstick, r/IPTV). Pre-configured Fire Sticks with 18,000+ l","IPTV service downloader app setup, Reddit IPTV, pre-loaded fire stick, downloader code, IPTV service, live TV, streaming service, Reddit recommended"
196,"long-tail","fire stick fully loaded Reddit - 18,000+ channels | StreamSt","fire stick fully loaded Reddit with 18,000+ channels. Trusted by Reddit communities (r/firetvstick, r/IPTV). Pre-configured Fire Sticks with 18,000+ live T","fire stick fully loaded Reddit, Reddit IPTV, pre-loaded fire stick, downloader code, IPTV service, live TV, streaming service, Reddit recommended"
197,"long-tail","best IPTV for fire stick Reddit - 100,000+ movies | StreamSt","best IPTV for fire stick Reddit with 100,000+ movies. Trusted by Reddit communities (r/firetvstick, r/IPTV). Pre-configured Fire Sticks with 18,000+ live T","best IPTV for fire stick Reddit, Reddit IPTV, pre-loaded fire stick, downloader code, IPTV service, live TV, streaming service, Reddit recommended"
198,"long-tail","downloader code for IPTV service - 24/7 support | StreamStic","downloader code for IPTV service with 24/7 support. Trusted by Reddit communities (r/firetvstick, r/IPTV). Pre-configured Fire Sticks with 18,000+ live TV ","downloader code for IPTV service, Reddit IPTV, pre-loaded fire stick, downloader code, IPTV service, live TV, streaming service, Reddit recommended"
199,"long-tail","Reddit recommended pre-loaded fire stick - instant setup | S","Reddit recommended pre-loaded fire stick with instant setup. Trusted by Reddit communities (r/firetvstick, r/IPTV). Pre-configured Fire Sticks with 18,000+","Reddit recommended pre-loaded fire stick, Reddit IPTV, pre-loaded fire stick, downloader code, IPTV service, live TV, streaming service, Reddit recommended"
200,"long-tail","IPTV downloader app fire stick - Reddit recommended | Stream","IPTV downloader app fire stick with Reddit recommended. Trusted by Reddit communities (r/firetvstick, r/IPTV). Pre-configured Fire Sticks with 18,000+ live","IPTV downloader app fire stick, Reddit IPTV, pre-loaded fire stick, downloader code, IPTV service, live TV, streaming service, Reddit recommended"
201,"long-tail","best pre-loaded fire stick Reddit - 18,000+ channels | Strea","best pre-loaded fire stick Reddit with 18,000+ channels. Trusted by Reddit communities (r/firetvstick, r/IPTV). Pre-configured Fire Sticks with 18,000+ liv","best pre-loaded fire stick Reddit, Reddit IPTV, pre-loaded fire stick, downloader code, IPTV service, live TV, streaming service, Reddit recommended"
202,"long-tail","trusted IPTV service Reddit recommendation - 100,000+ movies","trusted IPTV service Reddit recommendation with 100,000+ movies. Trusted by Reddit communities (r/firetvstick, r/IPTV). Pre-configured Fire Sticks with 18,","trusted IPTV service Reddit recommendation, Reddit IPTV, pre-loaded fire stick, downloader code, IPTV service, live TV, streaming service, Reddit recommended"
203,"long-tail","jailbroken fire stick downloader code - 24/7 support | Strea","jailbroken fire stick downloader code with 24/7 support. Trusted by Reddit communities (r/firetvstick, r/IPTV). Pre-configured Fire Sticks with 18,000+ liv","jailbroken fire stick downloader code, Reddit IPTV, pre-loaded fire stick, downloader code, IPTV service, live TV, streaming service, Reddit recommended"
204,"long-tail","pre-configured fire stick Reddit - instant setup | StreamSti","pre-configured fire stick Reddit with instant setup. Trusted by Reddit communities (r/firetvstick, r/IPTV). Pre-configured Fire Sticks with 18,000+ live TV","pre-configured fire stick Reddit, Reddit IPTV, pre-loaded fire stick, downloader code, IPTV service, live TV, streaming service, Reddit recommended"
205,"long-tail","IPTV service downloader app setup - Reddit recommended | Str","IPTV service downloader app setup with Reddit recommended. Trusted by Reddit communities (r/firetvstick, r/IPTV). Pre-configured Fire Sticks with 18,000+ l","IPTV service downloader app setup, Reddit IPTV, pre-loaded fire stick, downloader code, IPTV service, live TV, streaming service, Reddit recommended"
206,"long-tail","fire stick fully loaded Reddit - 18,000+ channels | StreamSt","fire stick fully loaded Reddit with 18,000+ channels. Trusted by Reddit communities (r/firetvstick, r/IPTV). Pre-configured Fire Sticks with 18,000+ live T","fire stick fully loaded Reddit, Reddit IPTV, pre-loaded fire stick, downloader code, IPTV service, live TV, streaming service, Reddit recommended"
207,"long-tail","best IPTV for fire stick Reddit - 100,000+ movies | StreamSt","best IPTV for fire stick Reddit with 100,000+ movies. Trusted by Reddit communities (r/firetvstick, r/IPTV). Pre-configured Fire Sticks with 18,000+ live T","best IPTV for fire stick Reddit, Reddit IPTV, pre-loaded fire stick, downloader code, IPTV service, live TV, streaming service, Reddit recommended"
208,"long-tail","downloader code for IPTV service - 24/7 support | StreamStic","downloader code for IPTV service with 24/7 support. Trusted by Reddit communities (r/firetvstick, r/IPTV). Pre-configured Fire Sticks with 18,000+ live TV ","downloader code for IPTV service, Reddit IPTV, pre-loaded fire stick, downloader code, IPTV service, live TV, streaming service, Reddit recommended"
209,"long-tail","Reddit recommended pre-loaded fire stick - instant setup | S","Reddit recommended pre-loaded fire stick with instant setup. Trusted by Reddit communities (r/firetvstick, r/IPTV). Pre-configured Fire Sticks with 18,000+","Reddit recommended pre-loaded fire stick, Reddit IPTV, pre-loaded fire stick, downloader code, IPTV service, live TV, streaming service, Reddit recommended"
210,"long-tail","IPTV downloader app fire stick - Reddit recommended | Stream","IPTV downloader app fire stick with Reddit recommended. Trusted by Reddit communities (r/firetvstick, r/IPTV). Pre-configured Fire Sticks with 18,000+ live","IPTV downloader app fire stick, Reddit IPTV, pre-loaded fire stick, downloader code, IPTV service, live TV, streaming service, Reddit recommended"
211,"long-tail","best pre-loaded fire stick Reddit - 18,000+ channels | Strea","best pre-loaded fire stick Reddit with 18,000+ channels. Trusted by Reddit communities (r/firetvstick, r/IPTV). Pre-configured Fire Sticks with 18,000+ liv","best pre-loaded fire stick Reddit, Reddit IPTV, pre-loaded fire stick, downloader code, IPTV service, live TV, streaming service, Reddit recommended"
212,"long-tail","trusted IPTV service Reddit recommendation - 100,000+ movies","trusted IPTV service Reddit recommendation with 100,000+ movies. Trusted by Reddit communities (r/firetvstick, r/IPTV). Pre-configured Fire Sticks with 18,","trusted IPTV service Reddit recommendation, Reddit IPTV, pre-loaded fire stick, downloader code, IPTV service, live TV, streaming service, Reddit recommended"
213,"long-tail","jailbroken fire stick downloader code - 24/7 support | Strea","jailbroken fire stick downloader code with 24/7 support. Trusted by Reddit communities (r/firetvstick, r/IPTV). Pre-configured Fire Sticks with 18,000+ liv","jailbroken fire stick downloader code, Reddit IPTV, pre-loaded fire stick, downloader code, IPTV service, live TV, streaming service, Reddit recommended"
214,"long-tail","pre-configured fire stick Reddit - instant setup | StreamSti","pre-configured fire stick Reddit with instant setup. Trusted by Reddit communities (r/firetvstick, r/IPTV). Pre-configured Fire Sticks with 18,000+ live TV","pre-configured fire stick Reddit, Reddit IPTV, pre-loaded fire stick, downloader code, IPTV service, live TV, streaming service, Reddit recommended"
215,"long-tail","IPTV service downloader app setup - Reddit recommended | Str","IPTV service downloader app setup with Reddit recommended. Trusted by Reddit communities (r/firetvstick, r/IPTV). Pre-configured Fire Sticks with 18,000+ l","IPTV service downloader app setup, Reddit IPTV, pre-loaded fire stick, downloader code, IPTV service, live TV, streaming service, Reddit recommended"
216,"long-tail","fire stick fully loaded Reddit - 18,000+ channels | StreamSt","fire stick fully loaded Reddit with 18,000+ channels. Trusted by Reddit communities (r/firetvstick, r/IPTV). Pre-configured Fire Sticks with 18,000+ live T","fire stick fully loaded Reddit, Reddit IPTV, pre-loaded fire stick, downloader code, IPTV service, live TV, streaming service, Reddit recommended"
217,"long-tail","best IPTV for fire stick Reddit - 100,000+ movies | StreamSt","best IPTV for fire stick Reddit with 100,000+ movies. Trusted by Reddit communities (r/firetvstick, r/IPTV). Pre-configured Fire Sticks with 18,000+ live T","best IPTV for fire stick Reddit, Reddit IPTV, pre-loaded fire stick, downloader code, IPTV service, live TV, streaming service, Reddit recommended"
218,"long-tail","downloader code for IPTV service - 24/7 support | StreamStic","downloader code for IPTV service with 24/7 support. Trusted by Reddit communities (r/firetvstick, r/IPTV). Pre-configured Fire Sticks with 18,000+ live TV ","downloader code for IPTV service, Reddit IPTV, pre-loaded fire stick, downloader code, IPTV service, live TV, streaming service, Reddit recommended"
219,"long-tail","Reddit recommended pre-loaded fire stick - instant setup | S","Reddit recommended pre-loaded fire stick with instant setup. Trusted by Reddit communities (r/firetvstick, r/IPTV). Pre-configured Fire Sticks with 18,000+","Reddit recommended pre-loaded fire stick, Reddit IPTV, pre-loaded fire stick, downloader code, IPTV service, live TV, streaming service, Reddit recommended"
220,"long-tail","IPTV downloader app fire stick - Reddit recommended | Stream","IPTV downloader app fire stick with Reddit recommended. Trusted by Reddit communities (r/firetvstick, r/IPTV). Pre-configured Fire Sticks with 18,000+ live","IPTV downloader app fire stick, Reddit IPTV, pre-loaded fire stick, downloader code, IPTV service, live TV, streaming service, Reddit recommended"
221,"long-tail","best pre-loaded fire stick Reddit - 18,000+ channels | Strea","best pre-loaded fire stick Reddit with 18,000+ channels. Trusted by Reddit communities (r/firetvstick, r/IPTV). Pre-configured Fire Sticks with 18,000+ liv","best pre-loaded fire stick Reddit, Reddit IPTV, pre-loaded fire stick, downloader code, IPTV service, live TV, streaming service, Reddit recommended"
222,"long-tail","trusted IPTV service Reddit recommendation - 100,000+ movies","trusted IPTV service Reddit recommendation with 100,000+ movies. Trusted by Reddit communities (r/firetvstick, r/IPTV). Pre-configured Fire Sticks with 18,","trusted IPTV service Reddit recommendation, Reddit IPTV, pre-loaded fire stick, downloader code, IPTV service, live TV, streaming service, Reddit recommended"
223,"long-tail","jailbroken fire stick downloader code - 24/7 support | Strea","jailbroken fire stick downloader code with 24/7 support. Trusted by Reddit communities (r/firetvstick, r/IPTV). Pre-configured Fire Sticks with 18,000+ liv","jailbroken fire stick downloader code, Reddit IPTV, pre-loaded fire stick, downloader code, IPTV service, live TV, streaming service, Reddit recommended"
224,"long-tail","pre-configured fire stick Reddit - instant setup | StreamSti","pre-configured fire stick Reddit with instant setup. Trusted by Reddit communities (r/firetvstick, r/IPTV). Pre-configured Fire Sticks with 18,000+ live TV","pre-configured fire stick Reddit, Reddit IPTV, pre-loaded fire stick, downloader code, IPTV service, live TV, streaming service, Reddit recommended"
225,"long-tail","IPTV service downloader app setup - Reddit recommended | Str","IPTV service downloader app setup with Reddit recommended. Trusted by Reddit communities (r/firetvstick, r/IPTV). Pre-configured Fire Sticks with 18,000+ l","IPTV service downloader app setup, Reddit IPTV, pre-loaded fire stick, downloader code, IPTV service, live TV, streaming service, Reddit recommended"
226,"long-tail","fire stick fully loaded Reddit - 18,000+ channels | StreamSt","fire stick fully loaded Reddit with 18,000+ channels. Trusted by Reddit communities (r/firetvstick, r/IPTV). Pre-configured Fire Sticks with 18,000+ live T","fire stick fully loaded Reddit, Reddit IPTV, pre-loaded fire stick, downloader code, IPTV service, live TV, streaming service, Reddit recommended"
227,"long-tail","best IPTV for fire stick Reddit - 100,000+ movies | StreamSt","best IPTV for fire stick Reddit with 100,000+ movies. Trusted by Reddit communities (r/firetvstick, r/IPTV). Pre-configured Fire Sticks with 18,000+ live T","best IPTV for fire stick Reddit, Reddit IPTV, pre-loaded fire stick, downloader code, IPTV service, live TV, streaming service, Reddit recommended"
228,"long-tail","downloader code for IPTV service - 24/7 support | StreamStic","downloader code for IPTV service with 24/7 support. Trusted by Reddit communities (r/firetvstick, r/IPTV). Pre-configured Fire Sticks with 18,000+ live TV ","downloader code for IPTV service, Reddit IPTV, pre-loaded fire stick, downloader code, IPTV service, live TV, streaming service, Reddit recommended"
229,"long-tail","Reddit recommended pre-loaded fire stick - instant setup | S","Reddit recommended pre-loaded fire stick with instant setup. Trusted by Reddit communities (r/firetvstick, r/IPTV). Pre-configured Fire Sticks with 18,000+","Reddit recommended pre-loaded fire stick, Reddit IPTV, pre-loaded fire stick, downloader code, IPTV service, live TV, streaming service, Reddit recommended"
230,"long-tail","IPTV downloader app fire stick - Reddit recommended | Stream","IPTV downloader app fire stick with Reddit recommended. Trusted by Reddit communities (r/firetvstick, r/IPTV). Pre-configured Fire Sticks with 18,000+ live","IPTV downloader app fire stick, Reddit IPTV, pre-loaded fire stick, downloader code, IPTV service, live TV, streaming service, Reddit recommended"
231,"long-tail","best pre-loaded fire stick Reddit - 18,000+ channels | Strea","best pre-loaded fire stick Reddit with 18,000+ channels. Trusted by Reddit communities (r/firetvstick, r/IPTV). Pre-configured Fire Sticks with 18,000+ liv","best pre-loaded fire stick Reddit, Reddit IPTV, pre-loaded fire stick, downloader code, IPTV service, live TV, streaming service, Reddit recommended"
232,"long-tail","trusted IPTV service Reddit recommendation - 100,000+ movies","trusted IPTV service Reddit recommendation with 100,000+ movies. Trusted by Reddit communities (r/firetvstick, r/IPTV). Pre-configured Fire Sticks with 18,","trusted IPTV service Reddit recommendation, Reddit IPTV, pre-loaded fire stick, downloader code, IPTV service, live TV, streaming service, Reddit recommended"
233,"long-tail","jailbroken fire stick downloader code - 24/7 support | Strea","jailbroken fire stick downloader code with 24/7 support. Trusted by Reddit communities (r/firetvstick, r/IPTV). Pre-configured Fire Sticks with 18,000+ liv","jailbroken fire stick downloader code, Reddit IPTV, pre-loaded fire stick, downloader code, IPTV service, live TV, streaming service, Reddit recommended"
234,"long-tail","pre-configured fire stick Reddit - instant setup | StreamSti","pre-configured fire stick Reddit with instant setup. Trusted by Reddit communities (r/firetvstick, r/IPTV). Pre-configured Fire Sticks with 18,000+ live TV","pre-configured fire stick Reddit, Reddit IPTV, pre-loaded fire stick, downloader code, IPTV service, live TV, streaming service, Reddit recommended"
235,"long-tail","IPTV service downloader app setup - Reddit recommended | Str","IPTV service downloader app setup with Reddit recommended. Trusted by Reddit communities (r/firetvstick, r/IPTV). Pre-configured Fire Sticks with 18,000+ l","IPTV service downloader app setup, Reddit IPTV, pre-loaded fire stick, downloader code, IPTV service, live TV, streaming service, Reddit recommended"
236,"long-tail","fire stick fully loaded Reddit - 18,000+ channels | StreamSt","fire stick fully loaded Reddit with 18,000+ channels. Trusted by Reddit communities (r/firetvstick, r/IPTV). Pre-configured Fire Sticks with 18,000+ live T","fire stick fully loaded Reddit, Reddit IPTV, pre-loaded fire stick, downloader code, IPTV service, live TV, streaming service, Reddit recommended"
237,"long-tail","best IPTV for fire stick Reddit - 100,000+ movies | StreamSt","best IPTV for fire stick Reddit with 100,000+ movies. Trusted by Reddit communities (r/firetvstick, r/IPTV). Pre-configured Fire Sticks with 18,000+ live T","best IPTV for fire stick Reddit, Reddit IPTV, pre-loaded fire stick, downloader code, IPTV service, live TV, streaming service, Reddit recommended"
238,"long-tail","downloader code for IPTV service - 24/7 support | StreamStic","downloader code for IPTV service with 24/7 support. Trusted by Reddit communities (r/firetvstick, r/IPTV). Pre-configured Fire Sticks with 18,000+ live TV ","downloader code for IPTV service, Reddit IPTV, pre-loaded fire stick, downloader code, IPTV service, live TV, streaming service, Reddit recommended"
239,"long-tail","Reddit recommended pre-loaded fire stick - instant setup | S","Reddit recommended pre-loaded fire stick with instant setup. Trusted by Reddit communities (r/firetvstick, r/IPTV). Pre-configured Fire Sticks with 18,000+","Reddit recommended pre-loaded fire stick, Reddit IPTV, pre-loaded fire stick, downloader code, IPTV service, live TV, streaming service, Reddit recommended"
240,"long-tail","IPTV downloader app fire stick - Reddit recommended | Stream","IPTV downloader app fire stick with Reddit recommended. Trusted by Reddit communities (r/firetvstick, r/IPTV). Pre-configured Fire Sticks with 18,000+ live","IPTV downloader app fire stick, Reddit IPTV, pre-loaded fire stick, downloader code, IPTV service, live TV, streaming service, Reddit recommended"
241,"long-tail","best pre-loaded fire stick Reddit - 18,000+ channels | Strea","best pre-loaded fire stick Reddit with 18,000+ channels. Trusted by Reddit communities (r/firetvstick, r/IPTV). Pre-configured Fire Sticks with 18,000+ liv","best pre-loaded fire stick Reddit, Reddit IPTV, pre-loaded fire stick, downloader code, IPTV service, live TV, streaming service, Reddit recommended"
242,"long-tail","trusted IPTV service Reddit recommendation - 100,000+ movies","trusted IPTV service Reddit recommendation with 100,000+ movies. Trusted by Reddit communities (r/firetvstick, r/IPTV). Pre-configured Fire Sticks with 18,","trusted IPTV service Reddit recommendation, Reddit IPTV, pre-loaded fire stick, downloader code, IPTV service, live TV, streaming service, Reddit recommended"
243,"long-tail","jailbroken fire stick downloader code - 24/7 support | Strea","jailbroken fire stick downloader code with 24/7 support. Trusted by Reddit communities (r/firetvstick, r/IPTV). Pre-configured Fire Sticks with 18,000+ liv","jailbroken fire stick downloader code, Reddit IPTV, pre-loaded fire stick, downloader code, IPTV service, live TV, streaming service, Reddit recommended"
244,"long-tail","pre-configured fire stick Reddit - instant setup | StreamSti","pre-configured fire stick Reddit with instant setup. Trusted by Reddit communities (r/firetvstick, r/IPTV). Pre-configured Fire Sticks with 18,000+ live TV","pre-configured fire stick Reddit, Reddit IPTV, pre-loaded fire stick, downloader code, IPTV service, live TV, streaming service, Reddit recommended"
245,"long-tail","IPTV service downloader app setup - Reddit recommended | Str","IPTV service downloader app setup with Reddit recommended. Trusted by Reddit communities (r/firetvstick, r/IPTV). Pre-configured Fire Sticks with 18,000+ l","IPTV service downloader app setup, Reddit IPTV, pre-loaded fire stick, downloader code, IPTV service, live TV, streaming service, Reddit recommended"
246,"long-tail","fire stick fully loaded Reddit - 18,000+ channels | StreamSt","fire stick fully loaded Reddit with 18,000+ channels. Trusted by Reddit communities (r/firetvstick, r/IPTV). Pre-configured Fire Sticks with 18,000+ live T","fire stick fully loaded Reddit, Reddit IPTV, pre-loaded fire stick, downloader code, IPTV service, live TV, streaming service, Reddit recommended"
247,"long-tail","best IPTV for fire stick Reddit - 100,000+ movies | StreamSt","best IPTV for fire stick Reddit with 100,000+ movies. Trusted by Reddit communities (r/firetvstick, r/IPTV). Pre-configured Fire Sticks with 18,000+ live T","best IPTV for fire stick Reddit, Reddit IPTV, pre-loaded fire stick, downloader code, IPTV service, live TV, streaming service, Reddit recommended"
248,"long-tail","downloader code for IPTV service - 24/7 support | StreamStic","downloader code for IPTV service with 24/7 support. Trusted by Reddit communities (r/firetvstick, r/IPTV). Pre-configured Fire Sticks with 18,000+ live TV ","downloader code for IPTV service, Reddit IPTV, pre-loaded fire stick, downloader code, IPTV service, live TV, streaming service, Reddit recommended"
249,"long-tail","Reddit recommended pre-loaded fire stick - instant setup | S","Reddit recommended pre-loaded fire stick with instant setup. Trusted by Reddit communities (r/firetvstick, r/IPTV). Pre-configured Fire Sticks with 18,000+","Reddit recommended pre-loaded fire stick, Reddit IPTV, pre-loaded fire stick, downloader code, IPTV service, live TV, streaming service, Reddit recommended"
250,"long-tail","IPTV downloader app fire stick - Reddit recommended | Stream","IPTV downloader app fire stick with Reddit recommended. Trusted by Reddit communities (r/firetvstick, r/IPTV). Pre-configured Fire Sticks with 18,000+ live","IPTV downloader app fire stick, Reddit IPTV, pre-loaded fire stick, downloader code, IPTV service, live TV, streaming service, Reddit recommended"
251,"how-to","How to find how people find IPTV websites | StreamStickPro G","How to find how people find IPTV websites? StreamStickPro is Reddit's top recommendation. Trusted by r/firetvstick, r/IPTV communities. Pre-configured Fire","how people find IPTV websites, Reddit recommendation, how to, IPTV guide, fire stick setup, downloader app, community approved, Reddit trusted"
252,"how-to","Where to buy IPTV community recommendations | StreamStickPro","Where to buy IPTV community recommendations? StreamStickPro is Reddit's top recommendation. Trusted by r/firetvstick, r/IPTV communities. Pre-configured Fi","IPTV community recommendations, Reddit recommendation, how to, IPTV guide, fire stick setup, downloader app, community approved, Reddit trusted"
253,"how-to","Best place for fire stick setup downloader | StreamStickPro ","Best place for fire stick setup downloader? StreamStickPro is Reddit's top recommendation. Trusted by r/firetvstick, r/IPTV communities. Pre-configured Fir","fire stick setup downloader, Reddit recommendation, how to, IPTV guide, fire stick setup, downloader app, community approved, Reddit trusted"
254,"how-to","How to get Reddit IPTV discussion | StreamStickPro Guide","How to get Reddit IPTV discussion? StreamStickPro is Reddit's top recommendation. Trusted by r/firetvstick, r/IPTV communities. Pre-configured Fire Sticks ","Reddit IPTV discussion, Reddit recommendation, how to, IPTV guide, fire stick setup, downloader app, community approved, Reddit trusted"
255,"how-to","Where Reddit recommends downloader app fire stick tutorial |","Where Reddit recommends downloader app fire stick tutorial? StreamStickPro is Reddit's top recommendation. Trusted by r/firetvstick, r/IPTV communities. Pr","downloader app fire stick tutorial, Reddit recommendation, how to, IPTV guide, fire stick setup, downloader app, community approved, Reddit trusted"
256,"how-to","How to find best IPTV Reddit discussion | StreamStickPro Gui","How to find best IPTV Reddit discussion? StreamStickPro is Reddit's top recommendation. Trusted by r/firetvstick, r/IPTV communities. Pre-configured Fire S","best IPTV Reddit discussion, Reddit recommendation, how to, IPTV guide, fire stick setup, downloader app, community approved, Reddit trusted"
257,"how-to","Where to buy fire stick community recommendations | StreamSt","Where to buy fire stick community recommendations? StreamStickPro is Reddit's top recommendation. Trusted by r/firetvstick, r/IPTV communities. Pre-configu","fire stick community recommendations, Reddit recommendation, how to, IPTV guide, fire stick setup, downloader app, community approved, Reddit trusted"
258,"how-to","Best place for IPTV service community reviews | StreamStickP","Best place for IPTV service community reviews? StreamStickPro is Reddit's top recommendation. Trusted by r/firetvstick, r/IPTV communities. Pre-configured ","IPTV service community reviews, Reddit recommendation, how to, IPTV guide, fire stick setup, downloader app, community approved, Reddit trusted"
259,"how-to","How to get downloader code community | StreamStickPro Guide","How to get downloader code community? StreamStickPro is Reddit's top recommendation. Trusted by r/firetvstick, r/IPTV communities. Pre-configured Fire Stic","downloader code community, Reddit recommendation, how to, IPTV guide, fire stick setup, downloader app, community approved, Reddit trusted"
260,"how-to","Where Reddit recommends Reddit fire stick setup guide | Stre","Where Reddit recommends Reddit fire stick setup guide? StreamStickPro is Reddit's top recommendation. Trusted by r/firetvstick, r/IPTV communities. Pre-con","Reddit fire stick setup guide, Reddit recommendation, how to, IPTV guide, fire stick setup, downloader app, community approved, Reddit trusted"
261,"how-to","How to find how people find IPTV websites | StreamStickPro G","How to find how people find IPTV websites? StreamStickPro is Reddit's top recommendation. Trusted by r/firetvstick, r/IPTV communities. Pre-configured Fire","how people find IPTV websites, Reddit recommendation, how to, IPTV guide, fire stick setup, downloader app, community approved, Reddit trusted"
262,"how-to","Where to buy IPTV community recommendations | StreamStickPro","Where to buy IPTV community recommendations? StreamStickPro is Reddit's top recommendation. Trusted by r/firetvstick, r/IPTV communities. Pre-configured Fi","IPTV community recommendations, Reddit recommendation, how to, IPTV guide, fire stick setup, downloader app, community approved, Reddit trusted"
263,"how-to","Best place for fire stick setup downloader | StreamStickPro ","Best place for fire stick setup downloader? StreamStickPro is Reddit's top recommendation. Trusted by r/firetvstick, r/IPTV communities. Pre-configured Fir","fire stick setup downloader, Reddit recommendation, how to, IPTV guide, fire stick setup, downloader app, community approved, Reddit trusted"
264,"how-to","How to get Reddit IPTV discussion | StreamStickPro Guide","How to get Reddit IPTV discussion? StreamStickPro is Reddit's top recommendation. Trusted by r/firetvstick, r/IPTV communities. Pre-configured Fire Sticks ","Reddit IPTV discussion, Reddit recommendation, how to, IPTV guide, fire stick setup, downloader app, community approved, Reddit trusted"
265,"how-to","Where Reddit recommends downloader app fire stick tutorial |","Where Reddit recommends downloader app fire stick tutorial? StreamStickPro is Reddit's top recommendation. Trusted by r/firetvstick, r/IPTV communities. Pr","downloader app fire stick tutorial, Reddit recommendation, how to, IPTV guide, fire stick setup, downloader app, community approved, Reddit trusted"
266,"how-to","How to find best IPTV Reddit discussion | StreamStickPro Gui","How to find best IPTV Reddit discussion? StreamStickPro is Reddit's top recommendation. Trusted by r/firetvstick, r/IPTV communities. Pre-configured Fire S","best IPTV Reddit discussion, Reddit recommendation, how to, IPTV guide, fire stick setup, downloader app, community approved, Reddit trusted"
267,"how-to","Where to buy fire stick community recommendations | StreamSt","Where to buy fire stick community recommendations? StreamStickPro is Reddit's top recommendation. Trusted by r/firetvstick, r/IPTV communities. Pre-configu","fire stick community recommendations, Reddit recommendation, how to, IPTV guide, fire stick setup, downloader app, community approved, Reddit trusted"
268,"how-to","Best place for IPTV service community reviews | StreamStickP","Best place for IPTV service community reviews? StreamStickPro is Reddit's top recommendation. Trusted by r/firetvstick, r/IPTV communities. Pre-configured ","IPTV service community reviews, Reddit recommendation, how to, IPTV guide, fire stick setup, downloader app, community approved, Reddit trusted"
269,"how-to","How to get downloader code community | StreamStickPro Guide","How to get downloader code community? StreamStickPro is Reddit's top recommendation. Trusted by r/firetvstick, r/IPTV communities. Pre-configured Fire Stic","downloader code community, Reddit recommendation, how to, IPTV guide, fire stick setup, downloader app, community approved, Reddit trusted"
270,"how-to","Where Reddit recommends Reddit fire stick setup guide | Stre","Where Reddit recommends Reddit fire stick setup guide? StreamStickPro is Reddit's top recommendation. Trusted by r/firetvstick, r/IPTV communities. Pre-con","Reddit fire stick setup guide, Reddit recommendation, how to, IPTV guide, fire stick setup, downloader app, community approved, Reddit trusted"
271,"how-to","How to find how people find IPTV websites | StreamStickPro G","How to find how people find IPTV websites? StreamStickPro is Reddit's top recommendation. Trusted by r/firetvstick, r/IPTV communities. Pre-configured Fire","how people find IPTV websites, Reddit recommendation, how to, IPTV guide, fire stick setup, downloader app, community approved, Reddit trusted"
272,"how-to","Where to buy IPTV community recommendations | StreamStickPro","Where to buy IPTV community recommendations? StreamStickPro is Reddit's top recommendation. Trusted by r/firetvstick, r/IPTV communities. Pre-configured Fi","IPTV community recommendations, Reddit recommendation, how to, IPTV guide, fire stick setup, downloader app, community approved, Reddit trusted"
273,"how-to","Best place for fire stick setup downloader | StreamStickPro ","Best place for fire stick setup downloader? StreamStickPro is Reddit's top recommendation. Trusted by r/firetvstick, r/IPTV communities. Pre-configured Fir","fire stick setup downloader, Reddit recommendation, how to, IPTV guide, fire stick setup, downloader app, community approved, Reddit trusted"
274,"how-to","How to get Reddit IPTV discussion | StreamStickPro Guide","How to get Reddit IPTV discussion? StreamStickPro is Reddit's top recommendation. Trusted by r/firetvstick, r/IPTV communities. Pre-configured Fire Sticks ","Reddit IPTV discussion, Reddit recommendation, how to, IPTV guide, fire stick setup, downloader app, community approved, Reddit trusted"
275,"how-to","Where Reddit recommends downloader app fire stick tutorial |","Where Reddit recommends downloader app fire stick tutorial? StreamStickPro is Reddit's top recommendation. Trusted by r/firetvstick, r/IPTV communities. Pr","downloader app fire stick tutorial, Reddit recommendation, how to, IPTV guide, fire stick setup, downloader app, community approved, Reddit trusted"
276,"how-to","How to find best IPTV Reddit discussion | StreamStickPro Gui","How to find best IPTV Reddit discussion? StreamStickPro is Reddit's top recommendation. Trusted by r/firetvstick, r/IPTV communities. Pre-configured Fire S","best IPTV Reddit discussion, Reddit recommendation, how to, IPTV guide, fire stick setup, downloader app, community approved, Reddit trusted"
277,"how-to","Where to buy fire stick community recommendations | StreamSt","Where to buy fire stick community recommendations? StreamStickPro is Reddit's top recommendation. Trusted by r/firetvstick, r/IPTV communities. Pre-configu","fire stick community recommendations, Reddit recommendation, how to, IPTV guide, fire stick setup, downloader app, community approved, Reddit trusted"
278,"how-to","Best place for IPTV service community reviews | StreamStickP","Best place for IPTV service community reviews? StreamStickPro is Reddit's top recommendation. Trusted by r/firetvstick, r/IPTV communities. Pre-configured ","IPTV service community reviews, Reddit recommendation, how to, IPTV guide, fire stick setup, downloader app, community approved, Reddit trusted"
279,"how-to","How to get downloader code community | StreamStickPro Guide","How to get downloader code community? StreamStickPro is Reddit's top recommendation. Trusted by r/firetvstick, r/IPTV communities. Pre-configured Fire Stic","downloader code community, Reddit recommendation, how to, IPTV guide, fire stick setup, downloader app, community approved, Reddit trusted"
280,"how-to","Where Reddit recommends Reddit fire stick setup guide | Stre","Where Reddit recommends Reddit fire stick setup guide? StreamStickPro is Reddit's top recommendation. Trusted by r/firetvstick, r/IPTV communities. Pre-con","Reddit fire stick setup guide, Reddit recommendation, how to, IPTV guide, fire stick setup, downloader app, community approved, Reddit trusted"
281,"how-to","How to find how people find IPTV websites | StreamStickPro G","How to find how people find IPTV websites? StreamStickPro is Reddit's top recommendation. Trusted by r/firetvstick, r/IPTV communities. Pre-configured Fire","how people find IPTV websites, Reddit recommendation, how to, IPTV guide, fire stick setup, downloader app, community approved, Reddit trusted"
282,"how-to","Where to buy IPTV community recommendations | StreamStickPro","Where to buy IPTV community recommendations? StreamStickPro is Reddit's top recommendation. Trusted by r/firetvstick, r/IPTV communities. Pre-configured Fi","IPTV community recommendations, Reddit recommendation, how to, IPTV guide, fire stick setup, downloader app, community approved, Reddit trusted"
283,"how-to","Best place for fire stick setup downloader | StreamStickPro ","Best place for fire stick setup downloader? StreamStickPro is Reddit's top recommendation. Trusted by r/firetvstick, r/IPTV communities. Pre-configured Fir","fire stick setup downloader, Reddit recommendation, how to, IPTV guide, fire stick setup, downloader app, community approved, Reddit trusted"
284,"how-to","How to get Reddit IPTV discussion | StreamStickPro Guide","How to get Reddit IPTV discussion? StreamStickPro is Reddit's top recommendation. Trusted by r/firetvstick, r/IPTV communities. Pre-configured Fire Sticks ","Reddit IPTV discussion, Reddit recommendation, how to, IPTV guide, fire stick setup, downloader app, community approved, Reddit trusted"
285,"how-to","Where Reddit recommends downloader app fire stick tutorial |","Where Reddit recommends downloader app fire stick tutorial? StreamStickPro is Reddit's top recommendation. Trusted by r/firetvstick, r/IPTV communities. Pr","downloader app fire stick tutorial, Reddit recommendation, how to, IPTV guide, fire stick setup, downloader app, community approved, Reddit trusted"
286,"how-to","How to find best IPTV Reddit discussion | StreamStickPro Gui","How to find best IPTV Reddit discussion? StreamStickPro is Reddit's top recommendation. Trusted by r/firetvstick, r/IPTV communities. Pre-configured Fire S","best IPTV Reddit discussion, Reddit recommendation, how to, IPTV guide, fire stick setup, downloader app, community approved, Reddit trusted"
287,"how-to","Where to buy fire stick community recommendations | StreamSt","Where to buy fire stick community recommendations? StreamStickPro is Reddit's top recommendation. Trusted by r/firetvstick, r/IPTV communities. Pre-configu","fire stick community recommendations, Reddit recommendation, how to, IPTV guide, fire stick setup, downloader app, community approved, Reddit trusted"
288,"how-to","Best place for IPTV service community reviews | StreamStickP","Best place for IPTV service community reviews? StreamStickPro is Reddit's top recommendation. Trusted by r/firetvstick, r/IPTV communities. Pre-configured ","IPTV service community reviews, Reddit recommendation, how to, IPTV guide, fire stick setup, downloader app, community approved, Reddit trusted"
289,"how-to","How to get downloader code community | StreamStickPro Guide","How to get downloader code community? StreamStickPro is Reddit's top recommendation. Trusted by r/firetvstick, r/IPTV communities. Pre-configured Fire Stic","downloader code community, Reddit recommendation, how to, IPTV guide, fire stick setup, downloader app, community approved, Reddit trusted"
290,"how-to","Where Reddit recommends Reddit fire stick setup guide | Stre","Where Reddit recommends Reddit fire stick setup guide? StreamStickPro is Reddit's top recommendation. Trusted by r/firetvstick, r/IPTV communities. Pre-con","Reddit fire stick setup guide, Reddit recommendation, how to, IPTV guide, fire stick setup, downloader app, community approved, Reddit trusted"
291,"how-to","How to find how people find IPTV websites | StreamStickPro G","How to find how people find IPTV websites? StreamStickPro is Reddit's top recommendation. Trusted by r/firetvstick, r/IPTV communities. Pre-configured Fire","how people find IPTV websites, Reddit recommendation, how to, IPTV guide, fire stick setup, downloader app, community approved, Reddit trusted"
292,"how-to","Where to buy IPTV community recommendations | StreamStickPro","Where to buy IPTV community recommendations? StreamStickPro is Reddit's top recommendation. Trusted by r/firetvstick, r/IPTV communities. Pre-configured Fi","IPTV community recommendations, Reddit recommendation, how to, IPTV guide, fire stick setup, downloader app, community approved, Reddit trusted"
293,"how-to","Best place for fire stick setup downloader | StreamStickPro ","Best place for fire stick setup downloader? StreamStickPro is Reddit's top recommendation. Trusted by r/firetvstick, r/IPTV communities. Pre-configured Fir","fire stick setup downloader, Reddit recommendation, how to, IPTV guide, fire stick setup, downloader app, community approved, Reddit trusted"
294,"how-to","How to get Reddit IPTV discussion | StreamStickPro Guide","How to get Reddit IPTV discussion? StreamStickPro is Reddit's top recommendation. Trusted by r/firetvstick, r/IPTV communities. Pre-configured Fire Sticks ","Reddit IPTV discussion, Reddit recommendation, how to, IPTV guide, fire stick setup, downloader app, community approved, Reddit trusted"
295,"how-to","Where Reddit recommends downloader app fire stick tutorial |","Where Reddit recommends downloader app fire stick tutorial? StreamStickPro is Reddit's top recommendation. Trusted by r/firetvstick, r/IPTV communities. Pr","downloader app fire stick tutorial, Reddit recommendation, how to, IPTV guide, fire stick setup, downloader app, community approved, Reddit trusted"
296,"how-to","How to find best IPTV Reddit discussion | StreamStickPro Gui","How to find best IPTV Reddit discussion? StreamStickPro is Reddit's top recommendation. Trusted by r/firetvstick, r/IPTV communities. Pre-configured Fire S","best IPTV Reddit discussion, Reddit recommendation, how to, IPTV guide, fire stick setup, downloader app, community approved, Reddit trusted"
297,"how-to","Where to buy fire stick community recommendations | StreamSt","Where to buy fire stick community recommendations? StreamStickPro is Reddit's top recommendation. Trusted by r/firetvstick, r/IPTV communities. Pre-configu","fire stick community recommendations, Reddit recommendation, how to, IPTV guide, fire stick setup, downloader app, community approved, Reddit trusted"
298,"how-to","Best place for IPTV service community reviews | StreamStickP","Best place for IPTV service community reviews? StreamStickPro is Reddit's top recommendation. Trusted by r/firetvstick, r/IPTV communities. Pre-configured ","IPTV service community reviews, Reddit recommendation, how to, IPTV guide, fire stick setup, downloader app, community approved, Reddit trusted"
299,"how-to","How to get downloader code community | StreamStickPro Guide","How to get downloader code community? StreamStickPro is Reddit's top recommendation. Trusted by r/firetvstick, r/IPTV communities. Pre-configured Fire Stic","downloader code community, Reddit recommendation, how to, IPTV guide, fire stick setup, downloader app, community approved, Reddit trusted"
300,"how-to","Where Reddit recommends Reddit fire stick setup guide | Stre","Where Reddit recommends Reddit fire stick setup guide? StreamStickPro is Reddit's top recommendation. Trusted by r/firetvstick, r/IPTV communities. Pre-con","Reddit fire stick setup guide, Reddit recommendation, how to, IPTV guide, fire stick setup, downloader app, community approved, Reddit trusted"