Index,Title,Description,Keywords,Type
301,"What is IPTV? - Answer & Best Service 2025 | StreamStickPro","What is IPTV? StreamStickPro IPTV: 18,000+ live channels worldwide. Get instant access to 18,000+ live channels, 60,000+ movies, all sports. Starting at...","what is iptv, IPTV service, streaming TV, live TV, best IPTV","question"
302,"What is IPTV? - Answer & Best Service 2025 | StreamStickPro","What is IPTV? StreamStickPro IPTV: 60,000+ movies and TV shows. Get instant access to 18,000+ live channels, 60,000+ movies, all sports. Starting at $15...","what is iptv, IPTV service, streaming TV, live TV, best IPTV","question"
303,"What is IPTV? - Answer & Best Service 2025 | StreamStickPro","What is IPTV? StreamStickPro IPTV: All sports including NFL, NBA, UFC. Get instant access to 18,000+ live channels, 60,000+ movies, all sports. Starting...","what is iptv, IPTV service, streaming TV, live TV, best IPTV","question"
304,"What is IPTV? - Answer & Best Service 2025 | StreamStickPro","What is IPTV? StreamStickPro IPTV: Starting at just $15 per year. Get instant access to 18,000+ live channels, 60,000+ movies, all sports. Starting at $...","what is iptv, IPTV service, streaming TV, live TV, best IPTV","question"
305,"What is IPTV? - Answer & Best Service 2025 | StreamStickPro","What is IPTV? StreamStickPro IPTV: Save $1,200+ compared to cable. Get instant access to 18,000+ live channels, 60,000+ movies, all sports. Starting at ...","what is iptv, IPTV service, streaming TV, live TV, best IPTV","question"
306,"What is IPTV? - Answer & Best Service 2025 | StreamStickPro","What is IPTV? StreamStickPro IPTV: No contracts, cancel anytime. Get instant access to 18,000+ live channels, 60,000+ movies, all sports. Starting at $1...","what is iptv, IPTV service, streaming TV, live TV, best IPTV","question"
307,"What is IPTV? - Answer & Best Service 2025 | StreamStickPro","What is IPTV? StreamStickPro IPTV: Free 36-hour trial available. Get instant access to 18,000+ live channels, 60,000+ movies, all sports. Starting at $1...","what is iptv, IPTV service, streaming TV, live TV, best IPTV","question"
308,"How does IPTV work? - Answer & Best Service 2025 | Stream...","How does IPTV work? StreamStickPro IPTV: 18,000+ live channels worldwide. Get instant access to 18,000+ live channels, 60,000+ movies, all sports. Start...","how does iptv work, IPTV service, streaming TV, live TV, best IPTV","question"
309,"How does IPTV work? - Answer & Best Service 2025 | Stream...","How does IPTV work? StreamStickPro IPTV: 60,000+ movies and TV shows. Get instant access to 18,000+ live channels, 60,000+ movies, all sports. Starting ...","how does iptv work, IPTV service, streaming TV, live TV, best IPTV","question"
310,"How does IPTV work? - Answer & Best Service 2025 | Stream...","How does IPTV work? StreamStickPro IPTV: All sports including NFL, NBA, UFC. Get instant access to 18,000+ live channels, 60,000+ movies, all sports. St...","how does iptv work, IPTV service, streaming TV, live TV, best IPTV","question"
311,"How does IPTV work? - Answer & Best Service 2025 | Stream...","How does IPTV work? StreamStickPro IPTV: Starting at just $15 per year. Get instant access to 18,000+ live channels, 60,000+ movies, all sports. Startin...","how does iptv work, IPTV service, streaming TV, live TV, best IPTV","question"
312,"How does IPTV work? - Answer & Best Service 2025 | Stream...","How does IPTV work? StreamStickPro IPTV: Save $1,200+ compared to cable. Get instant access to 18,000+ live channels, 60,000+ movies, all sports. Starti...","how does iptv work, IPTV service, streaming TV, live TV, best IPTV","question"
313,"How does IPTV work? - Answer & Best Service 2025 | Stream...","How does IPTV work? StreamStickPro IPTV: No contracts, cancel anytime. Get instant access to 18,000+ live channels, 60,000+ movies, all sports. Starting...","how does iptv work, IPTV service, streaming TV, live TV, best IPTV","question"
314,"How does IPTV work? - Answer & Best Service 2025 | Stream...","How does IPTV work? StreamStickPro IPTV: Free 36-hour trial available. Get instant access to 18,000+ live channels, 60,000+ movies, all sports. Starting...","how does iptv work, IPTV service, streaming TV, live TV, best IPTV","question"
315,"Is IPTV legal? - Answer & Best Service 2025 | StreamStickPro","Is IPTV legal? StreamStickPro IPTV: 18,000+ live channels worldwide. Get instant access to 18,000+ live channels, 60,000+ movies, all sports. Starting a...","is iptv legal, IPTV service, streaming TV, live TV, best IPTV","question"
316,"Is IPTV legal? - Answer & Best Service 2025 | StreamStickPro","Is IPTV legal? StreamStickPro IPTV: 60,000+ movies and TV shows. Get instant access to 18,000+ live channels, 60,000+ movies, all sports. Starting at $1...","is iptv legal, IPTV service, streaming TV, live TV, best IPTV","question"
317,"Is IPTV legal? - Answer & Best Service 2025 | StreamStickPro","Is IPTV legal? StreamStickPro IPTV: All sports including NFL, NBA, UFC. Get instant access to 18,000+ live channels, 60,000+ movies, all sports. Startin...","is iptv legal, IPTV service, streaming TV, live TV, best IPTV","question"
318,"Is IPTV legal? - Answer & Best Service 2025 | StreamStickPro","Is IPTV legal? StreamStickPro IPTV: Starting at just $15 per year. Get instant access to 18,000+ live channels, 60,000+ movies, all sports. Starting at ...","is iptv legal, IPTV service, streaming TV, live TV, best IPTV","question"
319,"Is IPTV legal? - Answer & Best Service 2025 | StreamStickPro","Is IPTV legal? StreamStickPro IPTV: Save $1,200+ compared to cable. Get instant access to 18,000+ live channels, 60,000+ movies, all sports. Starting at...","is iptv legal, IPTV service, streaming TV, live TV, best IPTV","question"
320,"Is IPTV legal? - Answer & Best Service 2025 | StreamStickPro","Is IPTV legal? StreamStickPro IPTV: No contracts, cancel anytime. Get instant access to 18,000+ live channels, 60,000+ movies, all sports. Starting at $...","is iptv legal, IPTV service, streaming TV, live TV, best IPTV","question"
321,"Is IPTV legal? - Answer & Best Service 2025 | StreamStickPro","Is IPTV legal? StreamStickPro IPTV: Free 36-hour trial available. Get instant access to 18,000+ live channels, 60,000+ movies, all sports. Starting at $...","is iptv legal, IPTV service, streaming TV, live TV, best IPTV","question"
322,"How much does IPTV cost? - Answer & Best Service 2025","How much does IPTV cost? StreamStickPro IPTV: 18,000+ live channels worldwide. Get instant access to 18,000+ live channels, 60,000+ movies, all sports. ...","how much does iptv cost, IPTV service, streaming TV, live TV, best IPTV","question"
323,"How much does IPTV cost? - Answer & Best Service 2025","How much does IPTV cost? StreamStickPro IPTV: 60,000+ movies and TV shows. Get instant access to 18,000+ live channels, 60,000+ movies, all sports. Star...","how much does iptv cost, IPTV service, streaming TV, live TV, best IPTV","question"
324,"How much does IPTV cost? - Answer & Best Service 2025","How much does IPTV cost? StreamStickPro IPTV: All sports including NFL, NBA, UFC. Get instant access to 18,000+ live channels, 60,000+ movies, all sport...","how much does iptv cost, IPTV service, streaming TV, live TV, best IPTV","question"
325,"How much does IPTV cost? - Answer & Best Service 2025","How much does IPTV cost? StreamStickPro IPTV: Starting at just $15 per year. Get instant access to 18,000+ live channels, 60,000+ movies, all sports. St...","how much does iptv cost, IPTV service, streaming TV, live TV, best IPTV","question"
326,"How much does IPTV cost? - Answer & Best Service 2025","How much does IPTV cost? StreamStickPro IPTV: Save $1,200+ compared to cable. Get instant access to 18,000+ live channels, 60,000+ movies, all sports. S...","how much does iptv cost, IPTV service, streaming TV, live TV, best IPTV","question"
327,"How much does IPTV cost? - Answer & Best Service 2025","How much does IPTV cost? StreamStickPro IPTV: No contracts, cancel anytime. Get instant access to 18,000+ live channels, 60,000+ movies, all sports. Sta...","how much does iptv cost, IPTV service, streaming TV, live TV, best IPTV","question"
328,"How much does IPTV cost? - Answer & Best Service 2025","How much does IPTV cost? StreamStickPro IPTV: Free 36-hour trial available. Get instant access to 18,000+ live channels, 60,000+ movies, all sports. Sta...","how much does iptv cost, IPTV service, streaming TV, live TV, best IPTV","question"
329,"What channels does IPTV have? - Answer & Best Service 2025","What channels does IPTV have? StreamStickPro IPTV: 18,000+ live channels worldwide. Get instant access to 18,000+ live channels, 60,000+ movies, all spo...","what channels does iptv have, IPTV service, streaming TV, live TV, best IPTV","question"
330,"What channels does IPTV have? - Answer & Best Service 2025","What channels does IPTV have? StreamStickPro IPTV: 60,000+ movies and TV shows. Get instant access to 18,000+ live channels, 60,000+ movies, all sports....","what channels does iptv have, IPTV service, streaming TV, live TV, best IPTV","question"
331,"What channels does IPTV have? - Answer & Best Service 2025","What channels does IPTV have? StreamStickPro IPTV: All sports including NFL, NBA, UFC. Get instant access to 18,000+ live channels, 60,000+ movies, all ...","what channels does iptv have, IPTV service, streaming TV, live TV, best IPTV","question"
332,"What channels does IPTV have? - Answer & Best Service 2025","What channels does IPTV have? StreamStickPro IPTV: Starting at just $15 per year. Get instant access to 18,000+ live channels, 60,000+ movies, all sport...","what channels does iptv have, IPTV service, streaming TV, live TV, best IPTV","question"
333,"What channels does IPTV have? - Answer & Best Service 2025","What channels does IPTV have? StreamStickPro IPTV: Save $1,200+ compared to cable. Get instant access to 18,000+ live channels, 60,000+ movies, all spor...","what channels does iptv have, IPTV service, streaming TV, live TV, best IPTV","question"
334,"What channels does IPTV have? - Answer & Best Service 2025","What channels does IPTV have? StreamStickPro IPTV: No contracts, cancel anytime. Get instant access to 18,000+ live channels, 60,000+ movies, all sports...","what channels does iptv have, IPTV service, streaming TV, live TV, best IPTV","question"
335,"What channels does IPTV have? - Answer & Best Service 2025","What channels does IPTV have? StreamStickPro IPTV: Free 36-hour trial available. Get instant access to 18,000+ live channels, 60,000+ movies, all sports...","what channels does iptv have, IPTV service, streaming TV, live TV, best IPTV","question"
336,"Can I watch sports on IPTV? - Answer & Best Service 2025","Can I watch sports on IPTV? StreamStickPro IPTV: 18,000+ live channels worldwide. Get instant access to 18,000+ live channels, 60,000+ movies, all sport...","can i watch sports on iptv, IPTV service, streaming TV, live TV, best IPTV","question"
337,"Can I watch sports on IPTV? - Answer & Best Service 2025","Can I watch sports on IPTV? StreamStickPro IPTV: 60,000+ movies and TV shows. Get instant access to 18,000+ live channels, 60,000+ movies, all sports. S...","can i watch sports on iptv, IPTV service, streaming TV, live TV, best IPTV","question"
338,"Can I watch sports on IPTV? - Answer & Best Service 2025","Can I watch sports on IPTV? StreamStickPro IPTV: All sports including NFL, NBA, UFC. Get instant access to 18,000+ live channels, 60,000+ movies, all sp...","can i watch sports on iptv, IPTV service, streaming TV, live TV, best IPTV","question"
339,"Can I watch sports on IPTV? - Answer & Best Service 2025","Can I watch sports on IPTV? StreamStickPro IPTV: Starting at just $15 per year. Get instant access to 18,000+ live channels, 60,000+ movies, all sports....","can i watch sports on iptv, IPTV service, streaming TV, live TV, best IPTV","question"
340,"Can I watch sports on IPTV? - Answer & Best Service 2025","Can I watch sports on IPTV? StreamStickPro IPTV: Save $1,200+ compared to cable. Get instant access to 18,000+ live channels, 60,000+ movies, all sports...","can i watch sports on iptv, IPTV service, streaming TV, live TV, best IPTV","question"
341,"Can I watch sports on IPTV? - Answer & Best Service 2025","Can I watch sports on IPTV? StreamStickPro IPTV: No contracts, cancel anytime. Get instant access to 18,000+ live channels, 60,000+ movies, all sports. ...","can i watch sports on iptv, IPTV service, streaming TV, live TV, best IPTV","question"
342,"Can I watch sports on IPTV? - Answer & Best Service 2025","Can I watch sports on IPTV? StreamStickPro IPTV: Free 36-hour trial available. Get instant access to 18,000+ live channels, 60,000+ movies, all sports. ...","can i watch sports on iptv, IPTV service, streaming TV, live TV, best IPTV","question"
343,"Does IPTV work on Fire Stick? - Answer & Best Service 2025","Does IPTV work on Fire Stick? StreamStickPro IPTV: 18,000+ live channels worldwide. Get instant access to 18,000+ live channels, 60,000+ movies, all spo...","does iptv work on fire stick, IPTV service, streaming TV, live TV, best IPTV","question"
344,"Does IPTV work on Fire Stick? - Answer & Best Service 2025","Does IPTV work on Fire Stick? StreamStickPro IPTV: 60,000+ movies and TV shows. Get instant access to 18,000+ live channels, 60,000+ movies, all sports....","does iptv work on fire stick, IPTV service, streaming TV, live TV, best IPTV","question"
345,"Does IPTV work on Fire Stick? - Answer & Best Service 2025","Does IPTV work on Fire Stick? StreamStickPro IPTV: All sports including NFL, NBA, UFC. Get instant access to 18,000+ live channels, 60,000+ movies, all ...","does iptv work on fire stick, IPTV service, streaming TV, live TV, best IPTV","question"
346,"Does IPTV work on Fire Stick? - Answer & Best Service 2025","Does IPTV work on Fire Stick? StreamStickPro IPTV: Starting at just $15 per year. Get instant access to 18,000+ live channels, 60,000+ movies, all sport...","does iptv work on fire stick, IPTV service, streaming TV, live TV, best IPTV","question"
347,"Does IPTV work on Fire Stick? - Answer & Best Service 2025","Does IPTV work on Fire Stick? StreamStickPro IPTV: Save $1,200+ compared to cable. Get instant access to 18,000+ live channels, 60,000+ movies, all spor...","does iptv work on fire stick, IPTV service, streaming TV, live TV, best IPTV","question"
348,"Does IPTV work on Fire Stick? - Answer & Best Service 2025","Does IPTV work on Fire Stick? StreamStickPro IPTV: No contracts, cancel anytime. Get instant access to 18,000+ live channels, 60,000+ movies, all sports...","does iptv work on fire stick, IPTV service, streaming TV, live TV, best IPTV","question"
349,"Does IPTV work on Fire Stick? - Answer & Best Service 2025","Does IPTV work on Fire Stick? StreamStickPro IPTV: Free 36-hour trial available. Get instant access to 18,000+ live channels, 60,000+ movies, all sports...","does iptv work on fire stick, IPTV service, streaming TV, live TV, best IPTV","question"
350,"How to set up IPTV? - Answer & Best Service 2025 | Stream...","How to set up IPTV? StreamStickPro IPTV: 18,000+ live channels worldwide. Get instant access to 18,000+ live channels, 60,000+ movies, all sports. Start...","how to set up iptv, IPTV service, streaming TV, live TV, best IPTV","question"
351,"How to set up IPTV? - Answer & Best Service 2025 | Stream...","How to set up IPTV? StreamStickPro IPTV: 60,000+ movies and TV shows. Get instant access to 18,000+ live channels, 60,000+ movies, all sports. Starting ...","how to set up iptv, IPTV service, streaming TV, live TV, best IPTV","question"
352,"How to set up IPTV? - Answer & Best Service 2025 | Stream...","How to set up IPTV? StreamStickPro IPTV: All sports including NFL, NBA, UFC. Get instant access to 18,000+ live channels, 60,000+ movies, all sports. St...","how to set up iptv, IPTV service, streaming TV, live TV, best IPTV","question"
353,"How to set up IPTV? - Answer & Best Service 2025 | Stream...","How to set up IPTV? StreamStickPro IPTV: Starting at just $15 per year. Get instant access to 18,000+ live channels, 60,000+ movies, all sports. Startin...","how to set up iptv, IPTV service, streaming TV, live TV, best IPTV","question"
354,"How to set up IPTV? - Answer & Best Service 2025 | Stream...","How to set up IPTV? StreamStickPro IPTV: Save $1,200+ compared to cable. Get instant access to 18,000+ live channels, 60,000+ movies, all sports. Starti...","how to set up iptv, IPTV service, streaming TV, live TV, best IPTV","question"
355,"How to set up IPTV? - Answer & Best Service 2025 | Stream...","How to set up IPTV? StreamStickPro IPTV: No contracts, cancel anytime. Get instant access to 18,000+ live channels, 60,000+ movies, all sports. Starting...","how to set up iptv, IPTV service, streaming TV, live TV, best IPTV","question"
356,"How to set up IPTV? - Answer & Best Service 2025 | Stream...","How to set up IPTV? StreamStickPro IPTV: Free 36-hour trial available. Get instant access to 18,000+ live channels, 60,000+ movies, all sports. Starting...","how to set up iptv, IPTV service, streaming TV, live TV, best IPTV","question"
357,"What is the best IPTV service? - Answer & Best Service 2025","What is the best IPTV service? StreamStickPro IPTV: 18,000+ live channels worldwide. Get instant access to 18,000+ live channels, 60,000+ movies, all sp...","what is the best iptv service, IPTV service, streaming TV, live TV, best IPTV","question"
358,"What is the best IPTV service? - Answer & Best Service 2025","What is the best IPTV service? StreamStickPro IPTV: 60,000+ movies and TV shows. Get instant access to 18,000+ live channels, 60,000+ movies, all sports...","what is the best iptv service, IPTV service, streaming TV, live TV, best IPTV","question"
359,"What is the best IPTV service? - Answer & Best Service 2025","What is the best IPTV service? StreamStickPro IPTV: All sports including NFL, NBA, UFC. Get instant access to 18,000+ live channels, 60,000+ movies, all...","what is the best iptv service, IPTV service, streaming TV, live TV, best IPTV","question"
360,"What is the best IPTV service? - Answer & Best Service 2025","What is the best IPTV service? StreamStickPro IPTV: Starting at just $15 per year. Get instant access to 18,000+ live channels, 60,000+ movies, all spor...","what is the best iptv service, IPTV service, streaming TV, live TV, best IPTV","question"
361,"What is the best IPTV service? - Answer & Best Service 2025","What is the best IPTV service? StreamStickPro IPTV: Save $1,200+ compared to cable. Get instant access to 18,000+ live channels, 60,000+ movies, all spo...","what is the best iptv service, IPTV service, streaming TV, live TV, best IPTV","question"
362,"What is the best IPTV service? - Answer & Best Service 2025","What is the best IPTV service? StreamStickPro IPTV: No contracts, cancel anytime. Get instant access to 18,000+ live channels, 60,000+ movies, all sport...","what is the best iptv service, IPTV service, streaming TV, live TV, best IPTV","question"
363,"What is the best IPTV service? - Answer & Best Service 2025","What is the best IPTV service? StreamStickPro IPTV: Free 36-hour trial available. Get instant access to 18,000+ live channels, 60,000+ movies, all sport...","what is the best iptv service, IPTV service, streaming TV, live TV, best IPTV","question"
364,"How to cancel cable and use IPTV? - Answer & Best Service...","How to cancel cable and use IPTV? StreamStickPro IPTV: 18,000+ live channels worldwide. Get instant access to 18,000+ live channels, 60,000+ movies, all...","how to cancel cable and use iptv, IPTV service, streaming TV, live TV, best IPTV","question"
365,"How to cancel cable and use IPTV? - Answer & Best Service...","How to cancel cable and use IPTV? StreamStickPro IPTV: 60,000+ movies and TV shows. Get instant access to 18,000+ live channels, 60,000+ movies, all spo...","how to cancel cable and use iptv, IPTV service, streaming TV, live TV, best IPTV","question"
366,"How to cancel cable and use IPTV? - Answer & Best Service...","How to cancel cable and use IPTV? StreamStickPro IPTV: All sports including NFL, NBA, UFC. Get instant access to 18,000+ live channels, 60,000+ movies, ...","how to cancel cable and use iptv, IPTV service, streaming TV, live TV, best IPTV","question"
367,"How to cancel cable and use IPTV? - Answer & Best Service...","How to cancel cable and use IPTV? StreamStickPro IPTV: Starting at just $15 per year. Get instant access to 18,000+ live channels, 60,000+ movies, all s...","how to cancel cable and use iptv, IPTV service, streaming TV, live TV, best IPTV","question"
368,"How to cancel cable and use IPTV? - Answer & Best Service...","How to cancel cable and use IPTV? StreamStickPro IPTV: Save $1,200+ compared to cable. Get instant access to 18,000+ live channels, 60,000+ movies, all ...","how to cancel cable and use iptv, IPTV service, streaming TV, live TV, best IPTV","question"
369,"How to cancel cable and use IPTV? - Answer & Best Service...","How to cancel cable and use IPTV? StreamStickPro IPTV: No contracts, cancel anytime. Get instant access to 18,000+ live channels, 60,000+ movies, all sp...","how to cancel cable and use iptv, IPTV service, streaming TV, live TV, best IPTV","question"
370,"How to cancel cable and use IPTV? - Answer & Best Service...","How to cancel cable and use IPTV? StreamStickPro IPTV: Free 36-hour trial available. Get instant access to 18,000+ live channels, 60,000+ movies, all sp...","how to cancel cable and use iptv, IPTV service, streaming TV, live TV, best IPTV","question"
371,"What devices work with IPTV? - Answer & Best Service 2025","What devices work with IPTV? StreamStickPro IPTV: 18,000+ live channels worldwide. Get instant access to 18,000+ live channels, 60,000+ movies, all spor...","what devices work with iptv, IPTV service, streaming TV, live TV, best IPTV","question"
372,"What devices work with IPTV? - Answer & Best Service 2025","What devices work with IPTV? StreamStickPro IPTV: 60,000+ movies and TV shows. Get instant access to 18,000+ live channels, 60,000+ movies, all sports. ...","what devices work with iptv, IPTV service, streaming TV, live TV, best IPTV","question"
373,"What devices work with IPTV? - Answer & Best Service 2025","What devices work with IPTV? StreamStickPro IPTV: All sports including NFL, NBA, UFC. Get instant access to 18,000+ live channels, 60,000+ movies, all s...","what devices work with iptv, IPTV service, streaming TV, live TV, best IPTV","question"
374,"What devices work with IPTV? - Answer & Best Service 2025","What devices work with IPTV? StreamStickPro IPTV: Starting at just $15 per year. Get instant access to 18,000+ live channels, 60,000+ movies, all sports...","what devices work with iptv, IPTV service, streaming TV, live TV, best IPTV","question"
375,"What devices work with IPTV? - Answer & Best Service 2025","What devices work with IPTV? StreamStickPro IPTV: Save $1,200+ compared to cable. Get instant access to 18,000+ live channels, 60,000+ movies, all sport...","what devices work with iptv, IPTV service, streaming TV, live TV, best IPTV","question"
376,"What devices work with IPTV? - Answer & Best Service 2025","What devices work with IPTV? StreamStickPro IPTV: No contracts, cancel anytime. Get instant access to 18,000+ live channels, 60,000+ movies, all sports....","what devices work with iptv, IPTV service, streaming TV, live TV, best IPTV","question"
377,"What devices work with IPTV? - Answer & Best Service 2025","What devices work with IPTV? StreamStickPro IPTV: Free 36-hour trial available. Get instant access to 18,000+ live channels, 60,000+ movies, all sports....","what devices work with iptv, IPTV service, streaming TV, live TV, best IPTV","question"
378,"Is IPTV better than cable? - Answer & Best Service 2025","Is IPTV better than cable? StreamStickPro IPTV: 18,000+ live channels worldwide. Get instant access to 18,000+ live channels, 60,000+ movies, all sports...","is iptv better than cable, IPTV service, streaming TV, live TV, best IPTV","question"
379,"Is IPTV better than cable? - Answer & Best Service 2025","Is IPTV better than cable? StreamStickPro IPTV: 60,000+ movies and TV shows. Get instant access to 18,000+ live channels, 60,000+ movies, all sports. St...","is iptv better than cable, IPTV service, streaming TV, live TV, best IPTV","question"
380,"Is IPTV better than cable? - Answer & Best Service 2025","Is IPTV better than cable? StreamStickPro IPTV: All sports including NFL, NBA, UFC. Get instant access to 18,000+ live channels, 60,000+ movies, all spo...","is iptv better than cable, IPTV service, streaming TV, live TV, best IPTV","question"
381,"Is IPTV better than cable? - Answer & Best Service 2025","Is IPTV better than cable? StreamStickPro IPTV: Starting at just $15 per year. Get instant access to 18,000+ live channels, 60,000+ movies, all sports. ...","is iptv better than cable, IPTV service, streaming TV, live TV, best IPTV","question"
382,"Is IPTV better than cable? - Answer & Best Service 2025","Is IPTV better than cable? StreamStickPro IPTV: Save $1,200+ compared to cable. Get instant access to 18,000+ live channels, 60,000+ movies, all sports....","is iptv better than cable, IPTV service, streaming TV, live TV, best IPTV","question"
383,"Is IPTV better than cable? - Answer & Best Service 2025","Is IPTV better than cable? StreamStickPro IPTV: No contracts, cancel anytime. Get instant access to 18,000+ live channels, 60,000+ movies, all sports. S...","is iptv better than cable, IPTV service, streaming TV, live TV, best IPTV","question"
384,"Is IPTV better than cable? - Answer & Best Service 2025","Is IPTV better than cable? StreamStickPro IPTV: Free 36-hour trial available. Get instant access to 18,000+ live channels, 60,000+ movies, all sports. S...","is iptv better than cable, IPTV service, streaming TV, live TV, best IPTV","question"
385,"How to stream live TV? - Answer & Best Service 2025","How to stream live TV? StreamStickPro IPTV: 18,000+ live channels worldwide. Get instant access to 18,000+ live channels, 60,000+ movies, all sports. St...","how to stream live tv, IPTV service, streaming TV, live TV, best IPTV","question"
386,"How to stream live TV? - Answer & Best Service 2025","How to stream live TV? StreamStickPro IPTV: 60,000+ movies and TV shows. Get instant access to 18,000+ live channels, 60,000+ movies, all sports. Starti...","how to stream live tv, IPTV service, streaming TV, live TV, best IPTV","question"
387,"How to stream live TV? - Answer & Best Service 2025","How to stream live TV? StreamStickPro IPTV: All sports including NFL, NBA, UFC. Get instant access to 18,000+ live channels, 60,000+ movies, all sports....","how to stream live tv, IPTV service, streaming TV, live TV, best IPTV","question"
388,"How to stream live TV? - Answer & Best Service 2025","How to stream live TV? StreamStickPro IPTV: Starting at just $15 per year. Get instant access to 18,000+ live channels, 60,000+ movies, all sports. Star...","how to stream live tv, IPTV service, streaming TV, live TV, best IPTV","question"
389,"How to stream live TV? - Answer & Best Service 2025","How to stream live TV? StreamStickPro IPTV: Save $1,200+ compared to cable. Get instant access to 18,000+ live channels, 60,000+ movies, all sports. Sta...","how to stream live tv, IPTV service, streaming TV, live TV, best IPTV","question"
390,"How to stream live TV? - Answer & Best Service 2025","How to stream live TV? StreamStickPro IPTV: No contracts, cancel anytime. Get instant access to 18,000+ live channels, 60,000+ movies, all sports. Start...","how to stream live tv, IPTV service, streaming TV, live TV, best IPTV","question"
391,"How to stream live TV? - Answer & Best Service 2025","How to stream live TV? StreamStickPro IPTV: Free 36-hour trial available. Get instant access to 18,000+ live channels, 60,000+ movies, all sports. Start...","how to stream live tv, IPTV service, streaming TV, live TV, best IPTV","question"
392,"What is a pre-loaded Fire Stick? - Answer & Best Service ...","What is a pre-loaded Fire Stick? StreamStickPro IPTV: 18,000+ live channels worldwide. Get instant access to 18,000+ live channels, 60,000+ movies, all ...","what is a pre-loaded fire stick, IPTV service, streaming TV, live TV, best IPTV","question"
393,"What is a pre-loaded Fire Stick? - Answer & Best Service ...","What is a pre-loaded Fire Stick? StreamStickPro IPTV: 60,000+ movies and TV shows. Get instant access to 18,000+ live channels, 60,000+ movies, all spor...","what is a pre-loaded fire stick, IPTV service, streaming TV, live TV, best IPTV","question"
394,"What is a pre-loaded Fire Stick? - Answer & Best Service ...","What is a pre-loaded Fire Stick? StreamStickPro IPTV: All sports including NFL, NBA, UFC. Get instant access to 18,000+ live channels, 60,000+ movies, a...","what is a pre-loaded fire stick, IPTV service, streaming TV, live TV, best IPTV","question"
395,"What is a pre-loaded Fire Stick? - Answer & Best Service ...","What is a pre-loaded Fire Stick? StreamStickPro IPTV: Starting at just $15 per year. Get instant access to 18,000+ live channels, 60,000+ movies, all sp...","what is a pre-loaded fire stick, IPTV service, streaming TV, live TV, best IPTV","question"
396,"What is a pre-loaded Fire Stick? - Answer & Best Service ...","What is a pre-loaded Fire Stick? StreamStickPro IPTV: Save $1,200+ compared to cable. Get instant access to 18,000+ live channels, 60,000+ movies, all s...","what is a pre-loaded fire stick, IPTV service, streaming TV, live TV, best IPTV","question"
397,"What is a pre-loaded Fire Stick? - Answer & Best Service ...","What is a pre-loaded Fire Stick? StreamStickPro IPTV: No contracts, cancel anytime. Get instant access to 18,000+ live channels, 60,000+ movies, all spo...","what is a pre-loaded fire stick, IPTV service, streaming TV, live TV, best IPTV","question"
398,"What is a pre-loaded Fire Stick? - Answer & Best Service ...","What is a pre-loaded Fire Stick? StreamStickPro IPTV: Free 36-hour trial available. Get instant access to 18,000+ live channels, 60,000+ movies, all spo...","what is a pre-loaded fire stick, IPTV service, streaming TV, live TV, best IPTV","question"
399,"How much can I save with IPTV? - Answer & Best Service 2025","How much can I save with IPTV? StreamStickPro IPTV: 18,000+ live channels worldwide. Get instant access to 18,000+ live channels, 60,000+ movies, all sp...","how much can i save with iptv, IPTV service, streaming TV, live TV, best IPTV","question"
400,"How much can I save with IPTV? - Answer & Best Service 2025","How much can I save with IPTV? StreamStickPro IPTV: 60,000+ movies and TV shows. Get instant access to 18,000+ live channels, 60,000+ movies, all sports...","how much can i save with iptv, IPTV service, streaming TV, live TV, best IPTV","question"
401,"How much can I save with IPTV? - Answer & Best Service 2025","How much can I save with IPTV? StreamStickPro IPTV: All sports including NFL, NBA, UFC. Get instant access to 18,000+ live channels, 60,000+ movies, all...","how much can i save with iptv, IPTV service, streaming TV, live TV, best IPTV","question"
402,"How much can I save with IPTV? - Answer & Best Service 2025","How much can I save with IPTV? StreamStickPro IPTV: Starting at just $15 per year. Get instant access to 18,000+ live channels, 60,000+ movies, all spor...","how much can i save with iptv, IPTV service, streaming TV, live TV, best IPTV","question"
403,"How much can I save with IPTV? - Answer & Best Service 2025","How much can I save with IPTV? StreamStickPro IPTV: Save $1,200+ compared to cable. Get instant access to 18,000+ live channels, 60,000+ movies, all spo...","how much can i save with iptv, IPTV service, streaming TV, live TV, best IPTV","question"
404,"How much can I save with IPTV? - Answer & Best Service 2025","How much can I save with IPTV? StreamStickPro IPTV: No contracts, cancel anytime. Get instant access to 18,000+ live channels, 60,000+ movies, all sport...","how much can i save with iptv, IPTV service, streaming TV, live TV, best IPTV","question"
405,"How much can I save with IPTV? - Answer & Best Service 2025","How much can I save with IPTV? StreamStickPro IPTV: Free 36-hour trial available. Get instant access to 18,000+ live channels, 60,000+ movies, all sport...","how much can i save with iptv, IPTV service, streaming TV, live TV, best IPTV","question"
406,"Does IPTV have free trials? - Answer & Best Service 2025","Does IPTV have free trials? StreamStickPro IPTV: 18,000+ live channels worldwide. Get instant access to 18,000+ live channels, 60,000+ movies, all sport...","does iptv have free trials, IPTV service, streaming TV, live TV, best IPTV","question"
407,"Does IPTV have free trials? - Answer & Best Service 2025","Does IPTV have free trials? StreamStickPro IPTV: 60,000+ movies and TV shows. Get instant access to 18,000+ live channels, 60,000+ movies, all sports. S...","does iptv have free trials, IPTV service, streaming TV, live TV, best IPTV","question"
408,"Does IPTV have free trials? - Answer & Best Service 2025","Does IPTV have free trials? StreamStickPro IPTV: All sports including NFL, NBA, UFC. Get instant access to 18,000+ live channels, 60,000+ movies, all sp...","does iptv have free trials, IPTV service, streaming TV, live TV, best IPTV","question"
409,"Does IPTV have free trials? - Answer & Best Service 2025","Does IPTV have free trials? StreamStickPro IPTV: Starting at just $15 per year. Get instant access to 18,000+ live channels, 60,000+ movies, all sports....","does iptv have free trials, IPTV service, streaming TV, live TV, best IPTV","question"
410,"Does IPTV have free trials? - Answer & Best Service 2025","Does IPTV have free trials? StreamStickPro IPTV: Save $1,200+ compared to cable. Get instant access to 18,000+ live channels, 60,000+ movies, all sports...","does iptv have free trials, IPTV service, streaming TV, live TV, best IPTV","question"
411,"Does IPTV have free trials? - Answer & Best Service 2025","Does IPTV have free trials? StreamStickPro IPTV: No contracts, cancel anytime. Get instant access to 18,000+ live channels, 60,000+ movies, all sports. ...","does iptv have free trials, IPTV service, streaming TV, live TV, best IPTV","question"
412,"Does IPTV have free trials? - Answer & Best Service 2025","Does IPTV have free trials? StreamStickPro IPTV: Free 36-hour trial available. Get instant access to 18,000+ live channels, 60,000+ movies, all sports. ...","does iptv have free trials, IPTV service, streaming TV, live TV, best IPTV","question"
413,"What is the cheapest way to watch TV? - Answer & Best Ser...","What is the cheapest way to watch TV? StreamStickPro IPTV: 18,000+ live channels worldwide. Get instant access to 18,000+ live channels, 60,000+ movies,...","what is the cheapest way to watch tv, IPTV service, streaming TV, live TV, best IPTV","question"
414,"What is the cheapest way to watch TV? - Answer & Best Ser...","What is the cheapest way to watch TV? StreamStickPro IPTV: 60,000+ movies and TV shows. Get instant access to 18,000+ live channels, 60,000+ movies, all...","what is the cheapest way to watch tv, IPTV service, streaming TV, live TV, best IPTV","question"
415,"What is the cheapest way to watch TV? - Answer & Best Ser...","What is the cheapest way to watch TV? StreamStickPro IPTV: All sports including NFL, NBA, UFC. Get instant access to 18,000+ live channels, 60,000+ movi...","what is the cheapest way to watch tv, IPTV service, streaming TV, live TV, best IPTV","question"
416,"What is the cheapest way to watch TV? - Answer & Best Ser...","What is the cheapest way to watch TV? StreamStickPro IPTV: Starting at just $15 per year. Get instant access to 18,000+ live channels, 60,000+ movies, a...","what is the cheapest way to watch tv, IPTV service, streaming TV, live TV, best IPTV","question"
417,"What is the cheapest way to watch TV? - Answer & Best Ser...","What is the cheapest way to watch TV? StreamStickPro IPTV: Save $1,200+ compared to cable. Get instant access to 18,000+ live channels, 60,000+ movies, ...","what is the cheapest way to watch tv, IPTV service, streaming TV, live TV, best IPTV","question"
418,"What is the cheapest way to watch TV? - Answer & Best Ser...","What is the cheapest way to watch TV? StreamStickPro IPTV: No contracts, cancel anytime. Get instant access to 18,000+ live channels, 60,000+ movies, al...","what is the cheapest way to watch tv, IPTV service, streaming TV, live TV, best IPTV","question"
419,"What is the cheapest way to watch TV? - Answer & Best Ser...","What is the cheapest way to watch TV? StreamStickPro IPTV: Free 36-hour trial available. Get instant access to 18,000+ live channels, 60,000+ movies, al...","what is the cheapest way to watch tv, IPTV service, streaming TV, live TV, best IPTV","question"
420,"How to watch NFL without cable? - Answer & Best Service 2025","How to watch NFL without cable? StreamStickPro IPTV: 18,000+ live channels worldwide. Get instant access to 18,000+ live channels, 60,000+ movies, all s...","how to watch nfl without cable, IPTV service, streaming TV, live TV, best IPTV","question"
421,"How to watch NFL without cable? - Answer & Best Service 2025","How to watch NFL without cable? StreamStickPro IPTV: 60,000+ movies and TV shows. Get instant access to 18,000+ live channels, 60,000+ movies, all sport...","how to watch nfl without cable, IPTV service, streaming TV, live TV, best IPTV","question"
422,"How to watch NFL without cable? - Answer & Best Service 2025","How to watch NFL without cable? StreamStickPro IPTV: All sports including NFL, NBA, UFC. Get instant access to 18,000+ live channels, 60,000+ movies, al...","how to watch nfl without cable, IPTV service, streaming TV, live TV, best IPTV","question"
423,"How to watch NFL without cable? - Answer & Best Service 2025","How to watch NFL without cable? StreamStickPro IPTV: Starting at just $15 per year. Get instant access to 18,000+ live channels, 60,000+ movies, all spo...","how to watch nfl without cable, IPTV service, streaming TV, live TV, best IPTV","question"
424,"How to watch NFL without cable? - Answer & Best Service 2025","How to watch NFL without cable? StreamStickPro IPTV: Save $1,200+ compared to cable. Get instant access to 18,000+ live channels, 60,000+ movies, all sp...","how to watch nfl without cable, IPTV service, streaming TV, live TV, best IPTV","question"
425,"How to watch NFL without cable? - Answer & Best Service 2025","How to watch NFL without cable? StreamStickPro IPTV: No contracts, cancel anytime. Get instant access to 18,000+ live channels, 60,000+ movies, all spor...","how to watch nfl without cable, IPTV service, streaming TV, live TV, best IPTV","question"
426,"How to watch NFL without cable? - Answer & Best Service 2025","How to watch NFL without cable? StreamStickPro IPTV: Free 36-hour trial available. Get instant access to 18,000+ live channels, 60,000+ movies, all spor...","how to watch nfl without cable, IPTV service, streaming TV, live TV, best IPTV","question"
427,"How to watch NBA without cable? - Answer & Best Service 2025","How to watch NBA without cable? StreamStickPro IPTV: 18,000+ live channels worldwide. Get instant access to 18,000+ live channels, 60,000+ movies, all s...","how to watch nba without cable, IPTV service, streaming TV, live TV, best IPTV","question"
428,"How to watch NBA without cable? - Answer & Best Service 2025","How to watch NBA without cable? StreamStickPro IPTV: 60,000+ movies and TV shows. Get instant access to 18,000+ live channels, 60,000+ movies, all sport...","how to watch nba without cable, IPTV service, streaming TV, live TV, best IPTV","question"
429,"How to watch NBA without cable? - Answer & Best Service 2025","How to watch NBA without cable? StreamStickPro IPTV: All sports including NFL, NBA, UFC. Get instant access to 18,000+ live channels, 60,000+ movies, al...","how to watch nba without cable, IPTV service, streaming TV, live TV, best IPTV","question"
430,"How to watch NBA without cable? - Answer & Best Service 2025","How to watch NBA without cable? StreamStickPro IPTV: Starting at just $15 per year. Get instant access to 18,000+ live channels, 60,000+ movies, all spo...","how to watch nba without cable, IPTV service, streaming TV, live TV, best IPTV","question"
431,"How to watch NBA without cable? - Answer & Best Service 2025","How to watch NBA without cable? StreamStickPro IPTV: Save $1,200+ compared to cable. Get instant access to 18,000+ live channels, 60,000+ movies, all sp...","how to watch nba without cable, IPTV service, streaming TV, live TV, best IPTV","question"
432,"How to watch NBA without cable? - Answer & Best Service 2025","How to watch NBA without cable? StreamStickPro IPTV: No contracts, cancel anytime. Get instant access to 18,000+ live channels, 60,000+ movies, all spor...","how to watch nba without cable, IPTV service, streaming TV, live TV, best IPTV","question"
433,"How to watch NBA without cable? - Answer & Best Service 2025","How to watch NBA without cable? StreamStickPro IPTV: Free 36-hour trial available. Get instant access to 18,000+ live channels, 60,000+ movies, all spor...","how to watch nba without cable, IPTV service, streaming TV, live TV, best IPTV","question"
434,"How to watch UFC without cable? - Answer & Best Service 2025","How to watch UFC without cable? StreamStickPro IPTV: 18,000+ live channels worldwide. Get instant access to 18,000+ live channels, 60,000+ movies, all s...","how to watch ufc without cable, IPTV service, streaming TV, live TV, best IPTV","question"
435,"How to watch UFC without cable? - Answer & Best Service 2025","How to watch UFC without cable? StreamStickPro IPTV: 60,000+ movies and TV shows. Get instant access to 18,000+ live channels, 60,000+ movies, all sport...","how to watch ufc without cable, IPTV service, streaming TV, live TV, best IPTV","question"
436,"How to watch UFC without cable? - Answer & Best Service 2025","How to watch UFC without cable? StreamStickPro IPTV: All sports including NFL, NBA, UFC. Get instant access to 18,000+ live channels, 60,000+ movies, al...","how to watch ufc without cable, IPTV service, streaming TV, live TV, best IPTV","question"
437,"How to watch UFC without cable? - Answer & Best Service 2025","How to watch UFC without cable? StreamStickPro IPTV: Starting at just $15 per year. Get instant access to 18,000+ live channels, 60,000+ movies, all spo...","how to watch ufc without cable, IPTV service, streaming TV, live TV, best IPTV","question"
438,"How to watch UFC without cable? - Answer & Best Service 2025","How to watch UFC without cable? StreamStickPro IPTV: Save $1,200+ compared to cable. Get instant access to 18,000+ live channels, 60,000+ movies, all sp...","how to watch ufc without cable, IPTV service, streaming TV, live TV, best IPTV","question"
439,"How to watch UFC without cable? - Answer & Best Service 2025","How to watch UFC without cable? StreamStickPro IPTV: No contracts, cancel anytime. Get instant access to 18,000+ live channels, 60,000+ movies, all spor...","how to watch ufc without cable, IPTV service, streaming TV, live TV, best IPTV","question"
440,"How to watch UFC without cable? - Answer & Best Service 2025","How to watch UFC without cable? StreamStickPro IPTV: Free 36-hour trial available. Get instant access to 18,000+ live channels, 60,000+ movies, all spor...","how to watch ufc without cable, IPTV service, streaming TV, live TV, best IPTV","question"
441,"best way to watch TV - IPTV Streaming Solution 2025","Looking for best way to watch TV? StreamStickPro offers 18,000+ live channels worldwide. Access 18,000+ channels, 60,000+ movies instantly. Save $1,200+...","best way to watch TV, IPTV streaming, cheap streaming, live TV service, affordable TV","benefit"
442,"best way to watch TV - IPTV Streaming Solution 2025","Looking for best way to watch TV? StreamStickPro offers 60,000+ movies and TV shows. Access 18,000+ channels, 60,000+ movies instantly. Save $1,200+ vs ...","best way to watch TV, IPTV streaming, cheap streaming, live TV service, affordable TV","benefit"
443,"best way to watch TV - IPTV Streaming Solution 2025","Looking for best way to watch TV? StreamStickPro offers All sports including NFL, NBA, UFC. Access 18,000+ channels, 60,000+ movies instantly. Save $1,2...","best way to watch TV, IPTV streaming, cheap streaming, live TV service, affordable TV","benefit"
444,"best way to watch TV - IPTV Streaming Solution 2025","Looking for best way to watch TV? StreamStickPro offers Starting at just $15 per year. Access 18,000+ channels, 60,000+ movies instantly. Save $1,200+ v...","best way to watch TV, IPTV streaming, cheap streaming, live TV service, affordable TV","benefit"
445,"best way to watch TV - IPTV Streaming Solution 2025","Looking for best way to watch TV? StreamStickPro offers Save $1,200+ compared to cable. Access 18,000+ channels, 60,000+ movies instantly. Save $1,200+ ...","best way to watch TV, IPTV streaming, cheap streaming, live TV service, affordable TV","benefit"
446,"best way to watch TV - IPTV Streaming Solution 2025","Looking for best way to watch TV? StreamStickPro offers No contracts, cancel anytime. Access 18,000+ channels, 60,000+ movies instantly. Save $1,200+ vs...","best way to watch TV, IPTV streaming, cheap streaming, live TV service, affordable TV","benefit"
447,"best way to watch TV - IPTV Streaming Solution 2025","Looking for best way to watch TV? StreamStickPro offers Free 36-hour trial available. Access 18,000+ channels, 60,000+ movies instantly. Save $1,200+ vs...","best way to watch TV, IPTV streaming, cheap streaming, live TV service, affordable TV","benefit"
448,"best way to watch TV - IPTV Streaming Solution 2025","Looking for best way to watch TV? StreamStickPro offers Instant setup in 10 minutes. Access 18,000+ channels, 60,000+ movies instantly. Save $1,200+ vs ...","best way to watch TV, IPTV streaming, cheap streaming, live TV service, affordable TV","benefit"
449,"best way to watch TV - IPTV Streaming Solution 2025","Looking for best way to watch TV? StreamStickPro offers Works on Fire Stick, ONN, Android TV. Access 18,000+ channels, 60,000+ movies instantly. Save $1...","best way to watch TV, IPTV streaming, cheap streaming, live TV service, affordable TV","benefit"
450,"best way to watch TV - IPTV Streaming Solution 2025","Looking for best way to watch TV? StreamStickPro offers 24/7 customer support included. Access 18,000+ channels, 60,000+ movies instantly. Save $1,200+ ...","best way to watch TV, IPTV streaming, cheap streaming, live TV service, affordable TV","benefit"
451,"cheapest streaming service - IPTV Streaming Solution 2025","Looking for cheapest streaming service? StreamStickPro offers 18,000+ live channels worldwide. Access 18,000+ channels, 60,000+ movies instantly. Save $...","cheapest streaming service, IPTV streaming, cheap streaming, live TV service, affordable TV","benefit"
452,"cheapest streaming service - IPTV Streaming Solution 2025","Looking for cheapest streaming service? StreamStickPro offers 60,000+ movies and TV shows. Access 18,000+ channels, 60,000+ movies instantly. Save $1,20...","cheapest streaming service, IPTV streaming, cheap streaming, live TV service, affordable TV","benefit"
453,"cheapest streaming service - IPTV Streaming Solution 2025","Looking for cheapest streaming service? StreamStickPro offers All sports including NFL, NBA, UFC. Access 18,000+ channels, 60,000+ movies instantly. Sav...","cheapest streaming service, IPTV streaming, cheap streaming, live TV service, affordable TV","benefit"
454,"cheapest streaming service - IPTV Streaming Solution 2025","Looking for cheapest streaming service? StreamStickPro offers Starting at just $15 per year. Access 18,000+ channels, 60,000+ movies instantly. Save $1,...","cheapest streaming service, IPTV streaming, cheap streaming, live TV service, affordable TV","benefit"
455,"cheapest streaming service - IPTV Streaming Solution 2025","Looking for cheapest streaming service? StreamStickPro offers Save $1,200+ compared to cable. Access 18,000+ channels, 60,000+ movies instantly. Save $1...","cheapest streaming service, IPTV streaming, cheap streaming, live TV service, affordable TV","benefit"
456,"cheapest streaming service - IPTV Streaming Solution 2025","Looking for cheapest streaming service? StreamStickPro offers No contracts, cancel anytime. Access 18,000+ channels, 60,000+ movies instantly. Save $1,2...","cheapest streaming service, IPTV streaming, cheap streaming, live TV service, affordable TV","benefit"
457,"cheapest streaming service - IPTV Streaming Solution 2025","Looking for cheapest streaming service? StreamStickPro offers Free 36-hour trial available. Access 18,000+ channels, 60,000+ movies instantly. Save $1,2...","cheapest streaming service, IPTV streaming, cheap streaming, live TV service, affordable TV","benefit"
458,"cheapest streaming service - IPTV Streaming Solution 2025","Looking for cheapest streaming service? StreamStickPro offers Instant setup in 10 minutes. Access 18,000+ channels, 60,000+ movies instantly. Save $1,20...","cheapest streaming service, IPTV streaming, cheap streaming, live TV service, affordable TV","benefit"
459,"cheapest streaming service - IPTV Streaming Solution 2025","Looking for cheapest streaming service? StreamStickPro offers Works on Fire Stick, ONN, Android TV. Access 18,000+ channels, 60,000+ movies instantly. S...","cheapest streaming service, IPTV streaming, cheap streaming, live TV service, affordable TV","benefit"
460,"cheapest streaming service - IPTV Streaming Solution 2025","Looking for cheapest streaming service? StreamStickPro offers 24/7 customer support included. Access 18,000+ channels, 60,000+ movies instantly. Save $1...","cheapest streaming service, IPTV streaming, cheap streaming, live TV service, affordable TV","benefit"
461,"how to cut cable - IPTV Streaming Solution 2025 | StreamS...","Looking for how to cut cable? StreamStickPro offers 18,000+ live channels worldwide. Access 18,000+ channels, 60,000+ movies instantly. Save $1,200+ vs ...","how to cut cable, IPTV streaming, cheap streaming, live TV service, affordable TV","benefit"
462,"how to cut cable - IPTV Streaming Solution 2025 | StreamS...","Looking for how to cut cable? StreamStickPro offers 60,000+ movies and TV shows. Access 18,000+ channels, 60,000+ movies instantly. Save $1,200+ vs cabl...","how to cut cable, IPTV streaming, cheap streaming, live TV service, affordable TV","benefit"
463,"how to cut cable - IPTV Streaming Solution 2025 | StreamS...","Looking for how to cut cable? StreamStickPro offers All sports including NFL, NBA, UFC. Access 18,000+ channels, 60,000+ movies instantly. Save $1,200+ ...","how to cut cable, IPTV streaming, cheap streaming, live TV service, affordable TV","benefit"
464,"how to cut cable - IPTV Streaming Solution 2025 | StreamS...","Looking for how to cut cable? StreamStickPro offers Starting at just $15 per year. Access 18,000+ channels, 60,000+ movies instantly. Save $1,200+ vs ca...","how to cut cable, IPTV streaming, cheap streaming, live TV service, affordable TV","benefit"
465,"how to cut cable - IPTV Streaming Solution 2025 | StreamS...","Looking for how to cut cable? StreamStickPro offers Save $1,200+ compared to cable. Access 18,000+ channels, 60,000+ movies instantly. Save $1,200+ vs c...","how to cut cable, IPTV streaming, cheap streaming, live TV service, affordable TV","benefit"
466,"how to cut cable - IPTV Streaming Solution 2025 | StreamS...","Looking for how to cut cable? StreamStickPro offers No contracts, cancel anytime. Access 18,000+ channels, 60,000+ movies instantly. Save $1,200+ vs cab...","how to cut cable, IPTV streaming, cheap streaming, live TV service, affordable TV","benefit"
467,"how to cut cable - IPTV Streaming Solution 2025 | StreamS...","Looking for how to cut cable? StreamStickPro offers Free 36-hour trial available. Access 18,000+ channels, 60,000+ movies instantly. Save $1,200+ vs cab...","how to cut cable, IPTV streaming, cheap streaming, live TV service, affordable TV","benefit"
468,"how to cut cable - IPTV Streaming Solution 2025 | StreamS...","Looking for how to cut cable? StreamStickPro offers Instant setup in 10 minutes. Access 18,000+ channels, 60,000+ movies instantly. Save $1,200+ vs cabl...","how to cut cable, IPTV streaming, cheap streaming, live TV service, affordable TV","benefit"
469,"how to cut cable - IPTV Streaming Solution 2025 | StreamS...","Looking for how to cut cable? StreamStickPro offers Works on Fire Stick, ONN, Android TV. Access 18,000+ channels, 60,000+ movies instantly. Save $1,200...","how to cut cable, IPTV streaming, cheap streaming, live TV service, affordable TV","benefit"
470,"how to cut cable - IPTV Streaming Solution 2025 | StreamS...","Looking for how to cut cable? StreamStickPro offers 24/7 customer support included. Access 18,000+ channels, 60,000+ movies instantly. Save $1,200+ vs c...","how to cut cable, IPTV streaming, cheap streaming, live TV service, affordable TV","benefit"
471,"streaming TV options - IPTV Streaming Solution 2025","Looking for streaming TV options? StreamStickPro offers 18,000+ live channels worldwide. Access 18,000+ channels, 60,000+ movies instantly. Save $1,200+...","streaming TV options, IPTV streaming, cheap streaming, live TV service, affordable TV","benefit"
472,"streaming TV options - IPTV Streaming Solution 2025","Looking for streaming TV options? StreamStickPro offers 60,000+ movies and TV shows. Access 18,000+ channels, 60,000+ movies instantly. Save $1,200+ vs ...","streaming TV options, IPTV streaming, cheap streaming, live TV service, affordable TV","benefit"
473,"streaming TV options - IPTV Streaming Solution 2025","Looking for streaming TV options? StreamStickPro offers All sports including NFL, NBA, UFC. Access 18,000+ channels, 60,000+ movies instantly. Save $1,2...","streaming TV options, IPTV streaming, cheap streaming, live TV service, affordable TV","benefit"
474,"streaming TV options - IPTV Streaming Solution 2025","Looking for streaming TV options? StreamStickPro offers Starting at just $15 per year. Access 18,000+ channels, 60,000+ movies instantly. Save $1,200+ v...","streaming TV options, IPTV streaming, cheap streaming, live TV service, affordable TV","benefit"
475,"streaming TV options - IPTV Streaming Solution 2025","Looking for streaming TV options? StreamStickPro offers Save $1,200+ compared to cable. Access 18,000+ channels, 60,000+ movies instantly. Save $1,200+ ...","streaming TV options, IPTV streaming, cheap streaming, live TV service, affordable TV","benefit"
476,"streaming TV options - IPTV Streaming Solution 2025","Looking for streaming TV options? StreamStickPro offers No contracts, cancel anytime. Access 18,000+ channels, 60,000+ movies instantly. Save $1,200+ vs...","streaming TV options, IPTV streaming, cheap streaming, live TV service, affordable TV","benefit"
477,"streaming TV options - IPTV Streaming Solution 2025","Looking for streaming TV options? StreamStickPro offers Free 36-hour trial available. Access 18,000+ channels, 60,000+ movies instantly. Save $1,200+ vs...","streaming TV options, IPTV streaming, cheap streaming, live TV service, affordable TV","benefit"
478,"streaming TV options - IPTV Streaming Solution 2025","Looking for streaming TV options? StreamStickPro offers Instant setup in 10 minutes. Access 18,000+ channels, 60,000+ movies instantly. Save $1,200+ vs ...","streaming TV options, IPTV streaming, cheap streaming, live TV service, affordable TV","benefit"
479,"streaming TV options - IPTV Streaming Solution 2025","Looking for streaming TV options? StreamStickPro offers Works on Fire Stick, ONN, Android TV. Access 18,000+ channels, 60,000+ movies instantly. Save $1...","streaming TV options, IPTV streaming, cheap streaming, live TV service, affordable TV","benefit"
480,"streaming TV options - IPTV Streaming Solution 2025","Looking for streaming TV options? StreamStickPro offers 24/7 customer support included. Access 18,000+ channels, 60,000+ movies instantly. Save $1,200+ ...","streaming TV options, IPTV streaming, cheap streaming, live TV service, affordable TV","benefit"
481,"live TV alternatives - IPTV Streaming Solution 2025","Looking for live TV alternatives? StreamStickPro offers 18,000+ live channels worldwide. Access 18,000+ channels, 60,000+ movies instantly. Save $1,200+...","live TV alternatives, IPTV streaming, cheap streaming, live TV service, affordable TV","benefit"
482,"live TV alternatives - IPTV Streaming Solution 2025","Looking for live TV alternatives? StreamStickPro offers 60,000+ movies and TV shows. Access 18,000+ channels, 60,000+ movies instantly. Save $1,200+ vs ...","live TV alternatives, IPTV streaming, cheap streaming, live TV service, affordable TV","benefit"
483,"live TV alternatives - IPTV Streaming Solution 2025","Looking for live TV alternatives? StreamStickPro offers All sports including NFL, NBA, UFC. Access 18,000+ channels, 60,000+ movies instantly. Save $1,2...","live TV alternatives, IPTV streaming, cheap streaming, live TV service, affordable TV","benefit"
484,"live TV alternatives - IPTV Streaming Solution 2025","Looking for live TV alternatives? StreamStickPro offers Starting at just $15 per year. Access 18,000+ channels, 60,000+ movies instantly. Save $1,200+ v...","live TV alternatives, IPTV streaming, cheap streaming, live TV service, affordable TV","benefit"
485,"live TV alternatives - IPTV Streaming Solution 2025","Looking for live TV alternatives? StreamStickPro offers Save $1,200+ compared to cable. Access 18,000+ channels, 60,000+ movies instantly. Save $1,200+ ...","live TV alternatives, IPTV streaming, cheap streaming, live TV service, affordable TV","benefit"
486,"live TV alternatives - IPTV Streaming Solution 2025","Looking for live TV alternatives? StreamStickPro offers No contracts, cancel anytime. Access 18,000+ channels, 60,000+ movies instantly. Save $1,200+ vs...","live TV alternatives, IPTV streaming, cheap streaming, live TV service, affordable TV","benefit"
487,"live TV alternatives - IPTV Streaming Solution 2025","Looking for live TV alternatives? StreamStickPro offers Free 36-hour trial available. Access 18,000+ channels, 60,000+ movies instantly. Save $1,200+ vs...","live TV alternatives, IPTV streaming, cheap streaming, live TV service, affordable TV","benefit"
488,"live TV alternatives - IPTV Streaming Solution 2025","Looking for live TV alternatives? StreamStickPro offers Instant setup in 10 minutes. Access 18,000+ channels, 60,000+ movies instantly. Save $1,200+ vs ...","live TV alternatives, IPTV streaming, cheap streaming, live TV service, affordable TV","benefit"
489,"live TV alternatives - IPTV Streaming Solution 2025","Looking for live TV alternatives? StreamStickPro offers Works on Fire Stick, ONN, Android TV. Access 18,000+ channels, 60,000+ movies instantly. Save $1...","live TV alternatives, IPTV streaming, cheap streaming, live TV service, affordable TV","benefit"
490,"live TV alternatives - IPTV Streaming Solution 2025","Looking for live TV alternatives? StreamStickPro offers 24/7 customer support included. Access 18,000+ channels, 60,000+ movies instantly. Save $1,200+ ...","live TV alternatives, IPTV streaming, cheap streaming, live TV service, affordable TV","benefit"
491,"affordable entertainment - IPTV Streaming Solution 2025","Looking for affordable entertainment? StreamStickPro offers 18,000+ live channels worldwide. Access 18,000+ channels, 60,000+ movies instantly. Save $1,...","affordable entertainment, IPTV streaming, cheap streaming, live TV service, affordable TV","benefit"
492,"affordable entertainment - IPTV Streaming Solution 2025","Looking for affordable entertainment? StreamStickPro offers 60,000+ movies and TV shows. Access 18,000+ channels, 60,000+ movies instantly. Save $1,200+...","affordable entertainment, IPTV streaming, cheap streaming, live TV service, affordable TV","benefit"
493,"affordable entertainment - IPTV Streaming Solution 2025","Looking for affordable entertainment? StreamStickPro offers All sports including NFL, NBA, UFC. Access 18,000+ channels, 60,000+ movies instantly. Save ...","affordable entertainment, IPTV streaming, cheap streaming, live TV service, affordable TV","benefit"
494,"affordable entertainment - IPTV Streaming Solution 2025","Looking for affordable entertainment? StreamStickPro offers Starting at just $15 per year. Access 18,000+ channels, 60,000+ movies instantly. Save $1,20...","affordable entertainment, IPTV streaming, cheap streaming, live TV service, affordable TV","benefit"
495,"affordable entertainment - IPTV Streaming Solution 2025","Looking for affordable entertainment? StreamStickPro offers Save $1,200+ compared to cable. Access 18,000+ channels, 60,000+ movies instantly. Save $1,2...","affordable entertainment, IPTV streaming, cheap streaming, live TV service, affordable TV","benefit"
496,"affordable entertainment - IPTV Streaming Solution 2025","Looking for affordable entertainment? StreamStickPro offers No contracts, cancel anytime. Access 18,000+ channels, 60,000+ movies instantly. Save $1,200...","affordable entertainment, IPTV streaming, cheap streaming, live TV service, affordable TV","benefit"
497,"affordable entertainment - IPTV Streaming Solution 2025","Looking for affordable entertainment? StreamStickPro offers Free 36-hour trial available. Access 18,000+ channels, 60,000+ movies instantly. Save $1,200...","affordable entertainment, IPTV streaming, cheap streaming, live TV service, affordable TV","benefit"
498,"affordable entertainment - IPTV Streaming Solution 2025","Looking for affordable entertainment? StreamStickPro offers Instant setup in 10 minutes. Access 18,000+ channels, 60,000+ movies instantly. Save $1,200+...","affordable entertainment, IPTV streaming, cheap streaming, live TV service, affordable TV","benefit"
499,"affordable entertainment - IPTV Streaming Solution 2025","Looking for affordable entertainment? StreamStickPro offers Works on Fire Stick, ONN, Android TV. Access 18,000+ channels, 60,000+ movies instantly. Sav...","affordable entertainment, IPTV streaming, cheap streaming, live TV service, affordable TV","benefit"
500,"affordable entertainment - IPTV Streaming Solution 2025","Looking for affordable entertainment? StreamStickPro offers 24/7 customer support included. Access 18,000+ channels, 60,000+ movies instantly. Save $1,2...","affordable entertainment, IPTV streaming, cheap streaming, live TV service, affordable TV","benefit"
501,"watch everything online - IPTV Streaming Solution 2025","Looking for watch everything online? StreamStickPro offers 18,000+ live channels worldwide. Access 18,000+ channels, 60,000+ movies instantly. Save $1,2...","watch everything online, IPTV streaming, cheap streaming, live TV service, affordable TV","benefit"
502,"watch everything online - IPTV Streaming Solution 2025","Looking for watch everything online? StreamStickPro offers 60,000+ movies and TV shows. Access 18,000+ channels, 60,000+ movies instantly. Save $1,200+ ...","watch everything online, IPTV streaming, cheap streaming, live TV service, affordable TV","benefit"
503,"watch everything online - IPTV Streaming Solution 2025","Looking for watch everything online? StreamStickPro offers All sports including NFL, NBA, UFC. Access 18,000+ channels, 60,000+ movies instantly. Save $...","watch everything online, IPTV streaming, cheap streaming, live TV service, affordable TV","benefit"
504,"watch everything online - IPTV Streaming Solution 2025","Looking for watch everything online? StreamStickPro offers Starting at just $15 per year. Access 18,000+ channels, 60,000+ movies instantly. Save $1,200...","watch everything online, IPTV streaming, cheap streaming, live TV service, affordable TV","benefit"
505,"watch everything online - IPTV Streaming Solution 2025","Looking for watch everything online? StreamStickPro offers Save $1,200+ compared to cable. Access 18,000+ channels, 60,000+ movies instantly. Save $1,20...","watch everything online, IPTV streaming, cheap streaming, live TV service, affordable TV","benefit"
506,"watch everything online - IPTV Streaming Solution 2025","Looking for watch everything online? StreamStickPro offers No contracts, cancel anytime. Access 18,000+ channels, 60,000+ movies instantly. Save $1,200+...","watch everything online, IPTV streaming, cheap streaming, live TV service, affordable TV","benefit"
507,"watch everything online - IPTV Streaming Solution 2025","Looking for watch everything online? StreamStickPro offers Free 36-hour trial available. Access 18,000+ channels, 60,000+ movies instantly. Save $1,200+...","watch everything online, IPTV streaming, cheap streaming, live TV service, affordable TV","benefit"
508,"watch everything online - IPTV Streaming Solution 2025","Looking for watch everything online? StreamStickPro offers Instant setup in 10 minutes. Access 18,000+ channels, 60,000+ movies instantly. Save $1,200+ ...","watch everything online, IPTV streaming, cheap streaming, live TV service, affordable TV","benefit"
509,"watch everything online - IPTV Streaming Solution 2025","Looking for watch everything online? StreamStickPro offers Works on Fire Stick, ONN, Android TV. Access 18,000+ channels, 60,000+ movies instantly. Save...","watch everything online, IPTV streaming, cheap streaming, live TV service, affordable TV","benefit"
510,"watch everything online - IPTV Streaming Solution 2025","Looking for watch everything online? StreamStickPro offers 24/7 customer support included. Access 18,000+ channels, 60,000+ movies instantly. Save $1,20...","watch everything online, IPTV streaming, cheap streaming, live TV service, affordable TV","benefit"
511,"streaming device setup - IPTV Streaming Solution 2025","Looking for streaming device setup? StreamStickPro offers 18,000+ live channels worldwide. Access 18,000+ channels, 60,000+ movies instantly. Save $1,20...","streaming device setup, IPTV streaming, cheap streaming, live TV service, affordable TV","benefit"
512,"streaming device setup - IPTV Streaming Solution 2025","Looking for streaming device setup? StreamStickPro offers 60,000+ movies and TV shows. Access 18,000+ channels, 60,000+ movies instantly. Save $1,200+ v...","streaming device setup, IPTV streaming, cheap streaming, live TV service, affordable TV","benefit"
513,"streaming device setup - IPTV Streaming Solution 2025","Looking for streaming device setup? StreamStickPro offers All sports including NFL, NBA, UFC. Access 18,000+ channels, 60,000+ movies instantly. Save $1...","streaming device setup, IPTV streaming, cheap streaming, live TV service, affordable TV","benefit"
514,"streaming device setup - IPTV Streaming Solution 2025","Looking for streaming device setup? StreamStickPro offers Starting at just $15 per year. Access 18,000+ channels, 60,000+ movies instantly. Save $1,200+...","streaming device setup, IPTV streaming, cheap streaming, live TV service, affordable TV","benefit"
515,"streaming device setup - IPTV Streaming Solution 2025","Looking for streaming device setup? StreamStickPro offers Save $1,200+ compared to cable. Access 18,000+ channels, 60,000+ movies instantly. Save $1,200...","streaming device setup, IPTV streaming, cheap streaming, live TV service, affordable TV","benefit"
516,"streaming device setup - IPTV Streaming Solution 2025","Looking for streaming device setup? StreamStickPro offers No contracts, cancel anytime. Access 18,000+ channels, 60,000+ movies instantly. Save $1,200+ ...","streaming device setup, IPTV streaming, cheap streaming, live TV service, affordable TV","benefit"
517,"streaming device setup - IPTV Streaming Solution 2025","Looking for streaming device setup? StreamStickPro offers Free 36-hour trial available. Access 18,000+ channels, 60,000+ movies instantly. Save $1,200+ ...","streaming device setup, IPTV streaming, cheap streaming, live TV service, affordable TV","benefit"
518,"streaming device setup - IPTV Streaming Solution 2025","Looking for streaming device setup? StreamStickPro offers Instant setup in 10 minutes. Access 18,000+ channels, 60,000+ movies instantly. Save $1,200+ v...","streaming device setup, IPTV streaming, cheap streaming, live TV service, affordable TV","benefit"
519,"streaming device setup - IPTV Streaming Solution 2025","Looking for streaming device setup? StreamStickPro offers Works on Fire Stick, ONN, Android TV. Access 18,000+ channels, 60,000+ movies instantly. Save ...","streaming device setup, IPTV streaming, cheap streaming, live TV service, affordable TV","benefit"
520,"streaming device setup - IPTV Streaming Solution 2025","Looking for streaming device setup? StreamStickPro offers 24/7 customer support included. Access 18,000+ channels, 60,000+ movies instantly. Save $1,200...","streaming device setup, IPTV streaming, cheap streaming, live TV service, affordable TV","benefit"
521,"premium channels online - IPTV Streaming Solution 2025","Looking for premium channels online? StreamStickPro offers 18,000+ live channels worldwide. Access 18,000+ channels, 60,000+ movies instantly. Save $1,2...","premium channels online, IPTV streaming, cheap streaming, live TV service, affordable TV","benefit"
522,"premium channels online - IPTV Streaming Solution 2025","Looking for premium channels online? StreamStickPro offers 60,000+ movies and TV shows. Access 18,000+ channels, 60,000+ movies instantly. Save $1,200+ ...","premium channels online, IPTV streaming, cheap streaming, live TV service, affordable TV","benefit"
523,"premium channels online - IPTV Streaming Solution 2025","Looking for premium channels online? StreamStickPro offers All sports including NFL, NBA, UFC. Access 18,000+ channels, 60,000+ movies instantly. Save $...","premium channels online, IPTV streaming, cheap streaming, live TV service, affordable TV","benefit"
524,"premium channels online - IPTV Streaming Solution 2025","Looking for premium channels online? StreamStickPro offers Starting at just $15 per year. Access 18,000+ channels, 60,000+ movies instantly. Save $1,200...","premium channels online, IPTV streaming, cheap streaming, live TV service, affordable TV","benefit"
525,"premium channels online - IPTV Streaming Solution 2025","Looking for premium channels online? StreamStickPro offers Save $1,200+ compared to cable. Access 18,000+ channels, 60,000+ movies instantly. Save $1,20...","premium channels online, IPTV streaming, cheap streaming, live TV service, affordable TV","benefit"
526,"premium channels online - IPTV Streaming Solution 2025","Looking for premium channels online? StreamStickPro offers No contracts, cancel anytime. Access 18,000+ channels, 60,000+ movies instantly. Save $1,200+...","premium channels online, IPTV streaming, cheap streaming, live TV service, affordable TV","benefit"
527,"premium channels online - IPTV Streaming Solution 2025","Looking for premium channels online? StreamStickPro offers Free 36-hour trial available. Access 18,000+ channels, 60,000+ movies instantly. Save $1,200+...","premium channels online, IPTV streaming, cheap streaming, live TV service, affordable TV","benefit"
528,"premium channels online - IPTV Streaming Solution 2025","Looking for premium channels online? StreamStickPro offers Instant setup in 10 minutes. Access 18,000+ channels, 60,000+ movies instantly. Save $1,200+ ...","premium channels online, IPTV streaming, cheap streaming, live TV service, affordable TV","benefit"
529,"premium channels online - IPTV Streaming Solution 2025","Looking for premium channels online? StreamStickPro offers Works on Fire Stick, ONN, Android TV. Access 18,000+ channels, 60,000+ movies instantly. Save...","premium channels online, IPTV streaming, cheap streaming, live TV service, affordable TV","benefit"
530,"premium channels online - IPTV Streaming Solution 2025","Looking for premium channels online? StreamStickPro offers 24/7 customer support included. Access 18,000+ channels, 60,000+ movies instantly. Save $1,20...","premium channels online, IPTV streaming, cheap streaming, live TV service, affordable TV","benefit"
531,"sports streaming service - IPTV Streaming Solution 2025","Looking for sports streaming service? StreamStickPro offers 18,000+ live channels worldwide. Access 18,000+ channels, 60,000+ movies instantly. Save $1,...","sports streaming service, IPTV streaming, cheap streaming, live TV service, affordable TV","benefit"
532,"sports streaming service - IPTV Streaming Solution 2025","Looking for sports streaming service? StreamStickPro offers 60,000+ movies and TV shows. Access 18,000+ channels, 60,000+ movies instantly. Save $1,200+...","sports streaming service, IPTV streaming, cheap streaming, live TV service, affordable TV","benefit"
533,"sports streaming service - IPTV Streaming Solution 2025","Looking for sports streaming service? StreamStickPro offers All sports including NFL, NBA, UFC. Access 18,000+ channels, 60,000+ movies instantly. Save ...","sports streaming service, IPTV streaming, cheap streaming, live TV service, affordable TV","benefit"
534,"sports streaming service - IPTV Streaming Solution 2025","Looking for sports streaming service? StreamStickPro offers Starting at just $15 per year. Access 18,000+ channels, 60,000+ movies instantly. Save $1,20...","sports streaming service, IPTV streaming, cheap streaming, live TV service, affordable TV","benefit"
535,"sports streaming service - IPTV Streaming Solution 2025","Looking for sports streaming service? StreamStickPro offers Save $1,200+ compared to cable. Access 18,000+ channels, 60,000+ movies instantly. Save $1,2...","sports streaming service, IPTV streaming, cheap streaming, live TV service, affordable TV","benefit"
536,"sports streaming service - IPTV Streaming Solution 2025","Looking for sports streaming service? StreamStickPro offers No contracts, cancel anytime. Access 18,000+ channels, 60,000+ movies instantly. Save $1,200...","sports streaming service, IPTV streaming, cheap streaming, live TV service, affordable TV","benefit"
537,"sports streaming service - IPTV Streaming Solution 2025","Looking for sports streaming service? StreamStickPro offers Free 36-hour trial available. Access 18,000+ channels, 60,000+ movies instantly. Save $1,200...","sports streaming service, IPTV streaming, cheap streaming, live TV service, affordable TV","benefit"
538,"sports streaming service - IPTV Streaming Solution 2025","Looking for sports streaming service? StreamStickPro offers Instant setup in 10 minutes. Access 18,000+ channels, 60,000+ movies instantly. Save $1,200+...","sports streaming service, IPTV streaming, cheap streaming, live TV service, affordable TV","benefit"
539,"sports streaming service - IPTV Streaming Solution 2025","Looking for sports streaming service? StreamStickPro offers Works on Fire Stick, ONN, Android TV. Access 18,000+ channels, 60,000+ movies instantly. Sav...","sports streaming service, IPTV streaming, cheap streaming, live TV service, affordable TV","benefit"
540,"sports streaming service - IPTV Streaming Solution 2025","Looking for sports streaming service? StreamStickPro offers 24/7 customer support included. Access 18,000+ channels, 60,000+ movies instantly. Save $1,2...","sports streaming service, IPTV streaming, cheap streaming, live TV service, affordable TV","benefit"
541,"IPTV vs cable - Complete Comparison 2025 | StreamStickPro","IPTV vs cable? StreamStickPro IPTV wins: 18,000+ channels vs 100-500, $15/year vs $1,440/year, all sports included. Free trial available! Start streamin...","IPTV vs cable, IPTV comparison, best streaming service, streaming vs cable","comparison"
542,"IPTV vs cable - Complete Comparison 2025 | StreamStickPro","IPTV vs cable? StreamStickPro IPTV wins: 18,000+ channels vs 100-500, $15/year vs $1,440/year, all sports included. Free trial available! Start streamin...","IPTV vs cable, IPTV comparison, best streaming service, streaming vs cable","comparison"
543,"IPTV vs cable - Complete Comparison 2025 | StreamStickPro","IPTV vs cable? StreamStickPro IPTV wins: 18,000+ channels vs 100-500, $15/year vs $1,440/year, all sports included. Free trial available! Start streamin...","IPTV vs cable, IPTV comparison, best streaming service, streaming vs cable","comparison"
544,"IPTV vs cable - Complete Comparison 2025 | StreamStickPro","IPTV vs cable? StreamStickPro IPTV wins: 18,000+ channels vs 100-500, $15/year vs $1,440/year, all sports included. Free trial available! Start streamin...","IPTV vs cable, IPTV comparison, best streaming service, streaming vs cable","comparison"
545,"IPTV vs cable - Complete Comparison 2025 | StreamStickPro","IPTV vs cable? StreamStickPro IPTV wins: 18,000+ channels vs 100-500, $15/year vs $1,440/year, all sports included. Free trial available! Start streamin...","IPTV vs cable, IPTV comparison, best streaming service, streaming vs cable","comparison"
546,"IPTV vs cable - Complete Comparison 2025 | StreamStickPro","IPTV vs cable? StreamStickPro IPTV wins: 18,000+ channels vs 100-500, $15/year vs $1,440/year, all sports included. Free trial available! Start streamin...","IPTV vs cable, IPTV comparison, best streaming service, streaming vs cable","comparison"
547,"IPTV vs cable - Complete Comparison 2025 | StreamStickPro","IPTV vs cable? StreamStickPro IPTV wins: 18,000+ channels vs 100-500, $15/year vs $1,440/year, all sports included. Free trial available! Start streamin...","IPTV vs cable, IPTV comparison, best streaming service, streaming vs cable","comparison"
548,"IPTV vs cable - Complete Comparison 2025 | StreamStickPro","IPTV vs cable? StreamStickPro IPTV wins: 18,000+ channels vs 100-500, $15/year vs $1,440/year, all sports included. Free trial available! Start streamin...","IPTV vs cable, IPTV comparison, best streaming service, streaming vs cable","comparison"
549,"IPTV vs cable - Complete Comparison 2025 | StreamStickPro","IPTV vs cable? StreamStickPro IPTV wins: 18,000+ channels vs 100-500, $15/year vs $1,440/year, all sports included. Free trial available! Start streamin...","IPTV vs cable, IPTV comparison, best streaming service, streaming vs cable","comparison"
550,"IPTV vs cable - Complete Comparison 2025 | StreamStickPro","IPTV vs cable? StreamStickPro IPTV wins: 18,000+ channels vs 100-500, $15/year vs $1,440/year, all sports included. Free trial available! Start streamin...","IPTV vs cable, IPTV comparison, best streaming service, streaming vs cable","comparison"
551,"IPTV vs Netflix - Complete Comparison 2025 | StreamStickPro","IPTV vs Netflix? StreamStickPro IPTV wins: 18,000+ channels vs 100-500, $15/year vs $1,440/year, all sports included. Free trial available! Start stream...","IPTV vs Netflix, IPTV comparison, best streaming service, streaming vs cable","comparison"
552,"IPTV vs Netflix - Complete Comparison 2025 | StreamStickPro","IPTV vs Netflix? StreamStickPro IPTV wins: 18,000+ channels vs 100-500, $15/year vs $1,440/year, all sports included. Free trial available! Start stream...","IPTV vs Netflix, IPTV comparison, best streaming service, streaming vs cable","comparison"
553,"IPTV vs Netflix - Complete Comparison 2025 | StreamStickPro","IPTV vs Netflix? StreamStickPro IPTV wins: 18,000+ channels vs 100-500, $15/year vs $1,440/year, all sports included. Free trial available! Start stream...","IPTV vs Netflix, IPTV comparison, best streaming service, streaming vs cable","comparison"
554,"IPTV vs Netflix - Complete Comparison 2025 | StreamStickPro","IPTV vs Netflix? StreamStickPro IPTV wins: 18,000+ channels vs 100-500, $15/year vs $1,440/year, all sports included. Free trial available! Start stream...","IPTV vs Netflix, IPTV comparison, best streaming service, streaming vs cable","comparison"
555,"IPTV vs Netflix - Complete Comparison 2025 | StreamStickPro","IPTV vs Netflix? StreamStickPro IPTV wins: 18,000+ channels vs 100-500, $15/year vs $1,440/year, all sports included. Free trial available! Start stream...","IPTV vs Netflix, IPTV comparison, best streaming service, streaming vs cable","comparison"
556,"IPTV vs Netflix - Complete Comparison 2025 | StreamStickPro","IPTV vs Netflix? StreamStickPro IPTV wins: 18,000+ channels vs 100-500, $15/year vs $1,440/year, all sports included. Free trial available! Start stream...","IPTV vs Netflix, IPTV comparison, best streaming service, streaming vs cable","comparison"
557,"IPTV vs Netflix - Complete Comparison 2025 | StreamStickPro","IPTV vs Netflix? StreamStickPro IPTV wins: 18,000+ channels vs 100-500, $15/year vs $1,440/year, all sports included. Free trial available! Start stream...","IPTV vs Netflix, IPTV comparison, best streaming service, streaming vs cable","comparison"
558,"IPTV vs Netflix - Complete Comparison 2025 | StreamStickPro","IPTV vs Netflix? StreamStickPro IPTV wins: 18,000+ channels vs 100-500, $15/year vs $1,440/year, all sports included. Free trial available! Start stream...","IPTV vs Netflix, IPTV comparison, best streaming service, streaming vs cable","comparison"
559,"IPTV vs Netflix - Complete Comparison 2025 | StreamStickPro","IPTV vs Netflix? StreamStickPro IPTV wins: 18,000+ channels vs 100-500, $15/year vs $1,440/year, all sports included. Free trial available! Start stream...","IPTV vs Netflix, IPTV comparison, best streaming service, streaming vs cable","comparison"
560,"IPTV vs Netflix - Complete Comparison 2025 | StreamStickPro","IPTV vs Netflix? StreamStickPro IPTV wins: 18,000+ channels vs 100-500, $15/year vs $1,440/year, all sports included. Free trial available! Start stream...","IPTV vs Netflix, IPTV comparison, best streaming service, streaming vs cable","comparison"
561,"IPTV vs Hulu - Complete Comparison 2025 | StreamStickPro","IPTV vs Hulu? StreamStickPro IPTV wins: 18,000+ channels vs 100-500, $15/year vs $1,440/year, all sports included. Free trial available! Start streaming...","IPTV vs Hulu, IPTV comparison, best streaming service, streaming vs cable","comparison"
562,"IPTV vs Hulu - Complete Comparison 2025 | StreamStickPro","IPTV vs Hulu? StreamStickPro IPTV wins: 18,000+ channels vs 100-500, $15/year vs $1,440/year, all sports included. Free trial available! Start streaming...","IPTV vs Hulu, IPTV comparison, best streaming service, streaming vs cable","comparison"
563,"IPTV vs Hulu - Complete Comparison 2025 | StreamStickPro","IPTV vs Hulu? StreamStickPro IPTV wins: 18,000+ channels vs 100-500, $15/year vs $1,440/year, all sports included. Free trial available! Start streaming...","IPTV vs Hulu, IPTV comparison, best streaming service, streaming vs cable","comparison"
564,"IPTV vs Hulu - Complete Comparison 2025 | StreamStickPro","IPTV vs Hulu? StreamStickPro IPTV wins: 18,000+ channels vs 100-500, $15/year vs $1,440/year, all sports included. Free trial available! Start streaming...","IPTV vs Hulu, IPTV comparison, best streaming service, streaming vs cable","comparison"
565,"IPTV vs Hulu - Complete Comparison 2025 | StreamStickPro","IPTV vs Hulu? StreamStickPro IPTV wins: 18,000+ channels vs 100-500, $15/year vs $1,440/year, all sports included. Free trial available! Start streaming...","IPTV vs Hulu, IPTV comparison, best streaming service, streaming vs cable","comparison"
566,"IPTV vs Hulu - Complete Comparison 2025 | StreamStickPro","IPTV vs Hulu? StreamStickPro IPTV wins: 18,000+ channels vs 100-500, $15/year vs $1,440/year, all sports included. Free trial available! Start streaming...","IPTV vs Hulu, IPTV comparison, best streaming service, streaming vs cable","comparison"
567,"IPTV vs Hulu - Complete Comparison 2025 | StreamStickPro","IPTV vs Hulu? StreamStickPro IPTV wins: 18,000+ channels vs 100-500, $15/year vs $1,440/year, all sports included. Free trial available! Start streaming...","IPTV vs Hulu, IPTV comparison, best streaming service, streaming vs cable","comparison"
568,"IPTV vs Hulu - Complete Comparison 2025 | StreamStickPro","IPTV vs Hulu? StreamStickPro IPTV wins: 18,000+ channels vs 100-500, $15/year vs $1,440/year, all sports included. Free trial available! Start streaming...","IPTV vs Hulu, IPTV comparison, best streaming service, streaming vs cable","comparison"
569,"IPTV vs Hulu - Complete Comparison 2025 | StreamStickPro","IPTV vs Hulu? StreamStickPro IPTV wins: 18,000+ channels vs 100-500, $15/year vs $1,440/year, all sports included. Free trial available! Start streaming...","IPTV vs Hulu, IPTV comparison, best streaming service, streaming vs cable","comparison"
570,"IPTV vs Hulu - Complete Comparison 2025 | StreamStickPro","IPTV vs Hulu? StreamStickPro IPTV wins: 18,000+ channels vs 100-500, $15/year vs $1,440/year, all sports included. Free trial available! Start streaming...","IPTV vs Hulu, IPTV comparison, best streaming service, streaming vs cable","comparison"
571,"IPTV vs YouTube TV - Complete Comparison 2025 | StreamSti...","IPTV vs YouTube TV? StreamStickPro IPTV wins: 18,000+ channels vs 100-500, $15/year vs $1,440/year, all sports included. Free trial available!","IPTV vs YouTube TV, IPTV comparison, best streaming service, streaming vs cable","comparison"
572,"IPTV vs YouTube TV - Complete Comparison 2025 | StreamSti...","IPTV vs YouTube TV? StreamStickPro IPTV wins: 18,000+ channels vs 100-500, $15/year vs $1,440/year, all sports included. Free trial available!","IPTV vs YouTube TV, IPTV comparison, best streaming service, streaming vs cable","comparison"
573,"IPTV vs YouTube TV - Complete Comparison 2025 | StreamSti...","IPTV vs YouTube TV? StreamStickPro IPTV wins: 18,000+ channels vs 100-500, $15/year vs $1,440/year, all sports included. Free trial available!","IPTV vs YouTube TV, IPTV comparison, best streaming service, streaming vs cable","comparison"
574,"IPTV vs YouTube TV - Complete Comparison 2025 | StreamSti...","IPTV vs YouTube TV? StreamStickPro IPTV wins: 18,000+ channels vs 100-500, $15/year vs $1,440/year, all sports included. Free trial available!","IPTV vs YouTube TV, IPTV comparison, best streaming service, streaming vs cable","comparison"
575,"IPTV vs YouTube TV - Complete Comparison 2025 | StreamSti...","IPTV vs YouTube TV? StreamStickPro IPTV wins: 18,000+ channels vs 100-500, $15/year vs $1,440/year, all sports included. Free trial available!","IPTV vs YouTube TV, IPTV comparison, best streaming service, streaming vs cable","comparison"
576,"IPTV vs YouTube TV - Complete Comparison 2025 | StreamSti...","IPTV vs YouTube TV? StreamStickPro IPTV wins: 18,000+ channels vs 100-500, $15/year vs $1,440/year, all sports included. Free trial available!","IPTV vs YouTube TV, IPTV comparison, best streaming service, streaming vs cable","comparison"
577,"IPTV vs YouTube TV - Complete Comparison 2025 | StreamSti...","IPTV vs YouTube TV? StreamStickPro IPTV wins: 18,000+ channels vs 100-500, $15/year vs $1,440/year, all sports included. Free trial available!","IPTV vs YouTube TV, IPTV comparison, best streaming service, streaming vs cable","comparison"
578,"IPTV vs YouTube TV - Complete Comparison 2025 | StreamSti...","IPTV vs YouTube TV? StreamStickPro IPTV wins: 18,000+ channels vs 100-500, $15/year vs $1,440/year, all sports included. Free trial available!","IPTV vs YouTube TV, IPTV comparison, best streaming service, streaming vs cable","comparison"
579,"IPTV vs YouTube TV - Complete Comparison 2025 | StreamSti...","IPTV vs YouTube TV? StreamStickPro IPTV wins: 18,000+ channels vs 100-500, $15/year vs $1,440/year, all sports included. Free trial available!","IPTV vs YouTube TV, IPTV comparison, best streaming service, streaming vs cable","comparison"
580,"IPTV vs YouTube TV - Complete Comparison 2025 | StreamSti...","IPTV vs YouTube TV? StreamStickPro IPTV wins: 18,000+ channels vs 100-500, $15/year vs $1,440/year, all sports included. Free trial available!","IPTV vs YouTube TV, IPTV comparison, best streaming service, streaming vs cable","comparison"
581,"Fire Stick vs Roku - Complete Comparison 2025 | StreamSti...","Fire Stick vs Roku? StreamStickPro IPTV wins: 18,000+ channels vs 100-500, $15/year vs $1,440/year, all sports included. Free trial available!","Fire Stick vs Roku, IPTV comparison, best streaming service, streaming vs cable","comparison"
582,"Fire Stick vs Roku - Complete Comparison 2025 | StreamSti...","Fire Stick vs Roku? StreamStickPro IPTV wins: 18,000+ channels vs 100-500, $15/year vs $1,440/year, all sports included. Free trial available!","Fire Stick vs Roku, IPTV comparison, best streaming service, streaming vs cable","comparison"
583,"Fire Stick vs Roku - Complete Comparison 2025 | StreamSti...","Fire Stick vs Roku? StreamStickPro IPTV wins: 18,000+ channels vs 100-500, $15/year vs $1,440/year, all sports included. Free trial available!","Fire Stick vs Roku, IPTV comparison, best streaming service, streaming vs cable","comparison"
584,"Fire Stick vs Roku - Complete Comparison 2025 | StreamSti...","Fire Stick vs Roku? StreamStickPro IPTV wins: 18,000+ channels vs 100-500, $15/year vs $1,440/year, all sports included. Free trial available!","Fire Stick vs Roku, IPTV comparison, best streaming service, streaming vs cable","comparison"
585,"Fire Stick vs Roku - Complete Comparison 2025 | StreamSti...","Fire Stick vs Roku? StreamStickPro IPTV wins: 18,000+ channels vs 100-500, $15/year vs $1,440/year, all sports included. Free trial available!","Fire Stick vs Roku, IPTV comparison, best streaming service, streaming vs cable","comparison"
586,"Fire Stick vs Roku - Complete Comparison 2025 | StreamSti...","Fire Stick vs Roku? StreamStickPro IPTV wins: 18,000+ channels vs 100-500, $15/year vs $1,440/year, all sports included. Free trial available!","Fire Stick vs Roku, IPTV comparison, best streaming service, streaming vs cable","comparison"
587,"Fire Stick vs Roku - Complete Comparison 2025 | StreamSti...","Fire Stick vs Roku? StreamStickPro IPTV wins: 18,000+ channels vs 100-500, $15/year vs $1,440/year, all sports included. Free trial available!","Fire Stick vs Roku, IPTV comparison, best streaming service, streaming vs cable","comparison"
588,"Fire Stick vs Roku - Complete Comparison 2025 | StreamSti...","Fire Stick vs Roku? StreamStickPro IPTV wins: 18,000+ channels vs 100-500, $15/year vs $1,440/year, all sports included. Free trial available!","Fire Stick vs Roku, IPTV comparison, best streaming service, streaming vs cable","comparison"
589,"Fire Stick vs Roku - Complete Comparison 2025 | StreamSti...","Fire Stick vs Roku? StreamStickPro IPTV wins: 18,000+ channels vs 100-500, $15/year vs $1,440/year, all sports included. Free trial available!","Fire Stick vs Roku, IPTV comparison, best streaming service, streaming vs cable","comparison"
590,"Fire Stick vs Roku - Complete Comparison 2025 | StreamSti...","Fire Stick vs Roku? StreamStickPro IPTV wins: 18,000+ channels vs 100-500, $15/year vs $1,440/year, all sports included. Free trial available!","Fire Stick vs Roku, IPTV comparison, best streaming service, streaming vs cable","comparison"
591,"pre-loaded vs regular Fire Stick - Complete Comparison 2025","pre-loaded vs regular Fire Stick? StreamStickPro IPTV wins: 18,000+ channels vs 100-500, $15/year vs $1,440/year, all sports included. Free trial availa...","pre-loaded vs regular Fire Stick, IPTV comparison, best streaming service, streaming vs cable","comparison"
592,"pre-loaded vs regular Fire Stick - Complete Comparison 2025","pre-loaded vs regular Fire Stick? StreamStickPro IPTV wins: 18,000+ channels vs 100-500, $15/year vs $1,440/year, all sports included. Free trial availa...","pre-loaded vs regular Fire Stick, IPTV comparison, best streaming service, streaming vs cable","comparison"
593,"pre-loaded vs regular Fire Stick - Complete Comparison 2025","pre-loaded vs regular Fire Stick? StreamStickPro IPTV wins: 18,000+ channels vs 100-500, $15/year vs $1,440/year, all sports included. Free trial availa...","pre-loaded vs regular Fire Stick, IPTV comparison, best streaming service, streaming vs cable","comparison"
594,"pre-loaded vs regular Fire Stick - Complete Comparison 2025","pre-loaded vs regular Fire Stick? StreamStickPro IPTV wins: 18,000+ channels vs 100-500, $15/year vs $1,440/year, all sports included. Free trial availa...","pre-loaded vs regular Fire Stick, IPTV comparison, best streaming service, streaming vs cable","comparison"
595,"pre-loaded vs regular Fire Stick - Complete Comparison 2025","pre-loaded vs regular Fire Stick? StreamStickPro IPTV wins: 18,000+ channels vs 100-500, $15/year vs $1,440/year, all sports included. Free trial availa...","pre-loaded vs regular Fire Stick, IPTV comparison, best streaming service, streaming vs cable","comparison"
596,"pre-loaded vs regular Fire Stick - Complete Comparison 2025","pre-loaded vs regular Fire Stick? StreamStickPro IPTV wins: 18,000+ channels vs 100-500, $15/year vs $1,440/year, all sports included. Free trial availa...","pre-loaded vs regular Fire Stick, IPTV comparison, best streaming service, streaming vs cable","comparison"
597,"pre-loaded vs regular Fire Stick - Complete Comparison 2025","pre-loaded vs regular Fire Stick? StreamStickPro IPTV wins: 18,000+ channels vs 100-500, $15/year vs $1,440/year, all sports included. Free trial availa...","pre-loaded vs regular Fire Stick, IPTV comparison, best streaming service, streaming vs cable","comparison"
598,"pre-loaded vs regular Fire Stick - Complete Comparison 2025","pre-loaded vs regular Fire Stick? StreamStickPro IPTV wins: 18,000+ channels vs 100-500, $15/year vs $1,440/year, all sports included. Free trial availa...","pre-loaded vs regular Fire Stick, IPTV comparison, best streaming service, streaming vs cable","comparison"
599,"pre-loaded vs regular Fire Stick - Complete Comparison 2025","pre-loaded vs regular Fire Stick? StreamStickPro IPTV wins: 18,000+ channels vs 100-500, $15/year vs $1,440/year, all sports included. Free trial availa...","pre-loaded vs regular Fire Stick, IPTV comparison, best streaming service, streaming vs cable","comparison"
600,"pre-loaded vs regular Fire Stick - Complete Comparison 2025","pre-loaded vs regular Fire Stick? StreamStickPro IPTV wins: 18,000+ channels vs 100-500, $15/year vs $1,440/year, all sports included. Free trial availa...","pre-loaded vs regular Fire Stick, IPTV comparison, best streaming service, streaming vs cable","comparison"
601,"cheap vs premium IPTV - Complete Comparison 2025 | Stream...","cheap vs premium IPTV? StreamStickPro IPTV wins: 18,000+ channels vs 100-500, $15/year vs $1,440/year, all sports included. Free trial available!","cheap vs premium IPTV, IPTV comparison, best streaming service, streaming vs cable","comparison"
602,"cheap vs premium IPTV - Complete Comparison 2025 | Stream...","cheap vs premium IPTV? StreamStickPro IPTV wins: 18,000+ channels vs 100-500, $15/year vs $1,440/year, all sports included. Free trial available!","cheap vs premium IPTV, IPTV comparison, best streaming service, streaming vs cable","comparison"
603,"cheap vs premium IPTV - Complete Comparison 2025 | Stream...","cheap vs premium IPTV? StreamStickPro IPTV wins: 18,000+ channels vs 100-500, $15/year vs $1,440/year, all sports included. Free trial available!","cheap vs premium IPTV, IPTV comparison, best streaming service, streaming vs cable","comparison"
604,"cheap vs premium IPTV - Complete Comparison 2025 | Stream...","cheap vs premium IPTV? StreamStickPro IPTV wins: 18,000+ channels vs 100-500, $15/year vs $1,440/year, all sports included. Free trial available!","cheap vs premium IPTV, IPTV comparison, best streaming service, streaming vs cable","comparison"
605,"cheap vs premium IPTV - Complete Comparison 2025 | Stream...","cheap vs premium IPTV? StreamStickPro IPTV wins: 18,000+ channels vs 100-500, $15/year vs $1,440/year, all sports included. Free trial available!","cheap vs premium IPTV, IPTV comparison, best streaming service, streaming vs cable","comparison"
606,"cheap vs premium IPTV - Complete Comparison 2025 | Stream...","cheap vs premium IPTV? StreamStickPro IPTV wins: 18,000+ channels vs 100-500, $15/year vs $1,440/year, all sports included. Free trial available!","cheap vs premium IPTV, IPTV comparison, best streaming service, streaming vs cable","comparison"
607,"cheap vs premium IPTV - Complete Comparison 2025 | Stream...","cheap vs premium IPTV? StreamStickPro IPTV wins: 18,000+ channels vs 100-500, $15/year vs $1,440/year, all sports included. Free trial available!","cheap vs premium IPTV, IPTV comparison, best streaming service, streaming vs cable","comparison"
608,"cheap vs premium IPTV - Complete Comparison 2025 | Stream...","cheap vs premium IPTV? StreamStickPro IPTV wins: 18,000+ channels vs 100-500, $15/year vs $1,440/year, all sports included. Free trial available!","cheap vs premium IPTV, IPTV comparison, best streaming service, streaming vs cable","comparison"
609,"cheap vs premium IPTV - Complete Comparison 2025 | Stream...","cheap vs premium IPTV? StreamStickPro IPTV wins: 18,000+ channels vs 100-500, $15/year vs $1,440/year, all sports included. Free trial available!","cheap vs premium IPTV, IPTV comparison, best streaming service, streaming vs cable","comparison"
610,"cheap vs premium IPTV - Complete Comparison 2025 | Stream...","cheap vs premium IPTV? StreamStickPro IPTV wins: 18,000+ channels vs 100-500, $15/year vs $1,440/year, all sports included. Free trial available!","cheap vs premium IPTV, IPTV comparison, best streaming service, streaming vs cable","comparison"
611,"monthly vs yearly IPTV - Complete Comparison 2025 | Strea...","monthly vs yearly IPTV? StreamStickPro IPTV wins: 18,000+ channels vs 100-500, $15/year vs $1,440/year, all sports included. Free trial available!","monthly vs yearly IPTV, IPTV comparison, best streaming service, streaming vs cable","comparison"
612,"monthly vs yearly IPTV - Complete Comparison 2025 | Strea...","monthly vs yearly IPTV? StreamStickPro IPTV wins: 18,000+ channels vs 100-500, $15/year vs $1,440/year, all sports included. Free trial available!","monthly vs yearly IPTV, IPTV comparison, best streaming service, streaming vs cable","comparison"
613,"monthly vs yearly IPTV - Complete Comparison 2025 | Strea...","monthly vs yearly IPTV? StreamStickPro IPTV wins: 18,000+ channels vs 100-500, $15/year vs $1,440/year, all sports included. Free trial available!","monthly vs yearly IPTV, IPTV comparison, best streaming service, streaming vs cable","comparison"
614,"monthly vs yearly IPTV - Complete Comparison 2025 | Strea...","monthly vs yearly IPTV? StreamStickPro IPTV wins: 18,000+ channels vs 100-500, $15/year vs $1,440/year, all sports included. Free trial available!","monthly vs yearly IPTV, IPTV comparison, best streaming service, streaming vs cable","comparison"
615,"monthly vs yearly IPTV - Complete Comparison 2025 | Strea...","monthly vs yearly IPTV? StreamStickPro IPTV wins: 18,000+ channels vs 100-500, $15/year vs $1,440/year, all sports included. Free trial available!","monthly vs yearly IPTV, IPTV comparison, best streaming service, streaming vs cable","comparison"
616,"monthly vs yearly IPTV - Complete Comparison 2025 | Strea...","monthly vs yearly IPTV? StreamStickPro IPTV wins: 18,000+ channels vs 100-500, $15/year vs $1,440/year, all sports included. Free trial available!","monthly vs yearly IPTV, IPTV comparison, best streaming service, streaming vs cable","comparison"
617,"monthly vs yearly IPTV - Complete Comparison 2025 | Strea...","monthly vs yearly IPTV? StreamStickPro IPTV wins: 18,000+ channels vs 100-500, $15/year vs $1,440/year, all sports included. Free trial available!","monthly vs yearly IPTV, IPTV comparison, best streaming service, streaming vs cable","comparison"
618,"monthly vs yearly IPTV - Complete Comparison 2025 | Strea...","monthly vs yearly IPTV? StreamStickPro IPTV wins: 18,000+ channels vs 100-500, $15/year vs $1,440/year, all sports included. Free trial available!","monthly vs yearly IPTV, IPTV comparison, best streaming service, streaming vs cable","comparison"
619,"monthly vs yearly IPTV - Complete Comparison 2025 | Strea...","monthly vs yearly IPTV? StreamStickPro IPTV wins: 18,000+ channels vs 100-500, $15/year vs $1,440/year, all sports included. Free trial available!","monthly vs yearly IPTV, IPTV comparison, best streaming service, streaming vs cable","comparison"
620,"monthly vs yearly IPTV - Complete Comparison 2025 | Strea...","monthly vs yearly IPTV? StreamStickPro IPTV wins: 18,000+ channels vs 100-500, $15/year vs $1,440/year, all sports included. Free trial available!","monthly vs yearly IPTV, IPTV comparison, best streaming service, streaming vs cable","comparison"
621,"how to install IPTV - Step-by-Step Guide 2025 | StreamSti...","how to install IPTV? StreamStickPro makes it easy: Get pre-loaded Fire Stick, plug in, enter credentials, start streaming. 18,000+ channels in 10 minute...","how to install IPTV, IPTV setup guide, streaming tutorial, Fire Stick setup, live TV guide","how-to"
622,"how to install IPTV - Step-by-Step Guide 2025 | StreamSti...","how to install IPTV? StreamStickPro makes it easy: Get pre-loaded Fire Stick, plug in, enter credentials, start streaming. 18,000+ channels in 10 minute...","how to install IPTV, IPTV setup guide, streaming tutorial, Fire Stick setup, live TV guide","how-to"
623,"how to install IPTV - Step-by-Step Guide 2025 | StreamSti...","how to install IPTV? StreamStickPro makes it easy: Get pre-loaded Fire Stick, plug in, enter credentials, start streaming. 18,000+ channels in 10 minute...","how to install IPTV, IPTV setup guide, streaming tutorial, Fire Stick setup, live TV guide","how-to"
624,"how to install IPTV - Step-by-Step Guide 2025 | StreamSti...","how to install IPTV? StreamStickPro makes it easy: Get pre-loaded Fire Stick, plug in, enter credentials, start streaming. 18,000+ channels in 10 minute...","how to install IPTV, IPTV setup guide, streaming tutorial, Fire Stick setup, live TV guide","how-to"
625,"how to install IPTV - Step-by-Step Guide 2025 | StreamSti...","how to install IPTV? StreamStickPro makes it easy: Get pre-loaded Fire Stick, plug in, enter credentials, start streaming. 18,000+ channels in 10 minute...","how to install IPTV, IPTV setup guide, streaming tutorial, Fire Stick setup, live TV guide","how-to"
626,"how to install IPTV - Step-by-Step Guide 2025 | StreamSti...","how to install IPTV? StreamStickPro makes it easy: Get pre-loaded Fire Stick, plug in, enter credentials, start streaming. 18,000+ channels in 10 minute...","how to install IPTV, IPTV setup guide, streaming tutorial, Fire Stick setup, live TV guide","how-to"
627,"how to install IPTV - Step-by-Step Guide 2025 | StreamSti...","how to install IPTV? StreamStickPro makes it easy: Get pre-loaded Fire Stick, plug in, enter credentials, start streaming. 18,000+ channels in 10 minute...","how to install IPTV, IPTV setup guide, streaming tutorial, Fire Stick setup, live TV guide","how-to"
628,"how to install IPTV - Step-by-Step Guide 2025 | StreamSti...","how to install IPTV? StreamStickPro makes it easy: Get pre-loaded Fire Stick, plug in, enter credentials, start streaming. 18,000+ channels in 10 minute...","how to install IPTV, IPTV setup guide, streaming tutorial, Fire Stick setup, live TV guide","how-to"
629,"how to install IPTV - Step-by-Step Guide 2025 | StreamSti...","how to install IPTV? StreamStickPro makes it easy: Get pre-loaded Fire Stick, plug in, enter credentials, start streaming. 18,000+ channels in 10 minute...","how to install IPTV, IPTV setup guide, streaming tutorial, Fire Stick setup, live TV guide","how-to"
630,"how to install IPTV - Step-by-Step Guide 2025 | StreamSti...","how to install IPTV? StreamStickPro makes it easy: Get pre-loaded Fire Stick, plug in, enter credentials, start streaming. 18,000+ channels in 10 minute...","how to install IPTV, IPTV setup guide, streaming tutorial, Fire Stick setup, live TV guide","how-to"
631,"how to install IPTV - Step-by-Step Guide 2025 | StreamSti...","how to install IPTV? StreamStickPro makes it easy: Get pre-loaded Fire Stick, plug in, enter credentials, start streaming. 18,000+ channels in 10 minute...","how to install IPTV, IPTV setup guide, streaming tutorial, Fire Stick setup, live TV guide","how-to"
632,"how to install IPTV - Step-by-Step Guide 2025 | StreamSti...","how to install IPTV? StreamStickPro makes it easy: Get pre-loaded Fire Stick, plug in, enter credentials, start streaming. 18,000+ channels in 10 minute...","how to install IPTV, IPTV setup guide, streaming tutorial, Fire Stick setup, live TV guide","how-to"
633,"how to set up Fire Stick - Step-by-Step Guide 2025","how to set up Fire Stick? StreamStickPro makes it easy: Get pre-loaded Fire Stick, plug in, enter credentials, start streaming. 18,000+ channels in 10 m...","how to set up Fire Stick, IPTV setup guide, streaming tutorial, Fire Stick setup, live TV guide","how-to"
634,"how to set up Fire Stick - Step-by-Step Guide 2025","how to set up Fire Stick? StreamStickPro makes it easy: Get pre-loaded Fire Stick, plug in, enter credentials, start streaming. 18,000+ channels in 10 m...","how to set up Fire Stick, IPTV setup guide, streaming tutorial, Fire Stick setup, live TV guide","how-to"
635,"how to set up Fire Stick - Step-by-Step Guide 2025","how to set up Fire Stick? StreamStickPro makes it easy: Get pre-loaded Fire Stick, plug in, enter credentials, start streaming. 18,000+ channels in 10 m...","how to set up Fire Stick, IPTV setup guide, streaming tutorial, Fire Stick setup, live TV guide","how-to"
636,"how to set up Fire Stick - Step-by-Step Guide 2025","how to set up Fire Stick? StreamStickPro makes it easy: Get pre-loaded Fire Stick, plug in, enter credentials, start streaming. 18,000+ channels in 10 m...","how to set up Fire Stick, IPTV setup guide, streaming tutorial, Fire Stick setup, live TV guide","how-to"
637,"how to set up Fire Stick - Step-by-Step Guide 2025","how to set up Fire Stick? StreamStickPro makes it easy: Get pre-loaded Fire Stick, plug in, enter credentials, start streaming. 18,000+ channels in 10 m...","how to set up Fire Stick, IPTV setup guide, streaming tutorial, Fire Stick setup, live TV guide","how-to"
638,"how to set up Fire Stick - Step-by-Step Guide 2025","how to set up Fire Stick? StreamStickPro makes it easy: Get pre-loaded Fire Stick, plug in, enter credentials, start streaming. 18,000+ channels in 10 m...","how to set up Fire Stick, IPTV setup guide, streaming tutorial, Fire Stick setup, live TV guide","how-to"
639,"how to set up Fire Stick - Step-by-Step Guide 2025","how to set up Fire Stick? StreamStickPro makes it easy: Get pre-loaded Fire Stick, plug in, enter credentials, start streaming. 18,000+ channels in 10 m...","how to set up Fire Stick, IPTV setup guide, streaming tutorial, Fire Stick setup, live TV guide","how-to"
640,"how to set up Fire Stick - Step-by-Step Guide 2025","how to set up Fire Stick? StreamStickPro makes it easy: Get pre-loaded Fire Stick, plug in, enter credentials, start streaming. 18,000+ channels in 10 m...","how to set up Fire Stick, IPTV setup guide, streaming tutorial, Fire Stick setup, live TV guide","how-to"
641,"how to set up Fire Stick - Step-by-Step Guide 2025","how to set up Fire Stick? StreamStickPro makes it easy: Get pre-loaded Fire Stick, plug in, enter credentials, start streaming. 18,000+ channels in 10 m...","how to set up Fire Stick, IPTV setup guide, streaming tutorial, Fire Stick setup, live TV guide","how-to"
642,"how to set up Fire Stick - Step-by-Step Guide 2025","how to set up Fire Stick? StreamStickPro makes it easy: Get pre-loaded Fire Stick, plug in, enter credentials, start streaming. 18,000+ channels in 10 m...","how to set up Fire Stick, IPTV setup guide, streaming tutorial, Fire Stick setup, live TV guide","how-to"
643,"how to set up Fire Stick - Step-by-Step Guide 2025","how to set up Fire Stick? StreamStickPro makes it easy: Get pre-loaded Fire Stick, plug in, enter credentials, start streaming. 18,000+ channels in 10 m...","how to set up Fire Stick, IPTV setup guide, streaming tutorial, Fire Stick setup, live TV guide","how-to"
644,"how to set up Fire Stick - Step-by-Step Guide 2025","how to set up Fire Stick? StreamStickPro makes it easy: Get pre-loaded Fire Stick, plug in, enter credentials, start streaming. 18,000+ channels in 10 m...","how to set up Fire Stick, IPTV setup guide, streaming tutorial, Fire Stick setup, live TV guide","how-to"
645,"how to watch live TV - Step-by-Step Guide 2025 | StreamSt...","how to watch live TV? StreamStickPro makes it easy: Get pre-loaded Fire Stick, plug in, enter credentials, start streaming. 18,000+ channels in 10 minut...","how to watch live TV, IPTV setup guide, streaming tutorial, Fire Stick setup, live TV guide","how-to"
646,"how to watch live TV - Step-by-Step Guide 2025 | StreamSt...","how to watch live TV? StreamStickPro makes it easy: Get pre-loaded Fire Stick, plug in, enter credentials, start streaming. 18,000+ channels in 10 minut...","how to watch live TV, IPTV setup guide, streaming tutorial, Fire Stick setup, live TV guide","how-to"
647,"how to watch live TV - Step-by-Step Guide 2025 | StreamSt...","how to watch live TV? StreamStickPro makes it easy: Get pre-loaded Fire Stick, plug in, enter credentials, start streaming. 18,000+ channels in 10 minut...","how to watch live TV, IPTV setup guide, streaming tutorial, Fire Stick setup, live TV guide","how-to"
648,"how to watch live TV - Step-by-Step Guide 2025 | StreamSt...","how to watch live TV? StreamStickPro makes it easy: Get pre-loaded Fire Stick, plug in, enter credentials, start streaming. 18,000+ channels in 10 minut...","how to watch live TV, IPTV setup guide, streaming tutorial, Fire Stick setup, live TV guide","how-to"
649,"how to watch live TV - Step-by-Step Guide 2025 | StreamSt...","how to watch live TV? StreamStickPro makes it easy: Get pre-loaded Fire Stick, plug in, enter credentials, start streaming. 18,000+ channels in 10 minut...","how to watch live TV, IPTV setup guide, streaming tutorial, Fire Stick setup, live TV guide","how-to"
650,"how to watch live TV - Step-by-Step Guide 2025 | StreamSt...","how to watch live TV? StreamStickPro makes it easy: Get pre-loaded Fire Stick, plug in, enter credentials, start streaming. 18,000+ channels in 10 minut...","how to watch live TV, IPTV setup guide, streaming tutorial, Fire Stick setup, live TV guide","how-to"
651,"how to watch live TV - Step-by-Step Guide 2025 | StreamSt...","how to watch live TV? StreamStickPro makes it easy: Get pre-loaded Fire Stick, plug in, enter credentials, start streaming. 18,000+ channels in 10 minut...","how to watch live TV, IPTV setup guide, streaming tutorial, Fire Stick setup, live TV guide","how-to"
652,"how to watch live TV - Step-by-Step Guide 2025 | StreamSt...","how to watch live TV? StreamStickPro makes it easy: Get pre-loaded Fire Stick, plug in, enter credentials, start streaming. 18,000+ channels in 10 minut...","how to watch live TV, IPTV setup guide, streaming tutorial, Fire Stick setup, live TV guide","how-to"
653,"how to watch live TV - Step-by-Step Guide 2025 | StreamSt...","how to watch live TV? StreamStickPro makes it easy: Get pre-loaded Fire Stick, plug in, enter credentials, start streaming. 18,000+ channels in 10 minut...","how to watch live TV, IPTV setup guide, streaming tutorial, Fire Stick setup, live TV guide","how-to"
654,"how to watch live TV - Step-by-Step Guide 2025 | StreamSt...","how to watch live TV? StreamStickPro makes it easy: Get pre-loaded Fire Stick, plug in, enter credentials, start streaming. 18,000+ channels in 10 minut...","how to watch live TV, IPTV setup guide, streaming tutorial, Fire Stick setup, live TV guide","how-to"
655,"how to watch live TV - Step-by-Step Guide 2025 | StreamSt...","how to watch live TV? StreamStickPro makes it easy: Get pre-loaded Fire Stick, plug in, enter credentials, start streaming. 18,000+ channels in 10 minut...","how to watch live TV, IPTV setup guide, streaming tutorial, Fire Stick setup, live TV guide","how-to"
656,"how to watch live TV - Step-by-Step Guide 2025 | StreamSt...","how to watch live TV? StreamStickPro makes it easy: Get pre-loaded Fire Stick, plug in, enter credentials, start streaming. 18,000+ channels in 10 minut...","how to watch live TV, IPTV setup guide, streaming tutorial, Fire Stick setup, live TV guide","how-to"
657,"how to stream sports - Step-by-Step Guide 2025 | StreamSt...","how to stream sports? StreamStickPro makes it easy: Get pre-loaded Fire Stick, plug in, enter credentials, start streaming. 18,000+ channels in 10 minut...","how to stream sports, IPTV setup guide, streaming tutorial, Fire Stick setup, live TV guide","how-to"
658,"how to stream sports - Step-by-Step Guide 2025 | StreamSt...","how to stream sports? StreamStickPro makes it easy: Get pre-loaded Fire Stick, plug in, enter credentials, start streaming. 18,000+ channels in 10 minut...","how to stream sports, IPTV setup guide, streaming tutorial, Fire Stick setup, live TV guide","how-to"
659,"how to stream sports - Step-by-Step Guide 2025 | StreamSt...","how to stream sports? StreamStickPro makes it easy: Get pre-loaded Fire Stick, plug in, enter credentials, start streaming. 18,000+ channels in 10 minut...","how to stream sports, IPTV setup guide, streaming tutorial, Fire Stick setup, live TV guide","how-to"
660,"how to stream sports - Step-by-Step Guide 2025 | StreamSt...","how to stream sports? StreamStickPro makes it easy: Get pre-loaded Fire Stick, plug in, enter credentials, start streaming. 18,000+ channels in 10 minut...","how to stream sports, IPTV setup guide, streaming tutorial, Fire Stick setup, live TV guide","how-to"
661,"how to stream sports - Step-by-Step Guide 2025 | StreamSt...","how to stream sports? StreamStickPro makes it easy: Get pre-loaded Fire Stick, plug in, enter credentials, start streaming. 18,000+ channels in 10 minut...","how to stream sports, IPTV setup guide, streaming tutorial, Fire Stick setup, live TV guide","how-to"
662,"how to stream sports - Step-by-Step Guide 2025 | StreamSt...","how to stream sports? StreamStickPro makes it easy: Get pre-loaded Fire Stick, plug in, enter credentials, start streaming. 18,000+ channels in 10 minut...","how to stream sports, IPTV setup guide, streaming tutorial, Fire Stick setup, live TV guide","how-to"
663,"how to stream sports - Step-by-Step Guide 2025 | StreamSt...","how to stream sports? StreamStickPro makes it easy: Get pre-loaded Fire Stick, plug in, enter credentials, start streaming. 18,000+ channels in 10 minut...","how to stream sports, IPTV setup guide, streaming tutorial, Fire Stick setup, live TV guide","how-to"
664,"how to stream sports - Step-by-Step Guide 2025 | StreamSt...","how to stream sports? StreamStickPro makes it easy: Get pre-loaded Fire Stick, plug in, enter credentials, start streaming. 18,000+ channels in 10 minut...","how to stream sports, IPTV setup guide, streaming tutorial, Fire Stick setup, live TV guide","how-to"
665,"how to stream sports - Step-by-Step Guide 2025 | StreamSt...","how to stream sports? StreamStickPro makes it easy: Get pre-loaded Fire Stick, plug in, enter credentials, start streaming. 18,000+ channels in 10 minut...","how to stream sports, IPTV setup guide, streaming tutorial, Fire Stick setup, live TV guide","how-to"
666,"how to stream sports - Step-by-Step Guide 2025 | StreamSt...","how to stream sports? StreamStickPro makes it easy: Get pre-loaded Fire Stick, plug in, enter credentials, start streaming. 18,000+ channels in 10 minut...","how to stream sports, IPTV setup guide, streaming tutorial, Fire Stick setup, live TV guide","how-to"
667,"how to stream sports - Step-by-Step Guide 2025 | StreamSt...","how to stream sports? StreamStickPro makes it easy: Get pre-loaded Fire Stick, plug in, enter credentials, start streaming. 18,000+ channels in 10 minut...","how to stream sports, IPTV setup guide, streaming tutorial, Fire Stick setup, live TV guide","how-to"
668,"how to stream sports - Step-by-Step Guide 2025 | StreamSt...","how to stream sports? StreamStickPro makes it easy: Get pre-loaded Fire Stick, plug in, enter credentials, start streaming. 18,000+ channels in 10 minut...","how to stream sports, IPTV setup guide, streaming tutorial, Fire Stick setup, live TV guide","how-to"
669,"how to save money on TV - Step-by-Step Guide 2025 | Strea...","how to save money on TV? StreamStickPro makes it easy: Get pre-loaded Fire Stick, plug in, enter credentials, start streaming. 18,000+ channels in 10 mi...","how to save money on TV, IPTV setup guide, streaming tutorial, Fire Stick setup, live TV guide","how-to"
670,"how to save money on TV - Step-by-Step Guide 2025 | Strea...","how to save money on TV? StreamStickPro makes it easy: Get pre-loaded Fire Stick, plug in, enter credentials, start streaming. 18,000+ channels in 10 mi...","how to save money on TV, IPTV setup guide, streaming tutorial, Fire Stick setup, live TV guide","how-to"
671,"how to save money on TV - Step-by-Step Guide 2025 | Strea...","how to save money on TV? StreamStickPro makes it easy: Get pre-loaded Fire Stick, plug in, enter credentials, start streaming. 18,000+ channels in 10 mi...","how to save money on TV, IPTV setup guide, streaming tutorial, Fire Stick setup, live TV guide","how-to"
672,"how to save money on TV - Step-by-Step Guide 2025 | Strea...","how to save money on TV? StreamStickPro makes it easy: Get pre-loaded Fire Stick, plug in, enter credentials, start streaming. 18,000+ channels in 10 mi...","how to save money on TV, IPTV setup guide, streaming tutorial, Fire Stick setup, live TV guide","how-to"
673,"how to save money on TV - Step-by-Step Guide 2025 | Strea...","how to save money on TV? StreamStickPro makes it easy: Get pre-loaded Fire Stick, plug in, enter credentials, start streaming. 18,000+ channels in 10 mi...","how to save money on TV, IPTV setup guide, streaming tutorial, Fire Stick setup, live TV guide","how-to"
674,"how to save money on TV - Step-by-Step Guide 2025 | Strea...","how to save money on TV? StreamStickPro makes it easy: Get pre-loaded Fire Stick, plug in, enter credentials, start streaming. 18,000+ channels in 10 mi...","how to save money on TV, IPTV setup guide, streaming tutorial, Fire Stick setup, live TV guide","how-to"
675,"how to save money on TV - Step-by-Step Guide 2025 | Strea...","how to save money on TV? StreamStickPro makes it easy: Get pre-loaded Fire Stick, plug in, enter credentials, start streaming. 18,000+ channels in 10 mi...","how to save money on TV, IPTV setup guide, streaming tutorial, Fire Stick setup, live TV guide","how-to"
676,"how to save money on TV - Step-by-Step Guide 2025 | Strea...","how to save money on TV? StreamStickPro makes it easy: Get pre-loaded Fire Stick, plug in, enter credentials, start streaming. 18,000+ channels in 10 mi...","how to save money on TV, IPTV setup guide, streaming tutorial, Fire Stick setup, live TV guide","how-to"
677,"how to save money on TV - Step-by-Step Guide 2025 | Strea...","how to save money on TV? StreamStickPro makes it easy: Get pre-loaded Fire Stick, plug in, enter credentials, start streaming. 18,000+ channels in 10 mi...","how to save money on TV, IPTV setup guide, streaming tutorial, Fire Stick setup, live TV guide","how-to"
678,"how to save money on TV - Step-by-Step Guide 2025 | Strea...","how to save money on TV? StreamStickPro makes it easy: Get pre-loaded Fire Stick, plug in, enter credentials, start streaming. 18,000+ channels in 10 mi...","how to save money on TV, IPTV setup guide, streaming tutorial, Fire Stick setup, live TV guide","how-to"
679,"how to save money on TV - Step-by-Step Guide 2025 | Strea...","how to save money on TV? StreamStickPro makes it easy: Get pre-loaded Fire Stick, plug in, enter credentials, start streaming. 18,000+ channels in 10 mi...","how to save money on TV, IPTV setup guide, streaming tutorial, Fire Stick setup, live TV guide","how-to"
680,"how to save money on TV - Step-by-Step Guide 2025 | Strea...","how to save money on TV? StreamStickPro makes it easy: Get pre-loaded Fire Stick, plug in, enter credentials, start streaming. 18,000+ channels in 10 mi...","how to save money on TV, IPTV setup guide, streaming tutorial, Fire Stick setup, live TV guide","how-to"
681,"how to get free TV - Step-by-Step Guide 2025 | StreamStic...","how to get free TV? StreamStickPro makes it easy: Get pre-loaded Fire Stick, plug in, enter credentials, start streaming. 18,000+ channels in 10 minutes...","how to get free TV, IPTV setup guide, streaming tutorial, Fire Stick setup, live TV guide","how-to"
682,"how to get free TV - Step-by-Step Guide 2025 | StreamStic...","how to get free TV? StreamStickPro makes it easy: Get pre-loaded Fire Stick, plug in, enter credentials, start streaming. 18,000+ channels in 10 minutes...","how to get free TV, IPTV setup guide, streaming tutorial, Fire Stick setup, live TV guide","how-to"
683,"how to get free TV - Step-by-Step Guide 2025 | StreamStic...","how to get free TV? StreamStickPro makes it easy: Get pre-loaded Fire Stick, plug in, enter credentials, start streaming. 18,000+ channels in 10 minutes...","how to get free TV, IPTV setup guide, streaming tutorial, Fire Stick setup, live TV guide","how-to"
684,"how to get free TV - Step-by-Step Guide 2025 | StreamStic...","how to get free TV? StreamStickPro makes it easy: Get pre-loaded Fire Stick, plug in, enter credentials, start streaming. 18,000+ channels in 10 minutes...","how to get free TV, IPTV setup guide, streaming tutorial, Fire Stick setup, live TV guide","how-to"
685,"how to get free TV - Step-by-Step Guide 2025 | StreamStic...","how to get free TV? StreamStickPro makes it easy: Get pre-loaded Fire Stick, plug in, enter credentials, start streaming. 18,000+ channels in 10 minutes...","how to get free TV, IPTV setup guide, streaming tutorial, Fire Stick setup, live TV guide","how-to"
686,"how to get free TV - Step-by-Step Guide 2025 | StreamStic...","how to get free TV? StreamStickPro makes it easy: Get pre-loaded Fire Stick, plug in, enter credentials, start streaming. 18,000+ channels in 10 minutes...","how to get free TV, IPTV setup guide, streaming tutorial, Fire Stick setup, live TV guide","how-to"
687,"how to get free TV - Step-by-Step Guide 2025 | StreamStic...","how to get free TV? StreamStickPro makes it easy: Get pre-loaded Fire Stick, plug in, enter credentials, start streaming. 18,000+ channels in 10 minutes...","how to get free TV, IPTV setup guide, streaming tutorial, Fire Stick setup, live TV guide","how-to"
688,"how to get free TV - Step-by-Step Guide 2025 | StreamStic...","how to get free TV? StreamStickPro makes it easy: Get pre-loaded Fire Stick, plug in, enter credentials, start streaming. 18,000+ channels in 10 minutes...","how to get free TV, IPTV setup guide, streaming tutorial, Fire Stick setup, live TV guide","how-to"
689,"how to get free TV - Step-by-Step Guide 2025 | StreamStic...","how to get free TV? StreamStickPro makes it easy: Get pre-loaded Fire Stick, plug in, enter credentials, start streaming. 18,000+ channels in 10 minutes...","how to get free TV, IPTV setup guide, streaming tutorial, Fire Stick setup, live TV guide","how-to"
690,"how to get free TV - Step-by-Step Guide 2025 | StreamStic...","how to get free TV? StreamStickPro makes it easy: Get pre-loaded Fire Stick, plug in, enter credentials, start streaming. 18,000+ channels in 10 minutes...","how to get free TV, IPTV setup guide, streaming tutorial, Fire Stick setup, live TV guide","how-to"
691,"how to get free TV - Step-by-Step Guide 2025 | StreamStic...","how to get free TV? StreamStickPro makes it easy: Get pre-loaded Fire Stick, plug in, enter credentials, start streaming. 18,000+ channels in 10 minutes...","how to get free TV, IPTV setup guide, streaming tutorial, Fire Stick setup, live TV guide","how-to"
692,"how to get free TV - Step-by-Step Guide 2025 | StreamStic...","how to get free TV? StreamStickPro makes it easy: Get pre-loaded Fire Stick, plug in, enter credentials, start streaming. 18,000+ channels in 10 minutes...","how to get free TV, IPTV setup guide, streaming tutorial, Fire Stick setup, live TV guide","how-to"
693,"how to watch movies online - Step-by-Step Guide 2025","how to watch movies online? StreamStickPro makes it easy: Get pre-loaded Fire Stick, plug in, enter credentials, start streaming. 18,000+ channels in 10...","how to watch movies online, IPTV setup guide, streaming tutorial, Fire Stick setup, live TV guide","how-to"
694,"how to watch movies online - Step-by-Step Guide 2025","how to watch movies online? StreamStickPro makes it easy: Get pre-loaded Fire Stick, plug in, enter credentials, start streaming. 18,000+ channels in 10...","how to watch movies online, IPTV setup guide, streaming tutorial, Fire Stick setup, live TV guide","how-to"
695,"how to watch movies online - Step-by-Step Guide 2025","how to watch movies online? StreamStickPro makes it easy: Get pre-loaded Fire Stick, plug in, enter credentials, start streaming. 18,000+ channels in 10...","how to watch movies online, IPTV setup guide, streaming tutorial, Fire Stick setup, live TV guide","how-to"
696,"how to watch movies online - Step-by-Step Guide 2025","how to watch movies online? StreamStickPro makes it easy: Get pre-loaded Fire Stick, plug in, enter credentials, start streaming. 18,000+ channels in 10...","how to watch movies online, IPTV setup guide, streaming tutorial, Fire Stick setup, live TV guide","how-to"
697,"how to watch movies online - Step-by-Step Guide 2025","how to watch movies online? StreamStickPro makes it easy: Get pre-loaded Fire Stick, plug in, enter credentials, start streaming. 18,000+ channels in 10...","how to watch movies online, IPTV setup guide, streaming tutorial, Fire Stick setup, live TV guide","how-to"
698,"how to watch movies online - Step-by-Step Guide 2025","how to watch movies online? StreamStickPro makes it easy: Get pre-loaded Fire Stick, plug in, enter credentials, start streaming. 18,000+ channels in 10...","how to watch movies online, IPTV setup guide, streaming tutorial, Fire Stick setup, live TV guide","how-to"
699,"how to watch movies online - Step-by-Step Guide 2025","how to watch movies online? StreamStickPro makes it easy: Get pre-loaded Fire Stick, plug in, enter credentials, start streaming. 18,000+ channels in 10...","how to watch movies online, IPTV setup guide, streaming tutorial, Fire Stick setup, live TV guide","how-to"
700,"how to watch movies online - Step-by-Step Guide 2025","how to watch movies online? StreamStickPro makes it easy: Get pre-loaded Fire Stick, plug in, enter credentials, start streaming. 18,000+ channels in 10...","how to watch movies online, IPTV setup guide, streaming tutorial, Fire Stick setup, live TV guide","how-to"
701,"how to watch movies online - Step-by-Step Guide 2025","how to watch movies online? StreamStickPro makes it easy: Get pre-loaded Fire Stick, plug in, enter credentials, start streaming. 18,000+ channels in 10...","how to watch movies online, IPTV setup guide, streaming tutorial, Fire Stick setup, live TV guide","how-to"
702,"how to watch movies online - Step-by-Step Guide 2025","how to watch movies online? StreamStickPro makes it easy: Get pre-loaded Fire Stick, plug in, enter credentials, start streaming. 18,000+ channels in 10...","how to watch movies online, IPTV setup guide, streaming tutorial, Fire Stick setup, live TV guide","how-to"
703,"how to watch movies online - Step-by-Step Guide 2025","how to watch movies online? StreamStickPro makes it easy: Get pre-loaded Fire Stick, plug in, enter credentials, start streaming. 18,000+ channels in 10...","how to watch movies online, IPTV setup guide, streaming tutorial, Fire Stick setup, live TV guide","how-to"
704,"how to watch movies online - Step-by-Step Guide 2025","how to watch movies online? StreamStickPro makes it easy: Get pre-loaded Fire Stick, plug in, enter credentials, start streaming. 18,000+ channels in 10...","how to watch movies online, IPTV setup guide, streaming tutorial, Fire Stick setup, live TV guide","how-to"
705,"how to cut cable bill - Step-by-Step Guide 2025 | StreamS...","how to cut cable bill? StreamStickPro makes it easy: Get pre-loaded Fire Stick, plug in, enter credentials, start streaming. 18,000+ channels in 10 minu...","how to cut cable bill, IPTV setup guide, streaming tutorial, Fire Stick setup, live TV guide","how-to"
706,"how to cut cable bill - Step-by-Step Guide 2025 | StreamS...","how to cut cable bill? StreamStickPro makes it easy: Get pre-loaded Fire Stick, plug in, enter credentials, start streaming. 18,000+ channels in 10 minu...","how to cut cable bill, IPTV setup guide, streaming tutorial, Fire Stick setup, live TV guide","how-to"
707,"how to cut cable bill - Step-by-Step Guide 2025 | StreamS...","how to cut cable bill? StreamStickPro makes it easy: Get pre-loaded Fire Stick, plug in, enter credentials, start streaming. 18,000+ channels in 10 minu...","how to cut cable bill, IPTV setup guide, streaming tutorial, Fire Stick setup, live TV guide","how-to"
708,"how to cut cable bill - Step-by-Step Guide 2025 | StreamS...","how to cut cable bill? StreamStickPro makes it easy: Get pre-loaded Fire Stick, plug in, enter credentials, start streaming. 18,000+ channels in 10 minu...","how to cut cable bill, IPTV setup guide, streaming tutorial, Fire Stick setup, live TV guide","how-to"
709,"how to cut cable bill - Step-by-Step Guide 2025 | StreamS...","how to cut cable bill? StreamStickPro makes it easy: Get pre-loaded Fire Stick, plug in, enter credentials, start streaming. 18,000+ channels in 10 minu...","how to cut cable bill, IPTV setup guide, streaming tutorial, Fire Stick setup, live TV guide","how-to"
710,"how to cut cable bill - Step-by-Step Guide 2025 | StreamS...","how to cut cable bill? StreamStickPro makes it easy: Get pre-loaded Fire Stick, plug in, enter credentials, start streaming. 18,000+ channels in 10 minu...","how to cut cable bill, IPTV setup guide, streaming tutorial, Fire Stick setup, live TV guide","how-to"
711,"how to cut cable bill - Step-by-Step Guide 2025 | StreamS...","how to cut cable bill? StreamStickPro makes it easy: Get pre-loaded Fire Stick, plug in, enter credentials, start streaming. 18,000+ channels in 10 minu...","how to cut cable bill, IPTV setup guide, streaming tutorial, Fire Stick setup, live TV guide","how-to"
712,"how to cut cable bill - Step-by-Step Guide 2025 | StreamS...","how to cut cable bill? StreamStickPro makes it easy: Get pre-loaded Fire Stick, plug in, enter credentials, start streaming. 18,000+ channels in 10 minu...","how to cut cable bill, IPTV setup guide, streaming tutorial, Fire Stick setup, live TV guide","how-to"
713,"how to cut cable bill - Step-by-Step Guide 2025 | StreamS...","how to cut cable bill? StreamStickPro makes it easy: Get pre-loaded Fire Stick, plug in, enter credentials, start streaming. 18,000+ channels in 10 minu...","how to cut cable bill, IPTV setup guide, streaming tutorial, Fire Stick setup, live TV guide","how-to"
714,"how to cut cable bill - Step-by-Step Guide 2025 | StreamS...","how to cut cable bill? StreamStickPro makes it easy: Get pre-loaded Fire Stick, plug in, enter credentials, start streaming. 18,000+ channels in 10 minu...","how to cut cable bill, IPTV setup guide, streaming tutorial, Fire Stick setup, live TV guide","how-to"
715,"how to cut cable bill - Step-by-Step Guide 2025 | StreamS...","how to cut cable bill? StreamStickPro makes it easy: Get pre-loaded Fire Stick, plug in, enter credentials, start streaming. 18,000+ channels in 10 minu...","how to cut cable bill, IPTV setup guide, streaming tutorial, Fire Stick setup, live TV guide","how-to"
716,"how to cut cable bill - Step-by-Step Guide 2025 | StreamS...","how to cut cable bill? StreamStickPro makes it easy: Get pre-loaded Fire Stick, plug in, enter credentials, start streaming. 18,000+ channels in 10 minu...","how to cut cable bill, IPTV setup guide, streaming tutorial, Fire Stick setup, live TV guide","how-to"
717,"cable too expensive? - IPTV Solution Starting $15 | Strea...","cable too expensive? StreamStickPro solves it: 18,000+ live channels worldwide. Access 18,000+ channels, 60,000+ movies, all sports. Save $1,200+ yearly...","cable too expensive, IPTV solution, streaming solution, cheap TV alternative, cable alternative","problem-solution"
718,"cable too expensive? - IPTV Solution Starting $15 | Strea...","cable too expensive? StreamStickPro solves it: 60,000+ movies and TV shows. Access 18,000+ channels, 60,000+ movies, all sports. Save $1,200+ yearly. Fr...","cable too expensive, IPTV solution, streaming solution, cheap TV alternative, cable alternative","problem-solution"
719,"cable too expensive? - IPTV Solution Starting $15 | Strea...","cable too expensive? StreamStickPro solves it: All sports including NFL, NBA, UFC. Access 18,000+ channels, 60,000+ movies, all sports. Save $1,200+ yea...","cable too expensive, IPTV solution, streaming solution, cheap TV alternative, cable alternative","problem-solution"
720,"cable too expensive? - IPTV Solution Starting $15 | Strea...","cable too expensive? StreamStickPro solves it: Starting at just $15 per year. Access 18,000+ channels, 60,000+ movies, all sports. Save $1,200+ yearly. ...","cable too expensive, IPTV solution, streaming solution, cheap TV alternative, cable alternative","problem-solution"
721,"cable too expensive? - IPTV Solution Starting $15 | Strea...","cable too expensive? StreamStickPro solves it: Save $1,200+ compared to cable. Access 18,000+ channels, 60,000+ movies, all sports. Save $1,200+ yearly....","cable too expensive, IPTV solution, streaming solution, cheap TV alternative, cable alternative","problem-solution"
722,"cable too expensive? - IPTV Solution Starting $15 | Strea...","cable too expensive? StreamStickPro solves it: No contracts, cancel anytime. Access 18,000+ channels, 60,000+ movies, all sports. Save $1,200+ yearly. F...","cable too expensive, IPTV solution, streaming solution, cheap TV alternative, cable alternative","problem-solution"
723,"cable too expensive? - IPTV Solution Starting $15 | Strea...","cable too expensive? StreamStickPro solves it: Free 36-hour trial available. Access 18,000+ channels, 60,000+ movies, all sports. Save $1,200+ yearly. F...","cable too expensive, IPTV solution, streaming solution, cheap TV alternative, cable alternative","problem-solution"
724,"cable too expensive? - IPTV Solution Starting $15 | Strea...","cable too expensive? StreamStickPro solves it: Instant setup in 10 minutes. Access 18,000+ channels, 60,000+ movies, all sports. Save $1,200+ yearly. Fr...","cable too expensive, IPTV solution, streaming solution, cheap TV alternative, cable alternative","problem-solution"
725,"cable too expensive? - IPTV Solution Starting $15 | Strea...","cable too expensive? StreamStickPro solves it: Works on Fire Stick, ONN, Android TV. Access 18,000+ channels, 60,000+ movies, all sports. Save $1,200+ y...","cable too expensive, IPTV solution, streaming solution, cheap TV alternative, cable alternative","problem-solution"
726,"cable too expensive? - IPTV Solution Starting $15 | Strea...","cable too expensive? StreamStickPro solves it: 24/7 customer support included. Access 18,000+ channels, 60,000+ movies, all sports. Save $1,200+ yearly....","cable too expensive, IPTV solution, streaming solution, cheap TV alternative, cable alternative","problem-solution"
727,"cable too expensive? - IPTV Solution Starting $15 | Strea...","cable too expensive? StreamStickPro solves it: Pre-loaded devices available. Access 18,000+ channels, 60,000+ movies, all sports. Save $1,200+ yearly. F...","cable too expensive, IPTV solution, streaming solution, cheap TV alternative, cable alternative","problem-solution"
728,"cable too expensive? - IPTV Solution Starting $15 | Strea...","cable too expensive? StreamStickPro solves it: HD and 4K quality streaming. Access 18,000+ channels, 60,000+ movies, all sports. Save $1,200+ yearly. Fr...","cable too expensive, IPTV solution, streaming solution, cheap TV alternative, cable alternative","problem-solution"
729,"want more channels? - IPTV Solution Starting $15 | Stream...","want more channels? StreamStickPro solves it: 18,000+ live channels worldwide. Access 18,000+ channels, 60,000+ movies, all sports. Save $1,200+ yearly....","want more channels, IPTV solution, streaming solution, cheap TV alternative, cable alternative","problem-solution"
730,"want more channels? - IPTV Solution Starting $15 | Stream...","want more channels? StreamStickPro solves it: 60,000+ movies and TV shows. Access 18,000+ channels, 60,000+ movies, all sports. Save $1,200+ yearly. Fre...","want more channels, IPTV solution, streaming solution, cheap TV alternative, cable alternative","problem-solution"
731,"want more channels? - IPTV Solution Starting $15 | Stream...","want more channels? StreamStickPro solves it: All sports including NFL, NBA, UFC. Access 18,000+ channels, 60,000+ movies, all sports. Save $1,200+ year...","want more channels, IPTV solution, streaming solution, cheap TV alternative, cable alternative","problem-solution"
732,"want more channels? - IPTV Solution Starting $15 | Stream...","want more channels? StreamStickPro solves it: Starting at just $15 per year. Access 18,000+ channels, 60,000+ movies, all sports. Save $1,200+ yearly. F...","want more channels, IPTV solution, streaming solution, cheap TV alternative, cable alternative","problem-solution"
733,"want more channels? - IPTV Solution Starting $15 | Stream...","want more channels? StreamStickPro solves it: Save $1,200+ compared to cable. Access 18,000+ channels, 60,000+ movies, all sports. Save $1,200+ yearly. ...","want more channels, IPTV solution, streaming solution, cheap TV alternative, cable alternative","problem-solution"
734,"want more channels? - IPTV Solution Starting $15 | Stream...","want more channels? StreamStickPro solves it: No contracts, cancel anytime. Access 18,000+ channels, 60,000+ movies, all sports. Save $1,200+ yearly. Fr...","want more channels, IPTV solution, streaming solution, cheap TV alternative, cable alternative","problem-solution"
735,"want more channels? - IPTV Solution Starting $15 | Stream...","want more channels? StreamStickPro solves it: Free 36-hour trial available. Access 18,000+ channels, 60,000+ movies, all sports. Save $1,200+ yearly. Fr...","want more channels, IPTV solution, streaming solution, cheap TV alternative, cable alternative","problem-solution"
736,"want more channels? - IPTV Solution Starting $15 | Stream...","want more channels? StreamStickPro solves it: Instant setup in 10 minutes. Access 18,000+ channels, 60,000+ movies, all sports. Save $1,200+ yearly. Fre...","want more channels, IPTV solution, streaming solution, cheap TV alternative, cable alternative","problem-solution"
737,"want more channels? - IPTV Solution Starting $15 | Stream...","want more channels? StreamStickPro solves it: Works on Fire Stick, ONN, Android TV. Access 18,000+ channels, 60,000+ movies, all sports. Save $1,200+ ye...","want more channels, IPTV solution, streaming solution, cheap TV alternative, cable alternative","problem-solution"
738,"want more channels? - IPTV Solution Starting $15 | Stream...","want more channels? StreamStickPro solves it: 24/7 customer support included. Access 18,000+ channels, 60,000+ movies, all sports. Save $1,200+ yearly. ...","want more channels, IPTV solution, streaming solution, cheap TV alternative, cable alternative","problem-solution"
739,"want more channels? - IPTV Solution Starting $15 | Stream...","want more channels? StreamStickPro solves it: Pre-loaded devices available. Access 18,000+ channels, 60,000+ movies, all sports. Save $1,200+ yearly. Fr...","want more channels, IPTV solution, streaming solution, cheap TV alternative, cable alternative","problem-solution"
740,"want more channels? - IPTV Solution Starting $15 | Stream...","want more channels? StreamStickPro solves it: HD and 4K quality streaming. Access 18,000+ channels, 60,000+ movies, all sports. Save $1,200+ yearly. Fre...","want more channels, IPTV solution, streaming solution, cheap TV alternative, cable alternative","problem-solution"
741,"need sports streaming? - IPTV Solution Starting $15","need sports streaming? StreamStickPro solves it: 18,000+ live channels worldwide. Access 18,000+ channels, 60,000+ movies, all sports. Save $1,200+ year...","need sports streaming, IPTV solution, streaming solution, cheap TV alternative, cable alternative","problem-solution"
742,"need sports streaming? - IPTV Solution Starting $15","need sports streaming? StreamStickPro solves it: 60,000+ movies and TV shows. Access 18,000+ channels, 60,000+ movies, all sports. Save $1,200+ yearly. ...","need sports streaming, IPTV solution, streaming solution, cheap TV alternative, cable alternative","problem-solution"
743,"need sports streaming? - IPTV Solution Starting $15","need sports streaming? StreamStickPro solves it: All sports including NFL, NBA, UFC. Access 18,000+ channels, 60,000+ movies, all sports. Save $1,200+ y...","need sports streaming, IPTV solution, streaming solution, cheap TV alternative, cable alternative","problem-solution"
744,"need sports streaming? - IPTV Solution Starting $15","need sports streaming? StreamStickPro solves it: Starting at just $15 per year. Access 18,000+ channels, 60,000+ movies, all sports. Save $1,200+ yearly...","need sports streaming, IPTV solution, streaming solution, cheap TV alternative, cable alternative","problem-solution"
745,"need sports streaming? - IPTV Solution Starting $15","need sports streaming? StreamStickPro solves it: Save $1,200+ compared to cable. Access 18,000+ channels, 60,000+ movies, all sports. Save $1,200+ yearl...","need sports streaming, IPTV solution, streaming solution, cheap TV alternative, cable alternative","problem-solution"
746,"need sports streaming? - IPTV Solution Starting $15","need sports streaming? StreamStickPro solves it: No contracts, cancel anytime. Access 18,000+ channels, 60,000+ movies, all sports. Save $1,200+ yearly....","need sports streaming, IPTV solution, streaming solution, cheap TV alternative, cable alternative","problem-solution"
747,"need sports streaming? - IPTV Solution Starting $15","need sports streaming? StreamStickPro solves it: Free 36-hour trial available. Access 18,000+ channels, 60,000+ movies, all sports. Save $1,200+ yearly....","need sports streaming, IPTV solution, streaming solution, cheap TV alternative, cable alternative","problem-solution"
748,"need sports streaming? - IPTV Solution Starting $15","need sports streaming? StreamStickPro solves it: Instant setup in 10 minutes. Access 18,000+ channels, 60,000+ movies, all sports. Save $1,200+ yearly. ...","need sports streaming, IPTV solution, streaming solution, cheap TV alternative, cable alternative","problem-solution"
749,"need sports streaming? - IPTV Solution Starting $15","need sports streaming? StreamStickPro solves it: Works on Fire Stick, ONN, Android TV. Access 18,000+ channels, 60,000+ movies, all sports. Save $1,200+...","need sports streaming, IPTV solution, streaming solution, cheap TV alternative, cable alternative","problem-solution"
750,"need sports streaming? - IPTV Solution Starting $15","need sports streaming? StreamStickPro solves it: 24/7 customer support included. Access 18,000+ channels, 60,000+ movies, all sports. Save $1,200+ yearl...","need sports streaming, IPTV solution, streaming solution, cheap TV alternative, cable alternative","problem-solution"
751,"need sports streaming? - IPTV Solution Starting $15","need sports streaming? StreamStickPro solves it: Pre-loaded devices available. Access 18,000+ channels, 60,000+ movies, all sports. Save $1,200+ yearly....","need sports streaming, IPTV solution, streaming solution, cheap TV alternative, cable alternative","problem-solution"
752,"need sports streaming? - IPTV Solution Starting $15","need sports streaming? StreamStickPro solves it: HD and 4K quality streaming. Access 18,000+ channels, 60,000+ movies, all sports. Save $1,200+ yearly. ...","need sports streaming, IPTV solution, streaming solution, cheap TV alternative, cable alternative","problem-solution"
753,"want to cancel cable? - IPTV Solution Starting $15","want to cancel cable? StreamStickPro solves it: 18,000+ live channels worldwide. Access 18,000+ channels, 60,000+ movies, all sports. Save $1,200+ yearl...","want to cancel cable, IPTV solution, streaming solution, cheap TV alternative, cable alternative","problem-solution"
754,"want to cancel cable? - IPTV Solution Starting $15","want to cancel cable? StreamStickPro solves it: 60,000+ movies and TV shows. Access 18,000+ channels, 60,000+ movies, all sports. Save $1,200+ yearly. F...","want to cancel cable, IPTV solution, streaming solution, cheap TV alternative, cable alternative","problem-solution"
755,"want to cancel cable? - IPTV Solution Starting $15","want to cancel cable? StreamStickPro solves it: All sports including NFL, NBA, UFC. Access 18,000+ channels, 60,000+ movies, all sports. Save $1,200+ ye...","want to cancel cable, IPTV solution, streaming solution, cheap TV alternative, cable alternative","problem-solution"
756,"want to cancel cable? - IPTV Solution Starting $15","want to cancel cable? StreamStickPro solves it: Starting at just $15 per year. Access 18,000+ channels, 60,000+ movies, all sports. Save $1,200+ yearly....","want to cancel cable, IPTV solution, streaming solution, cheap TV alternative, cable alternative","problem-solution"
757,"want to cancel cable? - IPTV Solution Starting $15","want to cancel cable? StreamStickPro solves it: Save $1,200+ compared to cable. Access 18,000+ channels, 60,000+ movies, all sports. Save $1,200+ yearly...","want to cancel cable, IPTV solution, streaming solution, cheap TV alternative, cable alternative","problem-solution"
758,"want to cancel cable? - IPTV Solution Starting $15","want to cancel cable? StreamStickPro solves it: No contracts, cancel anytime. Access 18,000+ channels, 60,000+ movies, all sports. Save $1,200+ yearly. ...","want to cancel cable, IPTV solution, streaming solution, cheap TV alternative, cable alternative","problem-solution"
759,"want to cancel cable? - IPTV Solution Starting $15","want to cancel cable? StreamStickPro solves it: Free 36-hour trial available. Access 18,000+ channels, 60,000+ movies, all sports. Save $1,200+ yearly. ...","want to cancel cable, IPTV solution, streaming solution, cheap TV alternative, cable alternative","problem-solution"
760,"want to cancel cable? - IPTV Solution Starting $15","want to cancel cable? StreamStickPro solves it: Instant setup in 10 minutes. Access 18,000+ channels, 60,000+ movies, all sports. Save $1,200+ yearly. F...","want to cancel cable, IPTV solution, streaming solution, cheap TV alternative, cable alternative","problem-solution"
761,"want to cancel cable? - IPTV Solution Starting $15","want to cancel cable? StreamStickPro solves it: Works on Fire Stick, ONN, Android TV. Access 18,000+ channels, 60,000+ movies, all sports. Save $1,200+ ...","want to cancel cable, IPTV solution, streaming solution, cheap TV alternative, cable alternative","problem-solution"
762,"want to cancel cable? - IPTV Solution Starting $15","want to cancel cable? StreamStickPro solves it: 24/7 customer support included. Access 18,000+ channels, 60,000+ movies, all sports. Save $1,200+ yearly...","want to cancel cable, IPTV solution, streaming solution, cheap TV alternative, cable alternative","problem-solution"
763,"want to cancel cable? - IPTV Solution Starting $15","want to cancel cable? StreamStickPro solves it: Pre-loaded devices available. Access 18,000+ channels, 60,000+ movies, all sports. Save $1,200+ yearly. ...","want to cancel cable, IPTV solution, streaming solution, cheap TV alternative, cable alternative","problem-solution"
764,"want to cancel cable? - IPTV Solution Starting $15","want to cancel cable? StreamStickPro solves it: HD and 4K quality streaming. Access 18,000+ channels, 60,000+ movies, all sports. Save $1,200+ yearly. F...","want to cancel cable, IPTV solution, streaming solution, cheap TV alternative, cable alternative","problem-solution"
765,"looking for cheap TV? - IPTV Solution Starting $15","looking for cheap TV? StreamStickPro solves it: 18,000+ live channels worldwide. Access 18,000+ channels, 60,000+ movies, all sports. Save $1,200+ yearl...","looking for cheap TV, IPTV solution, streaming solution, cheap TV alternative, cable alternative","problem-solution"
766,"looking for cheap TV? - IPTV Solution Starting $15","looking for cheap TV? StreamStickPro solves it: 60,000+ movies and TV shows. Access 18,000+ channels, 60,000+ movies, all sports. Save $1,200+ yearly. F...","looking for cheap TV, IPTV solution, streaming solution, cheap TV alternative, cable alternative","problem-solution"
767,"looking for cheap TV? - IPTV Solution Starting $15","looking for cheap TV? StreamStickPro solves it: All sports including NFL, NBA, UFC. Access 18,000+ channels, 60,000+ movies, all sports. Save $1,200+ ye...","looking for cheap TV, IPTV solution, streaming solution, cheap TV alternative, cable alternative","problem-solution"
768,"looking for cheap TV? - IPTV Solution Starting $15","looking for cheap TV? StreamStickPro solves it: Starting at just $15 per year. Access 18,000+ channels, 60,000+ movies, all sports. Save $1,200+ yearly....","looking for cheap TV, IPTV solution, streaming solution, cheap TV alternative, cable alternative","problem-solution"
769,"looking for cheap TV? - IPTV Solution Starting $15","looking for cheap TV? StreamStickPro solves it: Save $1,200+ compared to cable. Access 18,000+ channels, 60,000+ movies, all sports. Save $1,200+ yearly...","looking for cheap TV, IPTV solution, streaming solution, cheap TV alternative, cable alternative","problem-solution"
770,"looking for cheap TV? - IPTV Solution Starting $15","looking for cheap TV? StreamStickPro solves it: No contracts, cancel anytime. Access 18,000+ channels, 60,000+ movies, all sports. Save $1,200+ yearly. ...","looking for cheap TV, IPTV solution, streaming solution, cheap TV alternative, cable alternative","problem-solution"
771,"looking for cheap TV? - IPTV Solution Starting $15","looking for cheap TV? StreamStickPro solves it: Free 36-hour trial available. Access 18,000+ channels, 60,000+ movies, all sports. Save $1,200+ yearly. ...","looking for cheap TV, IPTV solution, streaming solution, cheap TV alternative, cable alternative","problem-solution"
772,"looking for cheap TV? - IPTV Solution Starting $15","looking for cheap TV? StreamStickPro solves it: Instant setup in 10 minutes. Access 18,000+ channels, 60,000+ movies, all sports. Save $1,200+ yearly. F...","looking for cheap TV, IPTV solution, streaming solution, cheap TV alternative, cable alternative","problem-solution"
773,"looking for cheap TV? - IPTV Solution Starting $15","looking for cheap TV? StreamStickPro solves it: Works on Fire Stick, ONN, Android TV. Access 18,000+ channels, 60,000+ movies, all sports. Save $1,200+ ...","looking for cheap TV, IPTV solution, streaming solution, cheap TV alternative, cable alternative","problem-solution"
774,"looking for cheap TV? - IPTV Solution Starting $15","looking for cheap TV? StreamStickPro solves it: 24/7 customer support included. Access 18,000+ channels, 60,000+ movies, all sports. Save $1,200+ yearly...","looking for cheap TV, IPTV solution, streaming solution, cheap TV alternative, cable alternative","problem-solution"
775,"looking for cheap TV? - IPTV Solution Starting $15","looking for cheap TV? StreamStickPro solves it: Pre-loaded devices available. Access 18,000+ channels, 60,000+ movies, all sports. Save $1,200+ yearly. ...","looking for cheap TV, IPTV solution, streaming solution, cheap TV alternative, cable alternative","problem-solution"
776,"looking for cheap TV? - IPTV Solution Starting $15","looking for cheap TV? StreamStickPro solves it: HD and 4K quality streaming. Access 18,000+ channels, 60,000+ movies, all sports. Save $1,200+ yearly. F...","looking for cheap TV, IPTV solution, streaming solution, cheap TV alternative, cable alternative","problem-solution"
777,"need streaming device? - IPTV Solution Starting $15","need streaming device? StreamStickPro solves it: 18,000+ live channels worldwide. Access 18,000+ channels, 60,000+ movies, all sports. Save $1,200+ year...","need streaming device, IPTV solution, streaming solution, cheap TV alternative, cable alternative","problem-solution"
778,"need streaming device? - IPTV Solution Starting $15","need streaming device? StreamStickPro solves it: 60,000+ movies and TV shows. Access 18,000+ channels, 60,000+ movies, all sports. Save $1,200+ yearly. ...","need streaming device, IPTV solution, streaming solution, cheap TV alternative, cable alternative","problem-solution"
779,"need streaming device? - IPTV Solution Starting $15","need streaming device? StreamStickPro solves it: All sports including NFL, NBA, UFC. Access 18,000+ channels, 60,000+ movies, all sports. Save $1,200+ y...","need streaming device, IPTV solution, streaming solution, cheap TV alternative, cable alternative","problem-solution"
780,"need streaming device? - IPTV Solution Starting $15","need streaming device? StreamStickPro solves it: Starting at just $15 per year. Access 18,000+ channels, 60,000+ movies, all sports. Save $1,200+ yearly...","need streaming device, IPTV solution, streaming solution, cheap TV alternative, cable alternative","problem-solution"
781,"need streaming device? - IPTV Solution Starting $15","need streaming device? StreamStickPro solves it: Save $1,200+ compared to cable. Access 18,000+ channels, 60,000+ movies, all sports. Save $1,200+ yearl...","need streaming device, IPTV solution, streaming solution, cheap TV alternative, cable alternative","problem-solution"
782,"need streaming device? - IPTV Solution Starting $15","need streaming device? StreamStickPro solves it: No contracts, cancel anytime. Access 18,000+ channels, 60,000+ movies, all sports. Save $1,200+ yearly....","need streaming device, IPTV solution, streaming solution, cheap TV alternative, cable alternative","problem-solution"
783,"need streaming device? - IPTV Solution Starting $15","need streaming device? StreamStickPro solves it: Free 36-hour trial available. Access 18,000+ channels, 60,000+ movies, all sports. Save $1,200+ yearly....","need streaming device, IPTV solution, streaming solution, cheap TV alternative, cable alternative","problem-solution"
784,"need streaming device? - IPTV Solution Starting $15","need streaming device? StreamStickPro solves it: Instant setup in 10 minutes. Access 18,000+ channels, 60,000+ movies, all sports. Save $1,200+ yearly. ...","need streaming device, IPTV solution, streaming solution, cheap TV alternative, cable alternative","problem-solution"
785,"need streaming device? - IPTV Solution Starting $15","need streaming device? StreamStickPro solves it: Works on Fire Stick, ONN, Android TV. Access 18,000+ channels, 60,000+ movies, all sports. Save $1,200+...","need streaming device, IPTV solution, streaming solution, cheap TV alternative, cable alternative","problem-solution"
786,"need streaming device? - IPTV Solution Starting $15","need streaming device? StreamStickPro solves it: 24/7 customer support included. Access 18,000+ channels, 60,000+ movies, all sports. Save $1,200+ yearl...","need streaming device, IPTV solution, streaming solution, cheap TV alternative, cable alternative","problem-solution"
787,"need streaming device? - IPTV Solution Starting $15","need streaming device? StreamStickPro solves it: Pre-loaded devices available. Access 18,000+ channels, 60,000+ movies, all sports. Save $1,200+ yearly....","need streaming device, IPTV solution, streaming solution, cheap TV alternative, cable alternative","problem-solution"
788,"need streaming device? - IPTV Solution Starting $15","need streaming device? StreamStickPro solves it: HD and 4K quality streaming. Access 18,000+ channels, 60,000+ movies, all sports. Save $1,200+ yearly. ...","need streaming device, IPTV solution, streaming solution, cheap TV alternative, cable alternative","problem-solution"
789,"want free trial? - IPTV Solution Starting $15 | StreamSti...","want free trial? StreamStickPro solves it: 18,000+ live channels worldwide. Access 18,000+ channels, 60,000+ movies, all sports. Save $1,200+ yearly. Fr...","want free trial, IPTV solution, streaming solution, cheap TV alternative, cable alternative","problem-solution"
790,"want free trial? - IPTV Solution Starting $15 | StreamSti...","want free trial? StreamStickPro solves it: 60,000+ movies and TV shows. Access 18,000+ channels, 60,000+ movies, all sports. Save $1,200+ yearly. Free t...","want free trial, IPTV solution, streaming solution, cheap TV alternative, cable alternative","problem-solution"
791,"want free trial? - IPTV Solution Starting $15 | StreamSti...","want free trial? StreamStickPro solves it: All sports including NFL, NBA, UFC. Access 18,000+ channels, 60,000+ movies, all sports. Save $1,200+ yearly....","want free trial, IPTV solution, streaming solution, cheap TV alternative, cable alternative","problem-solution"
792,"want free trial? - IPTV Solution Starting $15 | StreamSti...","want free trial? StreamStickPro solves it: Starting at just $15 per year. Access 18,000+ channels, 60,000+ movies, all sports. Save $1,200+ yearly. Free...","want free trial, IPTV solution, streaming solution, cheap TV alternative, cable alternative","problem-solution"
793,"want free trial? - IPTV Solution Starting $15 | StreamSti...","want free trial? StreamStickPro solves it: Save $1,200+ compared to cable. Access 18,000+ channels, 60,000+ movies, all sports. Save $1,200+ yearly. Fre...","want free trial, IPTV solution, streaming solution, cheap TV alternative, cable alternative","problem-solution"
794,"want free trial? - IPTV Solution Starting $15 | StreamSti...","want free trial? StreamStickPro solves it: No contracts, cancel anytime. Access 18,000+ channels, 60,000+ movies, all sports. Save $1,200+ yearly. Free ...","want free trial, IPTV solution, streaming solution, cheap TV alternative, cable alternative","problem-solution"
795,"want free trial? - IPTV Solution Starting $15 | StreamSti...","want free trial? StreamStickPro solves it: Free 36-hour trial available. Access 18,000+ channels, 60,000+ movies, all sports. Save $1,200+ yearly. Free ...","want free trial, IPTV solution, streaming solution, cheap TV alternative, cable alternative","problem-solution"
796,"want free trial? - IPTV Solution Starting $15 | StreamSti...","want free trial? StreamStickPro solves it: Instant setup in 10 minutes. Access 18,000+ channels, 60,000+ movies, all sports. Save $1,200+ yearly. Free t...","want free trial, IPTV solution, streaming solution, cheap TV alternative, cable alternative","problem-solution"
797,"want free trial? - IPTV Solution Starting $15 | StreamSti...","want free trial? StreamStickPro solves it: Works on Fire Stick, ONN, Android TV. Access 18,000+ channels, 60,000+ movies, all sports. Save $1,200+ yearl...","want free trial, IPTV solution, streaming solution, cheap TV alternative, cable alternative","problem-solution"
798,"want free trial? - IPTV Solution Starting $15 | StreamSti...","want free trial? StreamStickPro solves it: 24/7 customer support included. Access 18,000+ channels, 60,000+ movies, all sports. Save $1,200+ yearly. Fre...","want free trial, IPTV solution, streaming solution, cheap TV alternative, cable alternative","problem-solution"
799,"want free trial? - IPTV Solution Starting $15 | StreamSti...","want free trial? StreamStickPro solves it: Pre-loaded devices available. Access 18,000+ channels, 60,000+ movies, all sports. Save $1,200+ yearly. Free ...","want free trial, IPTV solution, streaming solution, cheap TV alternative, cable alternative","problem-solution"
800,"want free trial? - IPTV Solution Starting $15 | StreamSti...","want free trial? StreamStickPro solves it: HD and 4K quality streaming. Access 18,000+ channels, 60,000+ movies, all sports. Save $1,200+ yearly. Free t...","want free trial, IPTV solution, streaming solution, cheap TV alternative, cable alternative","problem-solution"
801,"need instant setup? - IPTV Solution Starting $15 | Stream...","need instant setup? StreamStickPro solves it: 18,000+ live channels worldwide. Access 18,000+ channels, 60,000+ movies, all sports. Save $1,200+ yearly....","need instant setup, IPTV solution, streaming solution, cheap TV alternative, cable alternative","problem-solution"
802,"need instant setup? - IPTV Solution Starting $15 | Stream...","need instant setup? StreamStickPro solves it: 60,000+ movies and TV shows. Access 18,000+ channels, 60,000+ movies, all sports. Save $1,200+ yearly. Fre...","need instant setup, IPTV solution, streaming solution, cheap TV alternative, cable alternative","problem-solution"
803,"need instant setup? - IPTV Solution Starting $15 | Stream...","need instant setup? StreamStickPro solves it: All sports including NFL, NBA, UFC. Access 18,000+ channels, 60,000+ movies, all sports. Save $1,200+ year...","need instant setup, IPTV solution, streaming solution, cheap TV alternative, cable alternative","problem-solution"
804,"need instant setup? - IPTV Solution Starting $15 | Stream...","need instant setup? StreamStickPro solves it: Starting at just $15 per year. Access 18,000+ channels, 60,000+ movies, all sports. Save $1,200+ yearly. F...","need instant setup, IPTV solution, streaming solution, cheap TV alternative, cable alternative","problem-solution"
805,"need instant setup? - IPTV Solution Starting $15 | Stream...","need instant setup? StreamStickPro solves it: Save $1,200+ compared to cable. Access 18,000+ channels, 60,000+ movies, all sports. Save $1,200+ yearly. ...","need instant setup, IPTV solution, streaming solution, cheap TV alternative, cable alternative","problem-solution"
806,"need instant setup? - IPTV Solution Starting $15 | Stream...","need instant setup? StreamStickPro solves it: No contracts, cancel anytime. Access 18,000+ channels, 60,000+ movies, all sports. Save $1,200+ yearly. Fr...","need instant setup, IPTV solution, streaming solution, cheap TV alternative, cable alternative","problem-solution"
807,"need instant setup? - IPTV Solution Starting $15 | Stream...","need instant setup? StreamStickPro solves it: Free 36-hour trial available. Access 18,000+ channels, 60,000+ movies, all sports. Save $1,200+ yearly. Fr...","need instant setup, IPTV solution, streaming solution, cheap TV alternative, cable alternative","problem-solution"
808,"need instant setup? - IPTV Solution Starting $15 | Stream...","need instant setup? StreamStickPro solves it: Instant setup in 10 minutes. Access 18,000+ channels, 60,000+ movies, all sports. Save $1,200+ yearly. Fre...","need instant setup, IPTV solution, streaming solution, cheap TV alternative, cable alternative","problem-solution"
809,"need instant setup? - IPTV Solution Starting $15 | Stream...","need instant setup? StreamStickPro solves it: Works on Fire Stick, ONN, Android TV. Access 18,000+ channels, 60,000+ movies, all sports. Save $1,200+ ye...","need instant setup, IPTV solution, streaming solution, cheap TV alternative, cable alternative","problem-solution"
810,"need instant setup? - IPTV Solution Starting $15 | Stream...","need instant setup? StreamStickPro solves it: 24/7 customer support included. Access 18,000+ channels, 60,000+ movies, all sports. Save $1,200+ yearly. ...","need instant setup, IPTV solution, streaming solution, cheap TV alternative, cable alternative","problem-solution"
811,"need instant setup? - IPTV Solution Starting $15 | Stream...","need instant setup? StreamStickPro solves it: Pre-loaded devices available. Access 18,000+ channels, 60,000+ movies, all sports. Save $1,200+ yearly. Fr...","need instant setup, IPTV solution, streaming solution, cheap TV alternative, cable alternative","problem-solution"
812,"need instant setup? - IPTV Solution Starting $15 | Stream...","need instant setup? StreamStickPro solves it: HD and 4K quality streaming. Access 18,000+ channels, 60,000+ movies, all sports. Save $1,200+ yearly. Fre...","need instant setup, IPTV solution, streaming solution, cheap TV alternative, cable alternative","problem-solution"
813,"Yes, IPTV works on Fire Stick - StreamStickPro IPTV 2025","Yes, IPTV works on Fire Stick. StreamStickPro IPTV: 18,000+ live channels, 60,000+ movies, all sports. Starting at $15/year. Save $1,200+ vs cable. Free...","yes, iptv works on fire stick, IPTV service, streaming TV, live TV, best IPTV","benefit"
814,"Yes, IPTV works on Fire Stick - StreamStickPro IPTV 2025","Yes, IPTV works on Fire Stick. StreamStickPro IPTV: 18,000+ live channels, 60,000+ movies, all sports. Starting at $15/year. Save $1,200+ vs cable. Free...","yes, iptv works on fire stick, IPTV service, streaming TV, live TV, best IPTV","benefit"
815,"Yes, IPTV works on Fire Stick - StreamStickPro IPTV 2025","Yes, IPTV works on Fire Stick. StreamStickPro IPTV: 18,000+ live channels, 60,000+ movies, all sports. Starting at $15/year. Save $1,200+ vs cable. Free...","yes, iptv works on fire stick, IPTV service, streaming TV, live TV, best IPTV","benefit"
816,"Yes, IPTV works on Fire Stick - StreamStickPro IPTV 2025","Yes, IPTV works on Fire Stick. StreamStickPro IPTV: 18,000+ live channels, 60,000+ movies, all sports. Starting at $15/year. Save $1,200+ vs cable. Free...","yes, iptv works on fire stick, IPTV service, streaming TV, live TV, best IPTV","benefit"
817,"Yes, IPTV works on Fire Stick - StreamStickPro IPTV 2025","Yes, IPTV works on Fire Stick. StreamStickPro IPTV: 18,000+ live channels, 60,000+ movies, all sports. Starting at $15/year. Save $1,200+ vs cable. Free...","yes, iptv works on fire stick, IPTV service, streaming TV, live TV, best IPTV","benefit"
818,"Yes, IPTV works on Fire Stick - StreamStickPro IPTV 2025","Yes, IPTV works on Fire Stick. StreamStickPro IPTV: 18,000+ live channels, 60,000+ movies, all sports. Starting at $15/year. Save $1,200+ vs cable. Free...","yes, iptv works on fire stick, IPTV service, streaming TV, live TV, best IPTV","benefit"
819,"Yes, IPTV works on Fire Stick - StreamStickPro IPTV 2025","Yes, IPTV works on Fire Stick. StreamStickPro IPTV: 18,000+ live channels, 60,000+ movies, all sports. Starting at $15/year. Save $1,200+ vs cable. Free...","yes, iptv works on fire stick, IPTV service, streaming TV, live TV, best IPTV","benefit"
820,"Yes, IPTV works on Fire Stick - StreamStickPro IPTV 2025","Yes, IPTV works on Fire Stick. StreamStickPro IPTV: 18,000+ live channels, 60,000+ movies, all sports. Starting at $15/year. Save $1,200+ vs cable. Free...","yes, iptv works on fire stick, IPTV service, streaming TV, live TV, best IPTV","benefit"
821,"Yes, IPTV works on Fire Stick - StreamStickPro IPTV 2025","Yes, IPTV works on Fire Stick. StreamStickPro IPTV: 18,000+ live channels, 60,000+ movies, all sports. Starting at $15/year. Save $1,200+ vs cable. Free...","yes, iptv works on fire stick, IPTV service, streaming TV, live TV, best IPTV","benefit"
822,"Yes, IPTV has free trials - StreamStickPro IPTV 2025","Yes, IPTV has free trials. StreamStickPro IPTV: 18,000+ live channels, 60,000+ movies, all sports. Starting at $15/year. Save $1,200+ vs cable. Free tri...","yes, iptv has free trials, IPTV service, streaming TV, live TV, best IPTV","benefit"
823,"Yes, IPTV has free trials - StreamStickPro IPTV 2025","Yes, IPTV has free trials. StreamStickPro IPTV: 18,000+ live channels, 60,000+ movies, all sports. Starting at $15/year. Save $1,200+ vs cable. Free tri...","yes, iptv has free trials, IPTV service, streaming TV, live TV, best IPTV","benefit"
824,"Yes, IPTV has free trials - StreamStickPro IPTV 2025","Yes, IPTV has free trials. StreamStickPro IPTV: 18,000+ live channels, 60,000+ movies, all sports. Starting at $15/year. Save $1,200+ vs cable. Free tri...","yes, iptv has free trials, IPTV service, streaming TV, live TV, best IPTV","benefit"
825,"Yes, IPTV has free trials - StreamStickPro IPTV 2025","Yes, IPTV has free trials. StreamStickPro IPTV: 18,000+ live channels, 60,000+ movies, all sports. Starting at $15/year. Save $1,200+ vs cable. Free tri...","yes, iptv has free trials, IPTV service, streaming TV, live TV, best IPTV","benefit"
826,"Yes, IPTV has free trials - StreamStickPro IPTV 2025","Yes, IPTV has free trials. StreamStickPro IPTV: 18,000+ live channels, 60,000+ movies, all sports. Starting at $15/year. Save $1,200+ vs cable. Free tri...","yes, iptv has free trials, IPTV service, streaming TV, live TV, best IPTV","benefit"
827,"Yes, IPTV has free trials - StreamStickPro IPTV 2025","Yes, IPTV has free trials. StreamStickPro IPTV: 18,000+ live channels, 60,000+ movies, all sports. Starting at $15/year. Save $1,200+ vs cable. Free tri...","yes, iptv has free trials, IPTV service, streaming TV, live TV, best IPTV","benefit"
828,"Yes, IPTV has free trials - StreamStickPro IPTV 2025","Yes, IPTV has free trials. StreamStickPro IPTV: 18,000+ live channels, 60,000+ movies, all sports. Starting at $15/year. Save $1,200+ vs cable. Free tri...","yes, iptv has free trials, IPTV service, streaming TV, live TV, best IPTV","benefit"
829,"Yes, IPTV has free trials - StreamStickPro IPTV 2025","Yes, IPTV has free trials. StreamStickPro IPTV: 18,000+ live channels, 60,000+ movies, all sports. Starting at $15/year. Save $1,200+ vs cable. Free tri...","yes, iptv has free trials, IPTV service, streaming TV, live TV, best IPTV","benefit"
830,"Yes, IPTV has free trials - StreamStickPro IPTV 2025","Yes, IPTV has free trials. StreamStickPro IPTV: 18,000+ live channels, 60,000+ movies, all sports. Starting at $15/year. Save $1,200+ vs cable. Free tri...","yes, iptv has free trials, IPTV service, streaming TV, live TV, best IPTV","benefit"
831,"Yes, IPTV includes all sports - StreamStickPro IPTV 2025","Yes, IPTV includes all sports. StreamStickPro IPTV: 18,000+ live channels, 60,000+ movies, all sports. Starting at $15/year. Save $1,200+ vs cable. Free...","yes, iptv includes all sports, IPTV service, streaming TV, live TV, best IPTV","benefit"
832,"Yes, IPTV includes all sports - StreamStickPro IPTV 2025","Yes, IPTV includes all sports. StreamStickPro IPTV: 18,000+ live channels, 60,000+ movies, all sports. Starting at $15/year. Save $1,200+ vs cable. Free...","yes, iptv includes all sports, IPTV service, streaming TV, live TV, best IPTV","benefit"
833,"Yes, IPTV includes all sports - StreamStickPro IPTV 2025","Yes, IPTV includes all sports. StreamStickPro IPTV: 18,000+ live channels, 60,000+ movies, all sports. Starting at $15/year. Save $1,200+ vs cable. Free...","yes, iptv includes all sports, IPTV service, streaming TV, live TV, best IPTV","benefit"
834,"Yes, IPTV includes all sports - StreamStickPro IPTV 2025","Yes, IPTV includes all sports. StreamStickPro IPTV: 18,000+ live channels, 60,000+ movies, all sports. Starting at $15/year. Save $1,200+ vs cable. Free...","yes, iptv includes all sports, IPTV service, streaming TV, live TV, best IPTV","benefit"
835,"Yes, IPTV includes all sports - StreamStickPro IPTV 2025","Yes, IPTV includes all sports. StreamStickPro IPTV: 18,000+ live channels, 60,000+ movies, all sports. Starting at $15/year. Save $1,200+ vs cable. Free...","yes, iptv includes all sports, IPTV service, streaming TV, live TV, best IPTV","benefit"
836,"Yes, IPTV includes all sports - StreamStickPro IPTV 2025","Yes, IPTV includes all sports. StreamStickPro IPTV: 18,000+ live channels, 60,000+ movies, all sports. Starting at $15/year. Save $1,200+ vs cable. Free...","yes, iptv includes all sports, IPTV service, streaming TV, live TV, best IPTV","benefit"
837,"Yes, IPTV includes all sports - StreamStickPro IPTV 2025","Yes, IPTV includes all sports. StreamStickPro IPTV: 18,000+ live channels, 60,000+ movies, all sports. Starting at $15/year. Save $1,200+ vs cable. Free...","yes, iptv includes all sports, IPTV service, streaming TV, live TV, best IPTV","benefit"
838,"Yes, IPTV includes all sports - StreamStickPro IPTV 2025","Yes, IPTV includes all sports. StreamStickPro IPTV: 18,000+ live channels, 60,000+ movies, all sports. Starting at $15/year. Save $1,200+ vs cable. Free...","yes, iptv includes all sports, IPTV service, streaming TV, live TV, best IPTV","benefit"
839,"Yes, IPTV includes all sports - StreamStickPro IPTV 2025","Yes, IPTV includes all sports. StreamStickPro IPTV: 18,000+ live channels, 60,000+ movies, all sports. Starting at $15/year. Save $1,200+ vs cable. Free...","yes, iptv includes all sports, IPTV service, streaming TV, live TV, best IPTV","benefit"
840,"Yes, IPTV is cheaper than cable - StreamStickPro IPTV 2025","Yes, IPTV is cheaper than cable. StreamStickPro IPTV: 18,000+ live channels, 60,000+ movies, all sports. Starting at $15/year. Save $1,200+ vs cable. Fr...","yes, iptv is cheaper than cable, IPTV service, streaming TV, live TV, best IPTV","benefit"
841,"Yes, IPTV is cheaper than cable - StreamStickPro IPTV 2025","Yes, IPTV is cheaper than cable. StreamStickPro IPTV: 18,000+ live channels, 60,000+ movies, all sports. Starting at $15/year. Save $1,200+ vs cable. Fr...","yes, iptv is cheaper than cable, IPTV service, streaming TV, live TV, best IPTV","benefit"
842,"Yes, IPTV is cheaper than cable - StreamStickPro IPTV 2025","Yes, IPTV is cheaper than cable. StreamStickPro IPTV: 18,000+ live channels, 60,000+ movies, all sports. Starting at $15/year. Save $1,200+ vs cable. Fr...","yes, iptv is cheaper than cable, IPTV service, streaming TV, live TV, best IPTV","benefit"
843,"Yes, IPTV is cheaper than cable - StreamStickPro IPTV 2025","Yes, IPTV is cheaper than cable. StreamStickPro IPTV: 18,000+ live channels, 60,000+ movies, all sports. Starting at $15/year. Save $1,200+ vs cable. Fr...","yes, iptv is cheaper than cable, IPTV service, streaming TV, live TV, best IPTV","benefit"
844,"Yes, IPTV is cheaper than cable - StreamStickPro IPTV 2025","Yes, IPTV is cheaper than cable. StreamStickPro IPTV: 18,000+ live channels, 60,000+ movies, all sports. Starting at $15/year. Save $1,200+ vs cable. Fr...","yes, iptv is cheaper than cable, IPTV service, streaming TV, live TV, best IPTV","benefit"
845,"Yes, IPTV is cheaper than cable - StreamStickPro IPTV 2025","Yes, IPTV is cheaper than cable. StreamStickPro IPTV: 18,000+ live channels, 60,000+ movies, all sports. Starting at $15/year. Save $1,200+ vs cable. Fr...","yes, iptv is cheaper than cable, IPTV service, streaming TV, live TV, best IPTV","benefit"
846,"Yes, IPTV is cheaper than cable - StreamStickPro IPTV 2025","Yes, IPTV is cheaper than cable. StreamStickPro IPTV: 18,000+ live channels, 60,000+ movies, all sports. Starting at $15/year. Save $1,200+ vs cable. Fr...","yes, iptv is cheaper than cable, IPTV service, streaming TV, live TV, best IPTV","benefit"
847,"Yes, IPTV is cheaper than cable - StreamStickPro IPTV 2025","Yes, IPTV is cheaper than cable. StreamStickPro IPTV: 18,000+ live channels, 60,000+ movies, all sports. Starting at $15/year. Save $1,200+ vs cable. Fr...","yes, iptv is cheaper than cable, IPTV service, streaming TV, live TV, best IPTV","benefit"
848,"Yes, IPTV is cheaper than cable - StreamStickPro IPTV 2025","Yes, IPTV is cheaper than cable. StreamStickPro IPTV: 18,000+ live channels, 60,000+ movies, all sports. Starting at $15/year. Save $1,200+ vs cable. Fr...","yes, iptv is cheaper than cable, IPTV service, streaming TV, live TV, best IPTV","benefit"
849,"Yes, IPTV has 18,000+ channels - StreamStickPro IPTV 2025","Yes, IPTV has 18,000+ channels. StreamStickPro IPTV: 18,000+ live channels, 60,000+ movies, all sports. Starting at $15/year. Save $1,200+ vs cable. Fre...","yes, iptv has 18,000+ channels, IPTV service, streaming TV, live TV, best IPTV","benefit"
850,"Yes, IPTV has 18,000+ channels - StreamStickPro IPTV 2025","Yes, IPTV has 18,000+ channels. StreamStickPro IPTV: 18,000+ live channels, 60,000+ movies, all sports. Starting at $15/year. Save $1,200+ vs cable. Fre...","yes, iptv has 18,000+ channels, IPTV service, streaming TV, live TV, best IPTV","benefit"
851,"Yes, IPTV has 18,000+ channels - StreamStickPro IPTV 2025","Yes, IPTV has 18,000+ channels. StreamStickPro IPTV: 18,000+ live channels, 60,000+ movies, all sports. Starting at $15/year. Save $1,200+ vs cable. Fre...","yes, iptv has 18,000+ channels, IPTV service, streaming TV, live TV, best IPTV","benefit"
852,"Yes, IPTV has 18,000+ channels - StreamStickPro IPTV 2025","Yes, IPTV has 18,000+ channels. StreamStickPro IPTV: 18,000+ live channels, 60,000+ movies, all sports. Starting at $15/year. Save $1,200+ vs cable. Fre...","yes, iptv has 18,000+ channels, IPTV service, streaming TV, live TV, best IPTV","benefit"
853,"Yes, IPTV has 18,000+ channels - StreamStickPro IPTV 2025","Yes, IPTV has 18,000+ channels. StreamStickPro IPTV: 18,000+ live channels, 60,000+ movies, all sports. Starting at $15/year. Save $1,200+ vs cable. Fre...","yes, iptv has 18,000+ channels, IPTV service, streaming TV, live TV, best IPTV","benefit"
854,"Yes, IPTV has 18,000+ channels - StreamStickPro IPTV 2025","Yes, IPTV has 18,000+ channels. StreamStickPro IPTV: 18,000+ live channels, 60,000+ movies, all sports. Starting at $15/year. Save $1,200+ vs cable. Fre...","yes, iptv has 18,000+ channels, IPTV service, streaming TV, live TV, best IPTV","benefit"
855,"Yes, IPTV has 18,000+ channels - StreamStickPro IPTV 2025","Yes, IPTV has 18,000+ channels. StreamStickPro IPTV: 18,000+ live channels, 60,000+ movies, all sports. Starting at $15/year. Save $1,200+ vs cable. Fre...","yes, iptv has 18,000+ channels, IPTV service, streaming TV, live TV, best IPTV","benefit"
856,"Yes, IPTV has 18,000+ channels - StreamStickPro IPTV 2025","Yes, IPTV has 18,000+ channels. StreamStickPro IPTV: 18,000+ live channels, 60,000+ movies, all sports. Starting at $15/year. Save $1,200+ vs cable. Fre...","yes, iptv has 18,000+ channels, IPTV service, streaming TV, live TV, best IPTV","benefit"
857,"Yes, IPTV has 18,000+ channels - StreamStickPro IPTV 2025","Yes, IPTV has 18,000+ channels. StreamStickPro IPTV: 18,000+ live channels, 60,000+ movies, all sports. Starting at $15/year. Save $1,200+ vs cable. Fre...","yes, iptv has 18,000+ channels, IPTV service, streaming TV, live TV, best IPTV","benefit"
858,"Yes, IPTV includes PPV events - StreamStickPro IPTV 2025","Yes, IPTV includes PPV events. StreamStickPro IPTV: 18,000+ live channels, 60,000+ movies, all sports. Starting at $15/year. Save $1,200+ vs cable. Free...","yes, iptv includes ppv events, IPTV service, streaming TV, live TV, best IPTV","benefit"
859,"Yes, IPTV includes PPV events - StreamStickPro IPTV 2025","Yes, IPTV includes PPV events. StreamStickPro IPTV: 18,000+ live channels, 60,000+ movies, all sports. Starting at $15/year. Save $1,200+ vs cable. Free...","yes, iptv includes ppv events, IPTV service, streaming TV, live TV, best IPTV","benefit"
860,"Yes, IPTV includes PPV events - StreamStickPro IPTV 2025","Yes, IPTV includes PPV events. StreamStickPro IPTV: 18,000+ live channels, 60,000+ movies, all sports. Starting at $15/year. Save $1,200+ vs cable. Free...","yes, iptv includes ppv events, IPTV service, streaming TV, live TV, best IPTV","benefit"
861,"Yes, IPTV includes PPV events - StreamStickPro IPTV 2025","Yes, IPTV includes PPV events. StreamStickPro IPTV: 18,000+ live channels, 60,000+ movies, all sports. Starting at $15/year. Save $1,200+ vs cable. Free...","yes, iptv includes ppv events, IPTV service, streaming TV, live TV, best IPTV","benefit"
862,"Yes, IPTV includes PPV events - StreamStickPro IPTV 2025","Yes, IPTV includes PPV events. StreamStickPro IPTV: 18,000+ live channels, 60,000+ movies, all sports. Starting at $15/year. Save $1,200+ vs cable. Free...","yes, iptv includes ppv events, IPTV service, streaming TV, live TV, best IPTV","benefit"
863,"Yes, IPTV includes PPV events - StreamStickPro IPTV 2025","Yes, IPTV includes PPV events. StreamStickPro IPTV: 18,000+ live channels, 60,000+ movies, all sports. Starting at $15/year. Save $1,200+ vs cable. Free...","yes, iptv includes ppv events, IPTV service, streaming TV, live TV, best IPTV","benefit"
864,"Yes, IPTV includes PPV events - StreamStickPro IPTV 2025","Yes, IPTV includes PPV events. StreamStickPro IPTV: 18,000+ live channels, 60,000+ movies, all sports. Starting at $15/year. Save $1,200+ vs cable. Free...","yes, iptv includes ppv events, IPTV service, streaming TV, live TV, best IPTV","benefit"
865,"Yes, IPTV includes PPV events - StreamStickPro IPTV 2025","Yes, IPTV includes PPV events. StreamStickPro IPTV: 18,000+ live channels, 60,000+ movies, all sports. Starting at $15/year. Save $1,200+ vs cable. Free...","yes, iptv includes ppv events, IPTV service, streaming TV, live TV, best IPTV","benefit"
866,"Yes, IPTV includes PPV events - StreamStickPro IPTV 2025","Yes, IPTV includes PPV events. StreamStickPro IPTV: 18,000+ live channels, 60,000+ movies, all sports. Starting at $15/year. Save $1,200+ vs cable. Free...","yes, iptv includes ppv events, IPTV service, streaming TV, live TV, best IPTV","benefit"
867,"Yes, IPTV works on multiple devices - StreamStickPro IPTV...","Yes, IPTV works on multiple devices. StreamStickPro IPTV: 18,000+ live channels, 60,000+ movies, all sports. Starting at $15/year. Save $1,200+ vs cable...","yes, iptv works on multiple devices, IPTV service, streaming TV, live TV, best IPTV","benefit"
868,"Yes, IPTV works on multiple devices - StreamStickPro IPTV...","Yes, IPTV works on multiple devices. StreamStickPro IPTV: 18,000+ live channels, 60,000+ movies, all sports. Starting at $15/year. Save $1,200+ vs cable...","yes, iptv works on multiple devices, IPTV service, streaming TV, live TV, best IPTV","benefit"
869,"Yes, IPTV works on multiple devices - StreamStickPro IPTV...","Yes, IPTV works on multiple devices. StreamStickPro IPTV: 18,000+ live channels, 60,000+ movies, all sports. Starting at $15/year. Save $1,200+ vs cable...","yes, iptv works on multiple devices, IPTV service, streaming TV, live TV, best IPTV","benefit"
870,"Yes, IPTV works on multiple devices - StreamStickPro IPTV...","Yes, IPTV works on multiple devices. StreamStickPro IPTV: 18,000+ live channels, 60,000+ movies, all sports. Starting at $15/year. Save $1,200+ vs cable...","yes, iptv works on multiple devices, IPTV service, streaming TV, live TV, best IPTV","benefit"
871,"Yes, IPTV works on multiple devices - StreamStickPro IPTV...","Yes, IPTV works on multiple devices. StreamStickPro IPTV: 18,000+ live channels, 60,000+ movies, all sports. Starting at $15/year. Save $1,200+ vs cable...","yes, iptv works on multiple devices, IPTV service, streaming TV, live TV, best IPTV","benefit"
872,"Yes, IPTV works on multiple devices - StreamStickPro IPTV...","Yes, IPTV works on multiple devices. StreamStickPro IPTV: 18,000+ live channels, 60,000+ movies, all sports. Starting at $15/year. Save $1,200+ vs cable...","yes, iptv works on multiple devices, IPTV service, streaming TV, live TV, best IPTV","benefit"
873,"Yes, IPTV works on multiple devices - StreamStickPro IPTV...","Yes, IPTV works on multiple devices. StreamStickPro IPTV: 18,000+ live channels, 60,000+ movies, all sports. Starting at $15/year. Save $1,200+ vs cable...","yes, iptv works on multiple devices, IPTV service, streaming TV, live TV, best IPTV","benefit"
874,"Yes, IPTV works on multiple devices - StreamStickPro IPTV...","Yes, IPTV works on multiple devices. StreamStickPro IPTV: 18,000+ live channels, 60,000+ movies, all sports. Starting at $15/year. Save $1,200+ vs cable...","yes, iptv works on multiple devices, IPTV service, streaming TV, live TV, best IPTV","benefit"
875,"Yes, IPTV works on multiple devices - StreamStickPro IPTV...","Yes, IPTV works on multiple devices. StreamStickPro IPTV: 18,000+ live channels, 60,000+ movies, all sports. Starting at $15/year. Save $1,200+ vs cable...","yes, iptv works on multiple devices, IPTV service, streaming TV, live TV, best IPTV","benefit"
876,"Yes, IPTV has instant setup - StreamStickPro IPTV 2025","Yes, IPTV has instant setup. StreamStickPro IPTV: 18,000+ live channels, 60,000+ movies, all sports. Starting at $15/year. Save $1,200+ vs cable. Free t...","yes, iptv has instant setup, IPTV service, streaming TV, live TV, best IPTV","benefit"
877,"Yes, IPTV has instant setup - StreamStickPro IPTV 2025","Yes, IPTV has instant setup. StreamStickPro IPTV: 18,000+ live channels, 60,000+ movies, all sports. Starting at $15/year. Save $1,200+ vs cable. Free t...","yes, iptv has instant setup, IPTV service, streaming TV, live TV, best IPTV","benefit"
878,"Yes, IPTV has instant setup - StreamStickPro IPTV 2025","Yes, IPTV has instant setup. StreamStickPro IPTV: 18,000+ live channels, 60,000+ movies, all sports. Starting at $15/year. Save $1,200+ vs cable. Free t...","yes, iptv has instant setup, IPTV service, streaming TV, live TV, best IPTV","benefit"
879,"Yes, IPTV has instant setup - StreamStickPro IPTV 2025","Yes, IPTV has instant setup. StreamStickPro IPTV: 18,000+ live channels, 60,000+ movies, all sports. Starting at $15/year. Save $1,200+ vs cable. Free t...","yes, iptv has instant setup, IPTV service, streaming TV, live TV, best IPTV","benefit"
880,"Yes, IPTV has instant setup - StreamStickPro IPTV 2025","Yes, IPTV has instant setup. StreamStickPro IPTV: 18,000+ live channels, 60,000+ movies, all sports. Starting at $15/year. Save $1,200+ vs cable. Free t...","yes, iptv has instant setup, IPTV service, streaming TV, live TV, best IPTV","benefit"
881,"Yes, IPTV has instant setup - StreamStickPro IPTV 2025","Yes, IPTV has instant setup. StreamStickPro IPTV: 18,000+ live channels, 60,000+ movies, all sports. Starting at $15/year. Save $1,200+ vs cable. Free t...","yes, iptv has instant setup, IPTV service, streaming TV, live TV, best IPTV","benefit"
882,"Yes, IPTV has instant setup - StreamStickPro IPTV 2025","Yes, IPTV has instant setup. StreamStickPro IPTV: 18,000+ live channels, 60,000+ movies, all sports. Starting at $15/year. Save $1,200+ vs cable. Free t...","yes, iptv has instant setup, IPTV service, streaming TV, live TV, best IPTV","benefit"
883,"Yes, IPTV has instant setup - StreamStickPro IPTV 2025","Yes, IPTV has instant setup. StreamStickPro IPTV: 18,000+ live channels, 60,000+ movies, all sports. Starting at $15/year. Save $1,200+ vs cable. Free t...","yes, iptv has instant setup, IPTV service, streaming TV, live TV, best IPTV","benefit"
884,"Yes, IPTV has instant setup - StreamStickPro IPTV 2025","Yes, IPTV has instant setup. StreamStickPro IPTV: 18,000+ live channels, 60,000+ movies, all sports. Starting at $15/year. Save $1,200+ vs cable. Free t...","yes, iptv has instant setup, IPTV service, streaming TV, live TV, best IPTV","benefit"
885,"What channels does IPTV have? - Complete Answer 2025","What channels does IPTV have? StreamStickPro: International channels included. 18,000+ channels, 60,000+ movies, all sports. $15/year. Save $1,200+ vs c...","what channels does iptv have, IPTV answer, streaming solution, live TV service","question"
886,"Can I watch sports on IPTV? - Complete Answer 2025","Can I watch sports on IPTV? StreamStickPro: 18,000+ live channels worldwide. 18,000+ channels, 60,000+ movies, all sports. $15/year. Save $1,200+ vs cab...","can i watch sports on iptv, IPTV answer, streaming solution, live TV service","question"
887,"Does IPTV work on Fire Stick? - Complete Answer 2025","Does IPTV work on Fire Stick? StreamStickPro: 60,000+ movies and TV shows. 18,000+ channels, 60,000+ movies, all sports. $15/year. Save $1,200+ vs cable...","does iptv work on fire stick, IPTV answer, streaming solution, live TV service","question"
888,"How to set up IPTV? - Complete Answer 2025 | StreamStickPro","How to set up IPTV? StreamStickPro: All sports including NFL, NBA, UFC. 18,000+ channels, 60,000+ movies, all sports. $15/year. Save $1,200+ vs cable. F...","how to set up iptv, IPTV answer, streaming solution, live TV service","question"
889,"What is the best IPTV service? - Complete Answer 2025","What is the best IPTV service? StreamStickPro: Starting at just $15 per year. 18,000+ channels, 60,000+ movies, all sports. $15/year. Save $1,200+ vs ca...","what is the best iptv service, IPTV answer, streaming solution, live TV service","question"
890,"How to cancel cable and use IPTV? - Complete Answer 2025","How to cancel cable and use IPTV? StreamStickPro: Save $1,200+ compared to cable. 18,000+ channels, 60,000+ movies, all sports. $15/year. Save $1,200+ v...","how to cancel cable and use iptv, IPTV answer, streaming solution, live TV service","question"
891,"What devices work with IPTV? - Complete Answer 2025","What devices work with IPTV? StreamStickPro: No contracts, cancel anytime. 18,000+ channels, 60,000+ movies, all sports. $15/year. Save $1,200+ vs cable...","what devices work with iptv, IPTV answer, streaming solution, live TV service","question"
892,"Is IPTV better than cable? - Complete Answer 2025 | Strea...","Is IPTV better than cable? StreamStickPro: Free 36-hour trial available. 18,000+ channels, 60,000+ movies, all sports. $15/year. Save $1,200+ vs cable. ...","is iptv better than cable, IPTV answer, streaming solution, live TV service","question"
893,"How to stream live TV? - Complete Answer 2025 | StreamSti...","How to stream live TV? StreamStickPro: Instant setup in 10 minutes. 18,000+ channels, 60,000+ movies, all sports. $15/year. Save $1,200+ vs cable. Free ...","how to stream live tv, IPTV answer, streaming solution, live TV service","question"
894,"What is a pre-loaded Fire Stick? - Complete Answer 2025","What is a pre-loaded Fire Stick? StreamStickPro: Works on Fire Stick, ONN, Android TV. 18,000+ channels, 60,000+ movies, all sports. $15/year. Save $1,2...","what is a pre-loaded fire stick, IPTV answer, streaming solution, live TV service","question"
895,"How much can I save with IPTV? - Complete Answer 2025","How much can I save with IPTV? StreamStickPro: 24/7 customer support included. 18,000+ channels, 60,000+ movies, all sports. $15/year. Save $1,200+ vs c...","how much can i save with iptv, IPTV answer, streaming solution, live TV service","question"
896,"Does IPTV have free trials? - Complete Answer 2025","Does IPTV have free trials? StreamStickPro: Pre-loaded devices available. 18,000+ channels, 60,000+ movies, all sports. $15/year. Save $1,200+ vs cable....","does iptv have free trials, IPTV answer, streaming solution, live TV service","question"
897,"What is the cheapest way to watch TV? - Complete Answer 2025","What is the cheapest way to watch TV? StreamStickPro: HD and 4K quality streaming. 18,000+ channels, 60,000+ movies, all sports. $15/year. Save $1,200+ ...","what is the cheapest way to watch tv, IPTV answer, streaming solution, live TV service","question"
898,"How to watch NFL without cable? - Complete Answer 2025","How to watch NFL without cable? StreamStickPro: Multi-device streaming support. 18,000+ channels, 60,000+ movies, all sports. $15/year. Save $1,200+ vs ...","how to watch nfl without cable, IPTV answer, streaming solution, live TV service","question"
899,"How to watch NBA without cable? - Complete Answer 2025","How to watch NBA without cable? StreamStickPro: PPV events included. 18,000+ channels, 60,000+ movies, all sports. $15/year. Save $1,200+ vs cable. Free...","how to watch nba without cable, IPTV answer, streaming solution, live TV service","question"
900,"How to watch UFC without cable? - Complete Answer 2025","How to watch UFC without cable? StreamStickPro: International channels included. 18,000+ channels, 60,000+ movies, all sports. $15/year. Save $1,200+ vs...","how to watch ufc without cable, IPTV answer, streaming solution, live TV service","question"