Number,Type,Title,Description,Keywords
1,"best-iptv","best IPTV service - Top Rated | StreamStickPro 2025","Top Rated best IPTV service with 18,000+ live TV channels, 100,000+ movies, all sports. Works with TiviMate, IPTV Smarters, Perfect Player. Free 36-hour tr","best IPTV service, best IPTV, IPTV service, TiviMate IPTV, IPTV Smarters, Perfect Player, IPTV for Fire Stick, live TV streaming, best IPTV 2025"
2,"best-iptv","best IPTV for Fire Stick - #1 Recommended | StreamStickPro 2","#1 Recommended best IPTV for Fire Stick with 18,000+ live TV channels, 100,000+ movies, all sports. Works with TiviMate, IPTV Smarters, Perfect Player. Fre","best IPTV for Fire Stick, best IPTV, IPTV service, TiviMate IPTV, IPTV Smarters, Perfect Player, IPTV for Fire Stick, live TV streaming, best IPTV 2025"
3,"best-iptv","best IPTV 2025 - Expert Choice | StreamStickPro 2025","Expert Choice best IPTV 2025 with 18,000+ live TV channels, 100,000+ movies, all sports. Works with TiviMate, IPTV Smarters, Perfect Player. Free 36-hour t","best IPTV 2025, best IPTV, IPTV service, TiviMate IPTV, IPTV Smarters, Perfect Player, IPTV for Fire Stick, live TV streaming, best IPTV 2025"
4,"best-iptv","best IPTV Reddit - Customer Favorite | StreamStickPro 2025","Customer Favorite best IPTV Reddit with 18,000+ live TV channels, 100,000+ movies, all sports. Works with TiviMate, IPTV Smarters, Perfect Player. Free 36-","best IPTV Reddit, best IPTV, IPTV service, TiviMate IPTV, IPTV Smarters, Perfect Player, IPTV for Fire Stick, live TV streaming, best IPTV 2025"
5,"best-iptv","best IPTV USA - Award Winning | StreamStickPro 2025","Award Winning best IPTV USA with 18,000+ live TV channels, 100,000+ movies, all sports. Works with TiviMate, IPTV Smarters, Perfect Player. Free 36-hour tr","best IPTV USA, best IPTV, IPTV service, TiviMate IPTV, IPTV Smarters, Perfect Player, IPTV for Fire Stick, live TV streaming, best IPTV 2025"
6,"best-iptv","best IPTV for sports - Top Rated | StreamStickPro 2025","Top Rated best IPTV for sports with 18,000+ live TV channels, 100,000+ movies, all sports. Works with TiviMate, IPTV Smarters, Perfect Player. Free 36-hour","best IPTV for sports, best IPTV, IPTV service, TiviMate IPTV, IPTV Smarters, Perfect Player, IPTV for Fire Stick, live TV streaming, best IPTV 2025"
7,"best-iptv","best IPTV service review - #1 Recommended | StreamStickPro 2","#1 Recommended best IPTV service review with 18,000+ live TV channels, 100,000+ movies, all sports. Works with TiviMate, IPTV Smarters, Perfect Player. Fre","best IPTV service review, best IPTV, IPTV service, TiviMate IPTV, IPTV Smarters, Perfect Player, IPTV for Fire Stick, live TV streaming, best IPTV 2025"
8,"best-iptv","best IPTV provider - Expert Choice | StreamStickPro 2025","Expert Choice best IPTV provider with 18,000+ live TV channels, 100,000+ movies, all sports. Works with TiviMate, IPTV Smarters, Perfect Player. Free 36-ho","best IPTV provider, best IPTV, IPTV service, TiviMate IPTV, IPTV Smarters, Perfect Player, IPTV for Fire Stick, live TV streaming, best IPTV 2025"
9,"best-iptv","best IPTV subscription - Customer Favorite | StreamStickPro ","Customer Favorite best IPTV subscription with 18,000+ live TV channels, 100,000+ movies, all sports. Works with TiviMate, IPTV Smarters, Perfect Player. Fr","best IPTV subscription, best IPTV, IPTV service, TiviMate IPTV, IPTV Smarters, Perfect Player, IPTV for Fire Stick, live TV streaming, best IPTV 2025"
10,"best-iptv","best IPTV app - Award Winning | StreamStickPro 2025","Award Winning best IPTV app with 18,000+ live TV channels, 100,000+ movies, all sports. Works with TiviMate, IPTV Smarters, Perfect Player. Free 36-hour tr","best IPTV app, best IPTV, IPTV service, TiviMate IPTV, IPTV Smarters, Perfect Player, IPTV for Fire Stick, live TV streaming, best IPTV 2025"
11,"best-iptv","best IPTV service - Top Rated | StreamStickPro 2025","Top Rated best IPTV service with 18,000+ live TV channels, 100,000+ movies, all sports. Works with TiviMate, IPTV Smarters, Perfect Player. Free 36-hour tr","best IPTV service, best IPTV, IPTV service, TiviMate IPTV, IPTV Smarters, Perfect Player, IPTV for Fire Stick, live TV streaming, best IPTV 2025"
12,"best-iptv","best IPTV for Fire Stick - #1 Recommended | StreamStickPro 2","#1 Recommended best IPTV for Fire Stick with 18,000+ live TV channels, 100,000+ movies, all sports. Works with TiviMate, IPTV Smarters, Perfect Player. Fre","best IPTV for Fire Stick, best IPTV, IPTV service, TiviMate IPTV, IPTV Smarters, Perfect Player, IPTV for Fire Stick, live TV streaming, best IPTV 2025"
13,"best-iptv","best IPTV 2025 - Expert Choice | StreamStickPro 2025","Expert Choice best IPTV 2025 with 18,000+ live TV channels, 100,000+ movies, all sports. Works with TiviMate, IPTV Smarters, Perfect Player. Free 36-hour t","best IPTV 2025, best IPTV, IPTV service, TiviMate IPTV, IPTV Smarters, Perfect Player, IPTV for Fire Stick, live TV streaming, best IPTV 2025"
14,"best-iptv","best IPTV Reddit - Customer Favorite | StreamStickPro 2025","Customer Favorite best IPTV Reddit with 18,000+ live TV channels, 100,000+ movies, all sports. Works with TiviMate, IPTV Smarters, Perfect Player. Free 36-","best IPTV Reddit, best IPTV, IPTV service, TiviMate IPTV, IPTV Smarters, Perfect Player, IPTV for Fire Stick, live TV streaming, best IPTV 2025"
15,"best-iptv","best IPTV USA - Award Winning | StreamStickPro 2025","Award Winning best IPTV USA with 18,000+ live TV channels, 100,000+ movies, all sports. Works with TiviMate, IPTV Smarters, Perfect Player. Free 36-hour tr","best IPTV USA, best IPTV, IPTV service, TiviMate IPTV, IPTV Smarters, Perfect Player, IPTV for Fire Stick, live TV streaming, best IPTV 2025"
16,"best-iptv","best IPTV for sports - Top Rated | StreamStickPro 2025","Top Rated best IPTV for sports with 18,000+ live TV channels, 100,000+ movies, all sports. Works with TiviMate, IPTV Smarters, Perfect Player. Free 36-hour","best IPTV for sports, best IPTV, IPTV service, TiviMate IPTV, IPTV Smarters, Perfect Player, IPTV for Fire Stick, live TV streaming, best IPTV 2025"
17,"best-iptv","best IPTV service review - #1 Recommended | StreamStickPro 2","#1 Recommended best IPTV service review with 18,000+ live TV channels, 100,000+ movies, all sports. Works with TiviMate, IPTV Smarters, Perfect Player. Fre","best IPTV service review, best IPTV, IPTV service, TiviMate IPTV, IPTV Smarters, Perfect Player, IPTV for Fire Stick, live TV streaming, best IPTV 2025"
18,"best-iptv","best IPTV provider - Expert Choice | StreamStickPro 2025","Expert Choice best IPTV provider with 18,000+ live TV channels, 100,000+ movies, all sports. Works with TiviMate, IPTV Smarters, Perfect Player. Free 36-ho","best IPTV provider, best IPTV, IPTV service, TiviMate IPTV, IPTV Smarters, Perfect Player, IPTV for Fire Stick, live TV streaming, best IPTV 2025"
19,"best-iptv","best IPTV subscription - Customer Favorite | StreamStickPro ","Customer Favorite best IPTV subscription with 18,000+ live TV channels, 100,000+ movies, all sports. Works with TiviMate, IPTV Smarters, Perfect Player. Fr","best IPTV subscription, best IPTV, IPTV service, TiviMate IPTV, IPTV Smarters, Perfect Player, IPTV for Fire Stick, live TV streaming, best IPTV 2025"
20,"best-iptv","best IPTV app - Award Winning | StreamStickPro 2025","Award Winning best IPTV app with 18,000+ live TV channels, 100,000+ movies, all sports. Works with TiviMate, IPTV Smarters, Perfect Player. Free 36-hour tr","best IPTV app, best IPTV, IPTV service, TiviMate IPTV, IPTV Smarters, Perfect Player, IPTV for Fire Stick, live TV streaming, best IPTV 2025"
21,"best-iptv","best IPTV service - Top Rated | StreamStickPro 2025","Top Rated best IPTV service with 18,000+ live TV channels, 100,000+ movies, all sports. Works with TiviMate, IPTV Smarters, Perfect Player. Free 36-hour tr","best IPTV service, best IPTV, IPTV service, TiviMate IPTV, IPTV Smarters, Perfect Player, IPTV for Fire Stick, live TV streaming, best IPTV 2025"
22,"best-iptv","best IPTV for Fire Stick - #1 Recommended | StreamStickPro 2","#1 Recommended best IPTV for Fire Stick with 18,000+ live TV channels, 100,000+ movies, all sports. Works with TiviMate, IPTV Smarters, Perfect Player. Fre","best IPTV for Fire Stick, best IPTV, IPTV service, TiviMate IPTV, IPTV Smarters, Perfect Player, IPTV for Fire Stick, live TV streaming, best IPTV 2025"
23,"best-iptv","best IPTV 2025 - Expert Choice | StreamStickPro 2025","Expert Choice best IPTV 2025 with 18,000+ live TV channels, 100,000+ movies, all sports. Works with TiviMate, IPTV Smarters, Perfect Player. Free 36-hour t","best IPTV 2025, best IPTV, IPTV service, TiviMate IPTV, IPTV Smarters, Perfect Player, IPTV for Fire Stick, live TV streaming, best IPTV 2025"
24,"best-iptv","best IPTV Reddit - Customer Favorite | StreamStickPro 2025","Customer Favorite best IPTV Reddit with 18,000+ live TV channels, 100,000+ movies, all sports. Works with TiviMate, IPTV Smarters, Perfect Player. Free 36-","best IPTV Reddit, best IPTV, IPTV service, TiviMate IPTV, IPTV Smarters, Perfect Player, IPTV for Fire Stick, live TV streaming, best IPTV 2025"
25,"best-iptv","best IPTV USA - Award Winning | StreamStickPro 2025","Award Winning best IPTV USA with 18,000+ live TV channels, 100,000+ movies, all sports. Works with TiviMate, IPTV Smarters, Perfect Player. Free 36-hour tr","best IPTV USA, best IPTV, IPTV service, TiviMate IPTV, IPTV Smarters, Perfect Player, IPTV for Fire Stick, live TV streaming, best IPTV 2025"
26,"best-iptv","best IPTV for sports - Top Rated | StreamStickPro 2025","Top Rated best IPTV for sports with 18,000+ live TV channels, 100,000+ movies, all sports. Works with TiviMate, IPTV Smarters, Perfect Player. Free 36-hour","best IPTV for sports, best IPTV, IPTV service, TiviMate IPTV, IPTV Smarters, Perfect Player, IPTV for Fire Stick, live TV streaming, best IPTV 2025"
27,"best-iptv","best IPTV service review - #1 Recommended | StreamStickPro 2","#1 Recommended best IPTV service review with 18,000+ live TV channels, 100,000+ movies, all sports. Works with TiviMate, IPTV Smarters, Perfect Player. Fre","best IPTV service review, best IPTV, IPTV service, TiviMate IPTV, IPTV Smarters, Perfect Player, IPTV for Fire Stick, live TV streaming, best IPTV 2025"
28,"best-iptv","best IPTV provider - Expert Choice | StreamStickPro 2025","Expert Choice best IPTV provider with 18,000+ live TV channels, 100,000+ movies, all sports. Works with TiviMate, IPTV Smarters, Perfect Player. Free 36-ho","best IPTV provider, best IPTV, IPTV service, TiviMate IPTV, IPTV Smarters, Perfect Player, IPTV for Fire Stick, live TV streaming, best IPTV 2025"
29,"best-iptv","best IPTV subscription - Customer Favorite | StreamStickPro ","Customer Favorite best IPTV subscription with 18,000+ live TV channels, 100,000+ movies, all sports. Works with TiviMate, IPTV Smarters, Perfect Player. Fr","best IPTV subscription, best IPTV, IPTV service, TiviMate IPTV, IPTV Smarters, Perfect Player, IPTV for Fire Stick, live TV streaming, best IPTV 2025"
30,"best-iptv","best IPTV app - Award Winning | StreamStickPro 2025","Award Winning best IPTV app with 18,000+ live TV channels, 100,000+ movies, all sports. Works with TiviMate, IPTV Smarters, Perfect Player. Free 36-hour tr","best IPTV app, best IPTV, IPTV service, TiviMate IPTV, IPTV Smarters, Perfect Player, IPTV for Fire Stick, live TV streaming, best IPTV 2025"
31,"best-iptv","best IPTV service - Top Rated | StreamStickPro 2025","Top Rated best IPTV service with 18,000+ live TV channels, 100,000+ movies, all sports. Works with TiviMate, IPTV Smarters, Perfect Player. Free 36-hour tr","best IPTV service, best IPTV, IPTV service, TiviMate IPTV, IPTV Smarters, Perfect Player, IPTV for Fire Stick, live TV streaming, best IPTV 2025"
32,"best-iptv","best IPTV for Fire Stick - #1 Recommended | StreamStickPro 2","#1 Recommended best IPTV for Fire Stick with 18,000+ live TV channels, 100,000+ movies, all sports. Works with TiviMate, IPTV Smarters, Perfect Player. Fre","best IPTV for Fire Stick, best IPTV, IPTV service, TiviMate IPTV, IPTV Smarters, Perfect Player, IPTV for Fire Stick, live TV streaming, best IPTV 2025"
33,"best-iptv","best IPTV 2025 - Expert Choice | StreamStickPro 2025","Expert Choice best IPTV 2025 with 18,000+ live TV channels, 100,000+ movies, all sports. Works with TiviMate, IPTV Smarters, Perfect Player. Free 36-hour t","best IPTV 2025, best IPTV, IPTV service, TiviMate IPTV, IPTV Smarters, Perfect Player, IPTV for Fire Stick, live TV streaming, best IPTV 2025"
34,"best-iptv","best IPTV Reddit - Customer Favorite | StreamStickPro 2025","Customer Favorite best IPTV Reddit with 18,000+ live TV channels, 100,000+ movies, all sports. Works with TiviMate, IPTV Smarters, Perfect Player. Free 36-","best IPTV Reddit, best IPTV, IPTV service, TiviMate IPTV, IPTV Smarters, Perfect Player, IPTV for Fire Stick, live TV streaming, best IPTV 2025"
35,"best-iptv","best IPTV USA - Award Winning | StreamStickPro 2025","Award Winning best IPTV USA with 18,000+ live TV channels, 100,000+ movies, all sports. Works with TiviMate, IPTV Smarters, Perfect Player. Free 36-hour tr","best IPTV USA, best IPTV, IPTV service, TiviMate IPTV, IPTV Smarters, Perfect Player, IPTV for Fire Stick, live TV streaming, best IPTV 2025"
36,"best-iptv","best IPTV for sports - Top Rated | StreamStickPro 2025","Top Rated best IPTV for sports with 18,000+ live TV channels, 100,000+ movies, all sports. Works with TiviMate, IPTV Smarters, Perfect Player. Free 36-hour","best IPTV for sports, best IPTV, IPTV service, TiviMate IPTV, IPTV Smarters, Perfect Player, IPTV for Fire Stick, live TV streaming, best IPTV 2025"
37,"best-iptv","best IPTV service review - #1 Recommended | StreamStickPro 2","#1 Recommended best IPTV service review with 18,000+ live TV channels, 100,000+ movies, all sports. Works with TiviMate, IPTV Smarters, Perfect Player. Fre","best IPTV service review, best IPTV, IPTV service, TiviMate IPTV, IPTV Smarters, Perfect Player, IPTV for Fire Stick, live TV streaming, best IPTV 2025"
38,"best-iptv","best IPTV provider - Expert Choice | StreamStickPro 2025","Expert Choice best IPTV provider with 18,000+ live TV channels, 100,000+ movies, all sports. Works with TiviMate, IPTV Smarters, Perfect Player. Free 36-ho","best IPTV provider, best IPTV, IPTV service, TiviMate IPTV, IPTV Smarters, Perfect Player, IPTV for Fire Stick, live TV streaming, best IPTV 2025"
39,"best-iptv","best IPTV subscription - Customer Favorite | StreamStickPro ","Customer Favorite best IPTV subscription with 18,000+ live TV channels, 100,000+ movies, all sports. Works with TiviMate, IPTV Smarters, Perfect Player. Fr","best IPTV subscription, best IPTV, IPTV service, TiviMate IPTV, IPTV Smarters, Perfect Player, IPTV for Fire Stick, live TV streaming, best IPTV 2025"
40,"best-iptv","best IPTV app - Award Winning | StreamStickPro 2025","Award Winning best IPTV app with 18,000+ live TV channels, 100,000+ movies, all sports. Works with TiviMate, IPTV Smarters, Perfect Player. Free 36-hour tr","best IPTV app, best IPTV, IPTV service, TiviMate IPTV, IPTV Smarters, Perfect Player, IPTV for Fire Stick, live TV streaming, best IPTV 2025"
41,"best-iptv","best IPTV service - Top Rated | StreamStickPro 2025","Top Rated best IPTV service with 18,000+ live TV channels, 100,000+ movies, all sports. Works with TiviMate, IPTV Smarters, Perfect Player. Free 36-hour tr","best IPTV service, best IPTV, IPTV service, TiviMate IPTV, IPTV Smarters, Perfect Player, IPTV for Fire Stick, live TV streaming, best IPTV 2025"
42,"best-iptv","best IPTV for Fire Stick - #1 Recommended | StreamStickPro 2","#1 Recommended best IPTV for Fire Stick with 18,000+ live TV channels, 100,000+ movies, all sports. Works with TiviMate, IPTV Smarters, Perfect Player. Fre","best IPTV for Fire Stick, best IPTV, IPTV service, TiviMate IPTV, IPTV Smarters, Perfect Player, IPTV for Fire Stick, live TV streaming, best IPTV 2025"
43,"best-iptv","best IPTV 2025 - Expert Choice | StreamStickPro 2025","Expert Choice best IPTV 2025 with 18,000+ live TV channels, 100,000+ movies, all sports. Works with TiviMate, IPTV Smarters, Perfect Player. Free 36-hour t","best IPTV 2025, best IPTV, IPTV service, TiviMate IPTV, IPTV Smarters, Perfect Player, IPTV for Fire Stick, live TV streaming, best IPTV 2025"
44,"best-iptv","best IPTV Reddit - Customer Favorite | StreamStickPro 2025","Customer Favorite best IPTV Reddit with 18,000+ live TV channels, 100,000+ movies, all sports. Works with TiviMate, IPTV Smarters, Perfect Player. Free 36-","best IPTV Reddit, best IPTV, IPTV service, TiviMate IPTV, IPTV Smarters, Perfect Player, IPTV for Fire Stick, live TV streaming, best IPTV 2025"
45,"best-iptv","best IPTV USA - Award Winning | StreamStickPro 2025","Award Winning best IPTV USA with 18,000+ live TV channels, 100,000+ movies, all sports. Works with TiviMate, IPTV Smarters, Perfect Player. Free 36-hour tr","best IPTV USA, best IPTV, IPTV service, TiviMate IPTV, IPTV Smarters, Perfect Player, IPTV for Fire Stick, live TV streaming, best IPTV 2025"
46,"best-iptv","best IPTV for sports - Top Rated | StreamStickPro 2025","Top Rated best IPTV for sports with 18,000+ live TV channels, 100,000+ movies, all sports. Works with TiviMate, IPTV Smarters, Perfect Player. Free 36-hour","best IPTV for sports, best IPTV, IPTV service, TiviMate IPTV, IPTV Smarters, Perfect Player, IPTV for Fire Stick, live TV streaming, best IPTV 2025"
47,"best-iptv","best IPTV service review - #1 Recommended | StreamStickPro 2","#1 Recommended best IPTV service review with 18,000+ live TV channels, 100,000+ movies, all sports. Works with TiviMate, IPTV Smarters, Perfect Player. Fre","best IPTV service review, best IPTV, IPTV service, TiviMate IPTV, IPTV Smarters, Perfect Player, IPTV for Fire Stick, live TV streaming, best IPTV 2025"
48,"best-iptv","best IPTV provider - Expert Choice | StreamStickPro 2025","Expert Choice best IPTV provider with 18,000+ live TV channels, 100,000+ movies, all sports. Works with TiviMate, IPTV Smarters, Perfect Player. Free 36-ho","best IPTV provider, best IPTV, IPTV service, TiviMate IPTV, IPTV Smarters, Perfect Player, IPTV for Fire Stick, live TV streaming, best IPTV 2025"
49,"best-iptv","best IPTV subscription - Customer Favorite | StreamStickPro ","Customer Favorite best IPTV subscription with 18,000+ live TV channels, 100,000+ movies, all sports. Works with TiviMate, IPTV Smarters, Perfect Player. Fr","best IPTV subscription, best IPTV, IPTV service, TiviMate IPTV, IPTV Smarters, Perfect Player, IPTV for Fire Stick, live TV streaming, best IPTV 2025"
50,"best-iptv","best IPTV app - Award Winning | StreamStickPro 2025","Award Winning best IPTV app with 18,000+ live TV channels, 100,000+ movies, all sports. Works with TiviMate, IPTV Smarters, Perfect Player. Free 36-hour tr","best IPTV app, best IPTV, IPTV service, TiviMate IPTV, IPTV Smarters, Perfect Player, IPTV for Fire Stick, live TV streaming, best IPTV 2025"
51,"best-iptv","best IPTV service - Top Rated | StreamStickPro 2025","Top Rated best IPTV service with 18,000+ live TV channels, 100,000+ movies, all sports. Works with TiviMate, IPTV Smarters, Perfect Player. Free 36-hour tr","best IPTV service, best IPTV, IPTV service, TiviMate IPTV, IPTV Smarters, Perfect Player, IPTV for Fire Stick, live TV streaming, best IPTV 2025"
52,"best-iptv","best IPTV for Fire Stick - #1 Recommended | StreamStickPro 2","#1 Recommended best IPTV for Fire Stick with 18,000+ live TV channels, 100,000+ movies, all sports. Works with TiviMate, IPTV Smarters, Perfect Player. Fre","best IPTV for Fire Stick, best IPTV, IPTV service, TiviMate IPTV, IPTV Smarters, Perfect Player, IPTV for Fire Stick, live TV streaming, best IPTV 2025"
53,"best-iptv","best IPTV 2025 - Expert Choice | StreamStickPro 2025","Expert Choice best IPTV 2025 with 18,000+ live TV channels, 100,000+ movies, all sports. Works with TiviMate, IPTV Smarters, Perfect Player. Free 36-hour t","best IPTV 2025, best IPTV, IPTV service, TiviMate IPTV, IPTV Smarters, Perfect Player, IPTV for Fire Stick, live TV streaming, best IPTV 2025"
54,"best-iptv","best IPTV Reddit - Customer Favorite | StreamStickPro 2025","Customer Favorite best IPTV Reddit with 18,000+ live TV channels, 100,000+ movies, all sports. Works with TiviMate, IPTV Smarters, Perfect Player. Free 36-","best IPTV Reddit, best IPTV, IPTV service, TiviMate IPTV, IPTV Smarters, Perfect Player, IPTV for Fire Stick, live TV streaming, best IPTV 2025"
55,"best-iptv","best IPTV USA - Award Winning | StreamStickPro 2025","Award Winning best IPTV USA with 18,000+ live TV channels, 100,000+ movies, all sports. Works with TiviMate, IPTV Smarters, Perfect Player. Free 36-hour tr","best IPTV USA, best IPTV, IPTV service, TiviMate IPTV, IPTV Smarters, Perfect Player, IPTV for Fire Stick, live TV streaming, best IPTV 2025"
56,"best-iptv","best IPTV for sports - Top Rated | StreamStickPro 2025","Top Rated best IPTV for sports with 18,000+ live TV channels, 100,000+ movies, all sports. Works with TiviMate, IPTV Smarters, Perfect Player. Free 36-hour","best IPTV for sports, best IPTV, IPTV service, TiviMate IPTV, IPTV Smarters, Perfect Player, IPTV for Fire Stick, live TV streaming, best IPTV 2025"
57,"best-iptv","best IPTV service review - #1 Recommended | StreamStickPro 2","#1 Recommended best IPTV service review with 18,000+ live TV channels, 100,000+ movies, all sports. Works with TiviMate, IPTV Smarters, Perfect Player. Fre","best IPTV service review, best IPTV, IPTV service, TiviMate IPTV, IPTV Smarters, Perfect Player, IPTV for Fire Stick, live TV streaming, best IPTV 2025"
58,"best-iptv","best IPTV provider - Expert Choice | StreamStickPro 2025","Expert Choice best IPTV provider with 18,000+ live TV channels, 100,000+ movies, all sports. Works with TiviMate, IPTV Smarters, Perfect Player. Free 36-ho","best IPTV provider, best IPTV, IPTV service, TiviMate IPTV, IPTV Smarters, Perfect Player, IPTV for Fire Stick, live TV streaming, best IPTV 2025"
59,"best-iptv","best IPTV subscription - Customer Favorite | StreamStickPro ","Customer Favorite best IPTV subscription with 18,000+ live TV channels, 100,000+ movies, all sports. Works with TiviMate, IPTV Smarters, Perfect Player. Fr","best IPTV subscription, best IPTV, IPTV service, TiviMate IPTV, IPTV Smarters, Perfect Player, IPTV for Fire Stick, live TV streaming, best IPTV 2025"
60,"best-iptv","best IPTV app - Award Winning | StreamStickPro 2025","Award Winning best IPTV app with 18,000+ live TV channels, 100,000+ movies, all sports. Works with TiviMate, IPTV Smarters, Perfect Player. Free 36-hour tr","best IPTV app, best IPTV, IPTV service, TiviMate IPTV, IPTV Smarters, Perfect Player, IPTV for Fire Stick, live TV streaming, best IPTV 2025"
61,"best-iptv","best IPTV service - Top Rated | StreamStickPro 2025","Top Rated best IPTV service with 18,000+ live TV channels, 100,000+ movies, all sports. Works with TiviMate, IPTV Smarters, Perfect Player. Free 36-hour tr","best IPTV service, best IPTV, IPTV service, TiviMate IPTV, IPTV Smarters, Perfect Player, IPTV for Fire Stick, live TV streaming, best IPTV 2025"
62,"best-iptv","best IPTV for Fire Stick - #1 Recommended | StreamStickPro 2","#1 Recommended best IPTV for Fire Stick with 18,000+ live TV channels, 100,000+ movies, all sports. Works with TiviMate, IPTV Smarters, Perfect Player. Fre","best IPTV for Fire Stick, best IPTV, IPTV service, TiviMate IPTV, IPTV Smarters, Perfect Player, IPTV for Fire Stick, live TV streaming, best IPTV 2025"
63,"best-iptv","best IPTV 2025 - Expert Choice | StreamStickPro 2025","Expert Choice best IPTV 2025 with 18,000+ live TV channels, 100,000+ movies, all sports. Works with TiviMate, IPTV Smarters, Perfect Player. Free 36-hour t","best IPTV 2025, best IPTV, IPTV service, TiviMate IPTV, IPTV Smarters, Perfect Player, IPTV for Fire Stick, live TV streaming, best IPTV 2025"
64,"best-iptv","best IPTV Reddit - Customer Favorite | StreamStickPro 2025","Customer Favorite best IPTV Reddit with 18,000+ live TV channels, 100,000+ movies, all sports. Works with TiviMate, IPTV Smarters, Perfect Player. Free 36-","best IPTV Reddit, best IPTV, IPTV service, TiviMate IPTV, IPTV Smarters, Perfect Player, IPTV for Fire Stick, live TV streaming, best IPTV 2025"
65,"best-iptv","best IPTV USA - Award Winning | StreamStickPro 2025","Award Winning best IPTV USA with 18,000+ live TV channels, 100,000+ movies, all sports. Works with TiviMate, IPTV Smarters, Perfect Player. Free 36-hour tr","best IPTV USA, best IPTV, IPTV service, TiviMate IPTV, IPTV Smarters, Perfect Player, IPTV for Fire Stick, live TV streaming, best IPTV 2025"
66,"best-iptv","best IPTV for sports - Top Rated | StreamStickPro 2025","Top Rated best IPTV for sports with 18,000+ live TV channels, 100,000+ movies, all sports. Works with TiviMate, IPTV Smarters, Perfect Player. Free 36-hour","best IPTV for sports, best IPTV, IPTV service, TiviMate IPTV, IPTV Smarters, Perfect Player, IPTV for Fire Stick, live TV streaming, best IPTV 2025"
67,"best-iptv","best IPTV service review - #1 Recommended | StreamStickPro 2","#1 Recommended best IPTV service review with 18,000+ live TV channels, 100,000+ movies, all sports. Works with TiviMate, IPTV Smarters, Perfect Player. Fre","best IPTV service review, best IPTV, IPTV service, TiviMate IPTV, IPTV Smarters, Perfect Player, IPTV for Fire Stick, live TV streaming, best IPTV 2025"
68,"best-iptv","best IPTV provider - Expert Choice | StreamStickPro 2025","Expert Choice best IPTV provider with 18,000+ live TV channels, 100,000+ movies, all sports. Works with TiviMate, IPTV Smarters, Perfect Player. Free 36-ho","best IPTV provider, best IPTV, IPTV service, TiviMate IPTV, IPTV Smarters, Perfect Player, IPTV for Fire Stick, live TV streaming, best IPTV 2025"
69,"best-iptv","best IPTV subscription - Customer Favorite | StreamStickPro ","Customer Favorite best IPTV subscription with 18,000+ live TV channels, 100,000+ movies, all sports. Works with TiviMate, IPTV Smarters, Perfect Player. Fr","best IPTV subscription, best IPTV, IPTV service, TiviMate IPTV, IPTV Smarters, Perfect Player, IPTV for Fire Stick, live TV streaming, best IPTV 2025"
70,"best-iptv","best IPTV app - Award Winning | StreamStickPro 2025","Award Winning best IPTV app with 18,000+ live TV channels, 100,000+ movies, all sports. Works with TiviMate, IPTV Smarters, Perfect Player. Free 36-hour tr","best IPTV app, best IPTV, IPTV service, TiviMate IPTV, IPTV Smarters, Perfect Player, IPTV for Fire Stick, live TV streaming, best IPTV 2025"
71,"best-iptv","best IPTV service - Top Rated | StreamStickPro 2025","Top Rated best IPTV service with 18,000+ live TV channels, 100,000+ movies, all sports. Works with TiviMate, IPTV Smarters, Perfect Player. Free 36-hour tr","best IPTV service, best IPTV, IPTV service, TiviMate IPTV, IPTV Smarters, Perfect Player, IPTV for Fire Stick, live TV streaming, best IPTV 2025"
72,"best-iptv","best IPTV for Fire Stick - #1 Recommended | StreamStickPro 2","#1 Recommended best IPTV for Fire Stick with 18,000+ live TV channels, 100,000+ movies, all sports. Works with TiviMate, IPTV Smarters, Perfect Player. Fre","best IPTV for Fire Stick, best IPTV, IPTV service, TiviMate IPTV, IPTV Smarters, Perfect Player, IPTV for Fire Stick, live TV streaming, best IPTV 2025"
73,"best-iptv","best IPTV 2025 - Expert Choice | StreamStickPro 2025","Expert Choice best IPTV 2025 with 18,000+ live TV channels, 100,000+ movies, all sports. Works with TiviMate, IPTV Smarters, Perfect Player. Free 36-hour t","best IPTV 2025, best IPTV, IPTV service, TiviMate IPTV, IPTV Smarters, Perfect Player, IPTV for Fire Stick, live TV streaming, best IPTV 2025"
74,"best-iptv","best IPTV Reddit - Customer Favorite | StreamStickPro 2025","Customer Favorite best IPTV Reddit with 18,000+ live TV channels, 100,000+ movies, all sports. Works with TiviMate, IPTV Smarters, Perfect Player. Free 36-","best IPTV Reddit, best IPTV, IPTV service, TiviMate IPTV, IPTV Smarters, Perfect Player, IPTV for Fire Stick, live TV streaming, best IPTV 2025"
75,"best-iptv","best IPTV USA - Award Winning | StreamStickPro 2025","Award Winning best IPTV USA with 18,000+ live TV channels, 100,000+ movies, all sports. Works with TiviMate, IPTV Smarters, Perfect Player. Free 36-hour tr","best IPTV USA, best IPTV, IPTV service, TiviMate IPTV, IPTV Smarters, Perfect Player, IPTV for Fire Stick, live TV streaming, best IPTV 2025"
76,"best-iptv","best IPTV for sports - Top Rated | StreamStickPro 2025","Top Rated best IPTV for sports with 18,000+ live TV channels, 100,000+ movies, all sports. Works with TiviMate, IPTV Smarters, Perfect Player. Free 36-hour","best IPTV for sports, best IPTV, IPTV service, TiviMate IPTV, IPTV Smarters, Perfect Player, IPTV for Fire Stick, live TV streaming, best IPTV 2025"
77,"best-iptv","best IPTV service review - #1 Recommended | StreamStickPro 2","#1 Recommended best IPTV service review with 18,000+ live TV channels, 100,000+ movies, all sports. Works with TiviMate, IPTV Smarters, Perfect Player. Fre","best IPTV service review, best IPTV, IPTV service, TiviMate IPTV, IPTV Smarters, Perfect Player, IPTV for Fire Stick, live TV streaming, best IPTV 2025"
78,"best-iptv","best IPTV provider - Expert Choice | StreamStickPro 2025","Expert Choice best IPTV provider with 18,000+ live TV channels, 100,000+ movies, all sports. Works with TiviMate, IPTV Smarters, Perfect Player. Free 36-ho","best IPTV provider, best IPTV, IPTV service, TiviMate IPTV, IPTV Smarters, Perfect Player, IPTV for Fire Stick, live TV streaming, best IPTV 2025"
79,"best-iptv","best IPTV subscription - Customer Favorite | StreamStickPro ","Customer Favorite best IPTV subscription with 18,000+ live TV channels, 100,000+ movies, all sports. Works with TiviMate, IPTV Smarters, Perfect Player. Fr","best IPTV subscription, best IPTV, IPTV service, TiviMate IPTV, IPTV Smarters, Perfect Player, IPTV for Fire Stick, live TV streaming, best IPTV 2025"
80,"best-iptv","best IPTV app - Award Winning | StreamStickPro 2025","Award Winning best IPTV app with 18,000+ live TV channels, 100,000+ movies, all sports. Works with TiviMate, IPTV Smarters, Perfect Player. Free 36-hour tr","best IPTV app, best IPTV, IPTV service, TiviMate IPTV, IPTV Smarters, Perfect Player, IPTV for Fire Stick, live TV streaming, best IPTV 2025"
81,"best-iptv","best IPTV service - Top Rated | StreamStickPro 2025","Top Rated best IPTV service with 18,000+ live TV channels, 100,000+ movies, all sports. Works with TiviMate, IPTV Smarters, Perfect Player. Free 36-hour tr","best IPTV service, best IPTV, IPTV service, TiviMate IPTV, IPTV Smarters, Perfect Player, IPTV for Fire Stick, live TV streaming, best IPTV 2025"
82,"best-iptv","best IPTV for Fire Stick - #1 Recommended | StreamStickPro 2","#1 Recommended best IPTV for Fire Stick with 18,000+ live TV channels, 100,000+ movies, all sports. Works with TiviMate, IPTV Smarters, Perfect Player. Fre","best IPTV for Fire Stick, best IPTV, IPTV service, TiviMate IPTV, IPTV Smarters, Perfect Player, IPTV for Fire Stick, live TV streaming, best IPTV 2025"
83,"best-iptv","best IPTV 2025 - Expert Choice | StreamStickPro 2025","Expert Choice best IPTV 2025 with 18,000+ live TV channels, 100,000+ movies, all sports. Works with TiviMate, IPTV Smarters, Perfect Player. Free 36-hour t","best IPTV 2025, best IPTV, IPTV service, TiviMate IPTV, IPTV Smarters, Perfect Player, IPTV for Fire Stick, live TV streaming, best IPTV 2025"
84,"best-iptv","best IPTV Reddit - Customer Favorite | StreamStickPro 2025","Customer Favorite best IPTV Reddit with 18,000+ live TV channels, 100,000+ movies, all sports. Works with TiviMate, IPTV Smarters, Perfect Player. Free 36-","best IPTV Reddit, best IPTV, IPTV service, TiviMate IPTV, IPTV Smarters, Perfect Player, IPTV for Fire Stick, live TV streaming, best IPTV 2025"
85,"best-iptv","best IPTV USA - Award Winning | StreamStickPro 2025","Award Winning best IPTV USA with 18,000+ live TV channels, 100,000+ movies, all sports. Works with TiviMate, IPTV Smarters, Perfect Player. Free 36-hour tr","best IPTV USA, best IPTV, IPTV service, TiviMate IPTV, IPTV Smarters, Perfect Player, IPTV for Fire Stick, live TV streaming, best IPTV 2025"
86,"best-iptv","best IPTV for sports - Top Rated | StreamStickPro 2025","Top Rated best IPTV for sports with 18,000+ live TV channels, 100,000+ movies, all sports. Works with TiviMate, IPTV Smarters, Perfect Player. Free 36-hour","best IPTV for sports, best IPTV, IPTV service, TiviMate IPTV, IPTV Smarters, Perfect Player, IPTV for Fire Stick, live TV streaming, best IPTV 2025"
87,"best-iptv","best IPTV service review - #1 Recommended | StreamStickPro 2","#1 Recommended best IPTV service review with 18,000+ live TV channels, 100,000+ movies, all sports. Works with TiviMate, IPTV Smarters, Perfect Player. Fre","best IPTV service review, best IPTV, IPTV service, TiviMate IPTV, IPTV Smarters, Perfect Player, IPTV for Fire Stick, live TV streaming, best IPTV 2025"
88,"best-iptv","best IPTV provider - Expert Choice | StreamStickPro 2025","Expert Choice best IPTV provider with 18,000+ live TV channels, 100,000+ movies, all sports. Works with TiviMate, IPTV Smarters, Perfect Player. Free 36-ho","best IPTV provider, best IPTV, IPTV service, TiviMate IPTV, IPTV Smarters, Perfect Player, IPTV for Fire Stick, live TV streaming, best IPTV 2025"
89,"best-iptv","best IPTV subscription - Customer Favorite | StreamStickPro ","Customer Favorite best IPTV subscription with 18,000+ live TV channels, 100,000+ movies, all sports. Works with TiviMate, IPTV Smarters, Perfect Player. Fr","best IPTV subscription, best IPTV, IPTV service, TiviMate IPTV, IPTV Smarters, Perfect Player, IPTV for Fire Stick, live TV streaming, best IPTV 2025"
90,"best-iptv","best IPTV app - Award Winning | StreamStickPro 2025","Award Winning best IPTV app with 18,000+ live TV channels, 100,000+ movies, all sports. Works with TiviMate, IPTV Smarters, Perfect Player. Free 36-hour tr","best IPTV app, best IPTV, IPTV service, TiviMate IPTV, IPTV Smarters, Perfect Player, IPTV for Fire Stick, live TV streaming, best IPTV 2025"
91,"best-iptv","best IPTV service - Top Rated | StreamStickPro 2025","Top Rated best IPTV service with 18,000+ live TV channels, 100,000+ movies, all sports. Works with TiviMate, IPTV Smarters, Perfect Player. Free 36-hour tr","best IPTV service, best IPTV, IPTV service, TiviMate IPTV, IPTV Smarters, Perfect Player, IPTV for Fire Stick, live TV streaming, best IPTV 2025"
92,"best-iptv","best IPTV for Fire Stick - #1 Recommended | StreamStickPro 2","#1 Recommended best IPTV for Fire Stick with 18,000+ live TV channels, 100,000+ movies, all sports. Works with TiviMate, IPTV Smarters, Perfect Player. Fre","best IPTV for Fire Stick, best IPTV, IPTV service, TiviMate IPTV, IPTV Smarters, Perfect Player, IPTV for Fire Stick, live TV streaming, best IPTV 2025"
93,"best-iptv","best IPTV 2025 - Expert Choice | StreamStickPro 2025","Expert Choice best IPTV 2025 with 18,000+ live TV channels, 100,000+ movies, all sports. Works with TiviMate, IPTV Smarters, Perfect Player. Free 36-hour t","best IPTV 2025, best IPTV, IPTV service, TiviMate IPTV, IPTV Smarters, Perfect Player, IPTV for Fire Stick, live TV streaming, best IPTV 2025"
94,"best-iptv","best IPTV Reddit - Customer Favorite | StreamStickPro 2025","Customer Favorite best IPTV Reddit with 18,000+ live TV channels, 100,000+ movies, all sports. Works with TiviMate, IPTV Smarters, Perfect Player. Free 36-","best IPTV Reddit, best IPTV, IPTV service, TiviMate IPTV, IPTV Smarters, Perfect Player, IPTV for Fire Stick, live TV streaming, best IPTV 2025"
95,"best-iptv","best IPTV USA - Award Winning | StreamStickPro 2025","Award Winning best IPTV USA with 18,000+ live TV channels, 100,000+ movies, all sports. Works with TiviMate, IPTV Smarters, Perfect Player. Free 36-hour tr","best IPTV USA, best IPTV, IPTV service, TiviMate IPTV, IPTV Smarters, Perfect Player, IPTV for Fire Stick, live TV streaming, best IPTV 2025"
96,"best-iptv","best IPTV for sports - Top Rated | StreamStickPro 2025","Top Rated best IPTV for sports with 18,000+ live TV channels, 100,000+ movies, all sports. Works with TiviMate, IPTV Smarters, Perfect Player. Free 36-hour","best IPTV for sports, best IPTV, IPTV service, TiviMate IPTV, IPTV Smarters, Perfect Player, IPTV for Fire Stick, live TV streaming, best IPTV 2025"
97,"best-iptv","best IPTV service review - #1 Recommended | StreamStickPro 2","#1 Recommended best IPTV service review with 18,000+ live TV channels, 100,000+ movies, all sports. Works with TiviMate, IPTV Smarters, Perfect Player. Fre","best IPTV service review, best IPTV, IPTV service, TiviMate IPTV, IPTV Smarters, Perfect Player, IPTV for Fire Stick, live TV streaming, best IPTV 2025"
98,"best-iptv","best IPTV provider - Expert Choice | StreamStickPro 2025","Expert Choice best IPTV provider with 18,000+ live TV channels, 100,000+ movies, all sports. Works with TiviMate, IPTV Smarters, Perfect Player. Free 36-ho","best IPTV provider, best IPTV, IPTV service, TiviMate IPTV, IPTV Smarters, Perfect Player, IPTV for Fire Stick, live TV streaming, best IPTV 2025"
99,"best-iptv","best IPTV subscription - Customer Favorite | StreamStickPro ","Customer Favorite best IPTV subscription with 18,000+ live TV channels, 100,000+ movies, all sports. Works with TiviMate, IPTV Smarters, Perfect Player. Fr","best IPTV subscription, best IPTV, IPTV service, TiviMate IPTV, IPTV Smarters, Perfect Player, IPTV for Fire Stick, live TV streaming, best IPTV 2025"
100,"best-iptv","best IPTV app - Award Winning | StreamStickPro 2025","Award Winning best IPTV app with 18,000+ live TV channels, 100,000+ movies, all sports. Works with TiviMate, IPTV Smarters, Perfect Player. Free 36-hour tr","best IPTV app, best IPTV, IPTV service, TiviMate IPTV, IPTV Smarters, Perfect Player, IPTV for Fire Stick, live TV streaming, best IPTV 2025"
101,"media-player","TiviMate IPTV Setup - Complete Guide | StreamStickPro","Learn how to setup TiviMate IPTV player with StreamStickPro. TiviMate IPTV guide with step-by-step instructions. Works on Fire Stick, Android TV, Smart TV.","TiviMate IPTV, TiviMate IPTV, IPTV player, IPTV setup, Fire Stick IPTV, IPTV media player, TiviMate tutorial, IPTV configuration"
102,"media-player","IPTV Smarters IPTV Configuration - Complete Guide | StreamSt","Learn how to setup IPTV Smarters IPTV player with StreamStickPro. IPTV Smarters setup guide with step-by-step instructions. Works on Fire Stick, Android TV","IPTV Smarters setup, IPTV Smarters IPTV, IPTV player, IPTV setup, Fire Stick IPTV, IPTV media player, IPTV Smarters tutorial, IPTV configuration"
103,"media-player","Perfect Player IPTV Tutorial - Complete Guide | StreamStickP","Learn how to setup Perfect Player IPTV player with StreamStickPro. Perfect Player IPTV guide with step-by-step instructions. Works on Fire Stick, Android T","Perfect Player IPTV, Perfect Player IPTV, IPTV player, IPTV setup, Fire Stick IPTV, IPTV media player, Perfect Player tutorial, IPTV configuration"
104,"media-player","VLC IPTV Guide - Complete Guide | StreamStickPro","Learn how to setup VLC IPTV player with StreamStickPro. VLC IPTV player guide with step-by-step instructions. Works on Fire Stick, Android TV, Smart TV. Pr","VLC IPTV player, VLC IPTV, IPTV player, IPTV setup, Fire Stick IPTV, IPTV media player, VLC tutorial, IPTV configuration"
105,"media-player","TiviMate IPTV Review - Complete Guide | StreamStickPro","Learn how to setup TiviMate IPTV player with StreamStickPro. best IPTV player for Fire Stick guide with step-by-step instructions. Works on Fire Stick, And","best IPTV player for Fire Stick, TiviMate IPTV, IPTV player, IPTV setup, Fire Stick IPTV, IPTV media player, TiviMate tutorial, IPTV configuration"
106,"media-player","IPTV Smarters IPTV Setup - Complete Guide | StreamStickPro","Learn how to setup IPTV Smarters IPTV player with StreamStickPro. IPTV player app guide with step-by-step instructions. Works on Fire Stick, Android TV, Sm","IPTV player app, IPTV Smarters IPTV, IPTV player, IPTV setup, Fire Stick IPTV, IPTV media player, IPTV Smarters tutorial, IPTV configuration"
107,"media-player","Perfect Player IPTV Configuration - Complete Guide | StreamS","Learn how to setup Perfect Player IPTV player with StreamStickPro. IPTV media player guide with step-by-step instructions. Works on Fire Stick, Android TV,","IPTV media player, Perfect Player IPTV, IPTV player, IPTV setup, Fire Stick IPTV, IPTV media player, Perfect Player tutorial, IPTV configuration"
108,"media-player","VLC IPTV Tutorial - Complete Guide | StreamStickPro","Learn how to setup VLC IPTV player with StreamStickPro. TiviMate setup guide guide with step-by-step instructions. Works on Fire Stick, Android TV, Smart T","TiviMate setup guide, VLC IPTV, IPTV player, IPTV setup, Fire Stick IPTV, IPTV media player, VLC tutorial, IPTV configuration"
109,"media-player","TiviMate IPTV Guide - Complete Guide | StreamStickPro","Learn how to setup TiviMate IPTV player with StreamStickPro. IPTV Smarters tutorial guide with step-by-step instructions. Works on Fire Stick, Android TV, ","IPTV Smarters tutorial, TiviMate IPTV, IPTV player, IPTV setup, Fire Stick IPTV, IPTV media player, TiviMate tutorial, IPTV configuration"
110,"media-player","IPTV Smarters IPTV Review - Complete Guide | StreamStickPro","Learn how to setup IPTV Smarters IPTV player with StreamStickPro. Perfect Player configuration guide with step-by-step instructions. Works on Fire Stick, A","Perfect Player configuration, IPTV Smarters IPTV, IPTV player, IPTV setup, Fire Stick IPTV, IPTV media player, IPTV Smarters tutorial, IPTV configuration"
111,"media-player","Perfect Player IPTV Setup - Complete Guide | StreamStickPro","Learn how to setup Perfect Player IPTV player with StreamStickPro. TiviMate IPTV guide with step-by-step instructions. Works on Fire Stick, Android TV, Sma","TiviMate IPTV, Perfect Player IPTV, IPTV player, IPTV setup, Fire Stick IPTV, IPTV media player, Perfect Player tutorial, IPTV configuration"
112,"media-player","VLC IPTV Configuration - Complete Guide | StreamStickPro","Learn how to setup VLC IPTV player with StreamStickPro. IPTV Smarters setup guide with step-by-step instructions. Works on Fire Stick, Android TV, Smart TV","IPTV Smarters setup, VLC IPTV, IPTV player, IPTV setup, Fire Stick IPTV, IPTV media player, VLC tutorial, IPTV configuration"
113,"media-player","TiviMate IPTV Tutorial - Complete Guide | StreamStickPro","Learn how to setup TiviMate IPTV player with StreamStickPro. Perfect Player IPTV guide with step-by-step instructions. Works on Fire Stick, Android TV, Sma","Perfect Player IPTV, TiviMate IPTV, IPTV player, IPTV setup, Fire Stick IPTV, IPTV media player, TiviMate tutorial, IPTV configuration"
114,"media-player","IPTV Smarters IPTV Guide - Complete Guide | StreamStickPro","Learn how to setup IPTV Smarters IPTV player with StreamStickPro. VLC IPTV player guide with step-by-step instructions. Works on Fire Stick, Android TV, Sm","VLC IPTV player, IPTV Smarters IPTV, IPTV player, IPTV setup, Fire Stick IPTV, IPTV media player, IPTV Smarters tutorial, IPTV configuration"
115,"media-player","Perfect Player IPTV Review - Complete Guide | StreamStickPro","Learn how to setup Perfect Player IPTV player with StreamStickPro. best IPTV player for Fire Stick guide with step-by-step instructions. Works on Fire Stic","best IPTV player for Fire Stick, Perfect Player IPTV, IPTV player, IPTV setup, Fire Stick IPTV, IPTV media player, Perfect Player tutorial, IPTV configuration"
116,"media-player","VLC IPTV Setup - Complete Guide | StreamStickPro","Learn how to setup VLC IPTV player with StreamStickPro. IPTV player app guide with step-by-step instructions. Works on Fire Stick, Android TV, Smart TV. Pr","IPTV player app, VLC IPTV, IPTV player, IPTV setup, Fire Stick IPTV, IPTV media player, VLC tutorial, IPTV configuration"
117,"media-player","TiviMate IPTV Configuration - Complete Guide | StreamStickPr","Learn how to setup TiviMate IPTV player with StreamStickPro. IPTV media player guide with step-by-step instructions. Works on Fire Stick, Android TV, Smart","IPTV media player, TiviMate IPTV, IPTV player, IPTV setup, Fire Stick IPTV, IPTV media player, TiviMate tutorial, IPTV configuration"
118,"media-player","IPTV Smarters IPTV Tutorial - Complete Guide | StreamStickPr","Learn how to setup IPTV Smarters IPTV player with StreamStickPro. TiviMate setup guide guide with step-by-step instructions. Works on Fire Stick, Android T","TiviMate setup guide, IPTV Smarters IPTV, IPTV player, IPTV setup, Fire Stick IPTV, IPTV media player, IPTV Smarters tutorial, IPTV configuration"
119,"media-player","Perfect Player IPTV Guide - Complete Guide | StreamStickPro","Learn how to setup Perfect Player IPTV player with StreamStickPro. IPTV Smarters tutorial guide with step-by-step instructions. Works on Fire Stick, Androi","IPTV Smarters tutorial, Perfect Player IPTV, IPTV player, IPTV setup, Fire Stick IPTV, IPTV media player, Perfect Player tutorial, IPTV configuration"
120,"media-player","VLC IPTV Review - Complete Guide | StreamStickPro","Learn how to setup VLC IPTV player with StreamStickPro. Perfect Player configuration guide with step-by-step instructions. Works on Fire Stick, Android TV,","Perfect Player configuration, VLC IPTV, IPTV player, IPTV setup, Fire Stick IPTV, IPTV media player, VLC tutorial, IPTV configuration"
121,"media-player","TiviMate IPTV Setup - Complete Guide | StreamStickPro","Learn how to setup TiviMate IPTV player with StreamStickPro. TiviMate IPTV guide with step-by-step instructions. Works on Fire Stick, Android TV, Smart TV.","TiviMate IPTV, TiviMate IPTV, IPTV player, IPTV setup, Fire Stick IPTV, IPTV media player, TiviMate tutorial, IPTV configuration"
122,"media-player","IPTV Smarters IPTV Configuration - Complete Guide | StreamSt","Learn how to setup IPTV Smarters IPTV player with StreamStickPro. IPTV Smarters setup guide with step-by-step instructions. Works on Fire Stick, Android TV","IPTV Smarters setup, IPTV Smarters IPTV, IPTV player, IPTV setup, Fire Stick IPTV, IPTV media player, IPTV Smarters tutorial, IPTV configuration"
123,"media-player","Perfect Player IPTV Tutorial - Complete Guide | StreamStickP","Learn how to setup Perfect Player IPTV player with StreamStickPro. Perfect Player IPTV guide with step-by-step instructions. Works on Fire Stick, Android T","Perfect Player IPTV, Perfect Player IPTV, IPTV player, IPTV setup, Fire Stick IPTV, IPTV media player, Perfect Player tutorial, IPTV configuration"
124,"media-player","VLC IPTV Guide - Complete Guide | StreamStickPro","Learn how to setup VLC IPTV player with StreamStickPro. VLC IPTV player guide with step-by-step instructions. Works on Fire Stick, Android TV, Smart TV. Pr","VLC IPTV player, VLC IPTV, IPTV player, IPTV setup, Fire Stick IPTV, IPTV media player, VLC tutorial, IPTV configuration"
125,"media-player","TiviMate IPTV Review - Complete Guide | StreamStickPro","Learn how to setup TiviMate IPTV player with StreamStickPro. best IPTV player for Fire Stick guide with step-by-step instructions. Works on Fire Stick, And","best IPTV player for Fire Stick, TiviMate IPTV, IPTV player, IPTV setup, Fire Stick IPTV, IPTV media player, TiviMate tutorial, IPTV configuration"
126,"media-player","IPTV Smarters IPTV Setup - Complete Guide | StreamStickPro","Learn how to setup IPTV Smarters IPTV player with StreamStickPro. IPTV player app guide with step-by-step instructions. Works on Fire Stick, Android TV, Sm","IPTV player app, IPTV Smarters IPTV, IPTV player, IPTV setup, Fire Stick IPTV, IPTV media player, IPTV Smarters tutorial, IPTV configuration"
127,"media-player","Perfect Player IPTV Configuration - Complete Guide | StreamS","Learn how to setup Perfect Player IPTV player with StreamStickPro. IPTV media player guide with step-by-step instructions. Works on Fire Stick, Android TV,","IPTV media player, Perfect Player IPTV, IPTV player, IPTV setup, Fire Stick IPTV, IPTV media player, Perfect Player tutorial, IPTV configuration"
128,"media-player","VLC IPTV Tutorial - Complete Guide | StreamStickPro","Learn how to setup VLC IPTV player with StreamStickPro. TiviMate setup guide guide with step-by-step instructions. Works on Fire Stick, Android TV, Smart T","TiviMate setup guide, VLC IPTV, IPTV player, IPTV setup, Fire Stick IPTV, IPTV media player, VLC tutorial, IPTV configuration"
129,"media-player","TiviMate IPTV Guide - Complete Guide | StreamStickPro","Learn how to setup TiviMate IPTV player with StreamStickPro. IPTV Smarters tutorial guide with step-by-step instructions. Works on Fire Stick, Android TV, ","IPTV Smarters tutorial, TiviMate IPTV, IPTV player, IPTV setup, Fire Stick IPTV, IPTV media player, TiviMate tutorial, IPTV configuration"
130,"media-player","IPTV Smarters IPTV Review - Complete Guide | StreamStickPro","Learn how to setup IPTV Smarters IPTV player with StreamStickPro. Perfect Player configuration guide with step-by-step instructions. Works on Fire Stick, A","Perfect Player configuration, IPTV Smarters IPTV, IPTV player, IPTV setup, Fire Stick IPTV, IPTV media player, IPTV Smarters tutorial, IPTV configuration"
131,"media-player","Perfect Player IPTV Setup - Complete Guide | StreamStickPro","Learn how to setup Perfect Player IPTV player with StreamStickPro. TiviMate IPTV guide with step-by-step instructions. Works on Fire Stick, Android TV, Sma","TiviMate IPTV, Perfect Player IPTV, IPTV player, IPTV setup, Fire Stick IPTV, IPTV media player, Perfect Player tutorial, IPTV configuration"
132,"media-player","VLC IPTV Configuration - Complete Guide | StreamStickPro","Learn how to setup VLC IPTV player with StreamStickPro. IPTV Smarters setup guide with step-by-step instructions. Works on Fire Stick, Android TV, Smart TV","IPTV Smarters setup, VLC IPTV, IPTV player, IPTV setup, Fire Stick IPTV, IPTV media player, VLC tutorial, IPTV configuration"
133,"media-player","TiviMate IPTV Tutorial - Complete Guide | StreamStickPro","Learn how to setup TiviMate IPTV player with StreamStickPro. Perfect Player IPTV guide with step-by-step instructions. Works on Fire Stick, Android TV, Sma","Perfect Player IPTV, TiviMate IPTV, IPTV player, IPTV setup, Fire Stick IPTV, IPTV media player, TiviMate tutorial, IPTV configuration"
134,"media-player","IPTV Smarters IPTV Guide - Complete Guide | StreamStickPro","Learn how to setup IPTV Smarters IPTV player with StreamStickPro. VLC IPTV player guide with step-by-step instructions. Works on Fire Stick, Android TV, Sm","VLC IPTV player, IPTV Smarters IPTV, IPTV player, IPTV setup, Fire Stick IPTV, IPTV media player, IPTV Smarters tutorial, IPTV configuration"
135,"media-player","Perfect Player IPTV Review - Complete Guide | StreamStickPro","Learn how to setup Perfect Player IPTV player with StreamStickPro. best IPTV player for Fire Stick guide with step-by-step instructions. Works on Fire Stic","best IPTV player for Fire Stick, Perfect Player IPTV, IPTV player, IPTV setup, Fire Stick IPTV, IPTV media player, Perfect Player tutorial, IPTV configuration"
136,"media-player","VLC IPTV Setup - Complete Guide | StreamStickPro","Learn how to setup VLC IPTV player with StreamStickPro. IPTV player app guide with step-by-step instructions. Works on Fire Stick, Android TV, Smart TV. Pr","IPTV player app, VLC IPTV, IPTV player, IPTV setup, Fire Stick IPTV, IPTV media player, VLC tutorial, IPTV configuration"
137,"media-player","TiviMate IPTV Configuration - Complete Guide | StreamStickPr","Learn how to setup TiviMate IPTV player with StreamStickPro. IPTV media player guide with step-by-step instructions. Works on Fire Stick, Android TV, Smart","IPTV media player, TiviMate IPTV, IPTV player, IPTV setup, Fire Stick IPTV, IPTV media player, TiviMate tutorial, IPTV configuration"
138,"media-player","IPTV Smarters IPTV Tutorial - Complete Guide | StreamStickPr","Learn how to setup IPTV Smarters IPTV player with StreamStickPro. TiviMate setup guide guide with step-by-step instructions. Works on Fire Stick, Android T","TiviMate setup guide, IPTV Smarters IPTV, IPTV player, IPTV setup, Fire Stick IPTV, IPTV media player, IPTV Smarters tutorial, IPTV configuration"
139,"media-player","Perfect Player IPTV Guide - Complete Guide | StreamStickPro","Learn how to setup Perfect Player IPTV player with StreamStickPro. IPTV Smarters tutorial guide with step-by-step instructions. Works on Fire Stick, Androi","IPTV Smarters tutorial, Perfect Player IPTV, IPTV player, IPTV setup, Fire Stick IPTV, IPTV media player, Perfect Player tutorial, IPTV configuration"
140,"media-player","VLC IPTV Review - Complete Guide | StreamStickPro","Learn how to setup VLC IPTV player with StreamStickPro. Perfect Player configuration guide with step-by-step instructions. Works on Fire Stick, Android TV,","Perfect Player configuration, VLC IPTV, IPTV player, IPTV setup, Fire Stick IPTV, IPTV media player, VLC tutorial, IPTV configuration"
141,"media-player","TiviMate IPTV Setup - Complete Guide | StreamStickPro","Learn how to setup TiviMate IPTV player with StreamStickPro. TiviMate IPTV guide with step-by-step instructions. Works on Fire Stick, Android TV, Smart TV.","TiviMate IPTV, TiviMate IPTV, IPTV player, IPTV setup, Fire Stick IPTV, IPTV media player, TiviMate tutorial, IPTV configuration"
142,"media-player","IPTV Smarters IPTV Configuration - Complete Guide | StreamSt","Learn how to setup IPTV Smarters IPTV player with StreamStickPro. IPTV Smarters setup guide with step-by-step instructions. Works on Fire Stick, Android TV","IPTV Smarters setup, IPTV Smarters IPTV, IPTV player, IPTV setup, Fire Stick IPTV, IPTV media player, IPTV Smarters tutorial, IPTV configuration"
143,"media-player","Perfect Player IPTV Tutorial - Complete Guide | StreamStickP","Learn how to setup Perfect Player IPTV player with StreamStickPro. Perfect Player IPTV guide with step-by-step instructions. Works on Fire Stick, Android T","Perfect Player IPTV, Perfect Player IPTV, IPTV player, IPTV setup, Fire Stick IPTV, IPTV media player, Perfect Player tutorial, IPTV configuration"
144,"media-player","VLC IPTV Guide - Complete Guide | StreamStickPro","Learn how to setup VLC IPTV player with StreamStickPro. VLC IPTV player guide with step-by-step instructions. Works on Fire Stick, Android TV, Smart TV. Pr","VLC IPTV player, VLC IPTV, IPTV player, IPTV setup, Fire Stick IPTV, IPTV media player, VLC tutorial, IPTV configuration"
145,"media-player","TiviMate IPTV Review - Complete Guide | StreamStickPro","Learn how to setup TiviMate IPTV player with StreamStickPro. best IPTV player for Fire Stick guide with step-by-step instructions. Works on Fire Stick, And","best IPTV player for Fire Stick, TiviMate IPTV, IPTV player, IPTV setup, Fire Stick IPTV, IPTV media player, TiviMate tutorial, IPTV configuration"
146,"media-player","IPTV Smarters IPTV Setup - Complete Guide | StreamStickPro","Learn how to setup IPTV Smarters IPTV player with StreamStickPro. IPTV player app guide with step-by-step instructions. Works on Fire Stick, Android TV, Sm","IPTV player app, IPTV Smarters IPTV, IPTV player, IPTV setup, Fire Stick IPTV, IPTV media player, IPTV Smarters tutorial, IPTV configuration"
147,"media-player","Perfect Player IPTV Configuration - Complete Guide | StreamS","Learn how to setup Perfect Player IPTV player with StreamStickPro. IPTV media player guide with step-by-step instructions. Works on Fire Stick, Android TV,","IPTV media player, Perfect Player IPTV, IPTV player, IPTV setup, Fire Stick IPTV, IPTV media player, Perfect Player tutorial, IPTV configuration"
148,"media-player","VLC IPTV Tutorial - Complete Guide | StreamStickPro","Learn how to setup VLC IPTV player with StreamStickPro. TiviMate setup guide guide with step-by-step instructions. Works on Fire Stick, Android TV, Smart T","TiviMate setup guide, VLC IPTV, IPTV player, IPTV setup, Fire Stick IPTV, IPTV media player, VLC tutorial, IPTV configuration"
149,"media-player","TiviMate IPTV Guide - Complete Guide | StreamStickPro","Learn how to setup TiviMate IPTV player with StreamStickPro. IPTV Smarters tutorial guide with step-by-step instructions. Works on Fire Stick, Android TV, ","IPTV Smarters tutorial, TiviMate IPTV, IPTV player, IPTV setup, Fire Stick IPTV, IPTV media player, TiviMate tutorial, IPTV configuration"
150,"media-player","IPTV Smarters IPTV Review - Complete Guide | StreamStickPro","Learn how to setup IPTV Smarters IPTV player with StreamStickPro. Perfect Player configuration guide with step-by-step instructions. Works on Fire Stick, A","Perfect Player configuration, IPTV Smarters IPTV, IPTV player, IPTV setup, Fire Stick IPTV, IPTV media player, IPTV Smarters tutorial, IPTV configuration"
151,"media-player","Perfect Player IPTV Setup - Complete Guide | StreamStickPro","Learn how to setup Perfect Player IPTV player with StreamStickPro. TiviMate IPTV guide with step-by-step instructions. Works on Fire Stick, Android TV, Sma","TiviMate IPTV, Perfect Player IPTV, IPTV player, IPTV setup, Fire Stick IPTV, IPTV media player, Perfect Player tutorial, IPTV configuration"
152,"media-player","VLC IPTV Configuration - Complete Guide | StreamStickPro","Learn how to setup VLC IPTV player with StreamStickPro. IPTV Smarters setup guide with step-by-step instructions. Works on Fire Stick, Android TV, Smart TV","IPTV Smarters setup, VLC IPTV, IPTV player, IPTV setup, Fire Stick IPTV, IPTV media player, VLC tutorial, IPTV configuration"
153,"media-player","TiviMate IPTV Tutorial - Complete Guide | StreamStickPro","Learn how to setup TiviMate IPTV player with StreamStickPro. Perfect Player IPTV guide with step-by-step instructions. Works on Fire Stick, Android TV, Sma","Perfect Player IPTV, TiviMate IPTV, IPTV player, IPTV setup, Fire Stick IPTV, IPTV media player, TiviMate tutorial, IPTV configuration"
154,"media-player","IPTV Smarters IPTV Guide - Complete Guide | StreamStickPro","Learn how to setup IPTV Smarters IPTV player with StreamStickPro. VLC IPTV player guide with step-by-step instructions. Works on Fire Stick, Android TV, Sm","VLC IPTV player, IPTV Smarters IPTV, IPTV player, IPTV setup, Fire Stick IPTV, IPTV media player, IPTV Smarters tutorial, IPTV configuration"
155,"media-player","Perfect Player IPTV Review - Complete Guide | StreamStickPro","Learn how to setup Perfect Player IPTV player with StreamStickPro. best IPTV player for Fire Stick guide with step-by-step instructions. Works on Fire Stic","best IPTV player for Fire Stick, Perfect Player IPTV, IPTV player, IPTV setup, Fire Stick IPTV, IPTV media player, Perfect Player tutorial, IPTV configuration"
156,"media-player","VLC IPTV Setup - Complete Guide | StreamStickPro","Learn how to setup VLC IPTV player with StreamStickPro. IPTV player app guide with step-by-step instructions. Works on Fire Stick, Android TV, Smart TV. Pr","IPTV player app, VLC IPTV, IPTV player, IPTV setup, Fire Stick IPTV, IPTV media player, VLC tutorial, IPTV configuration"
157,"media-player","TiviMate IPTV Configuration - Complete Guide | StreamStickPr","Learn how to setup TiviMate IPTV player with StreamStickPro. IPTV media player guide with step-by-step instructions. Works on Fire Stick, Android TV, Smart","IPTV media player, TiviMate IPTV, IPTV player, IPTV setup, Fire Stick IPTV, IPTV media player, TiviMate tutorial, IPTV configuration"
158,"media-player","IPTV Smarters IPTV Tutorial - Complete Guide | StreamStickPr","Learn how to setup IPTV Smarters IPTV player with StreamStickPro. TiviMate setup guide guide with step-by-step instructions. Works on Fire Stick, Android T","TiviMate setup guide, IPTV Smarters IPTV, IPTV player, IPTV setup, Fire Stick IPTV, IPTV media player, IPTV Smarters tutorial, IPTV configuration"
159,"media-player","Perfect Player IPTV Guide - Complete Guide | StreamStickPro","Learn how to setup Perfect Player IPTV player with StreamStickPro. IPTV Smarters tutorial guide with step-by-step instructions. Works on Fire Stick, Androi","IPTV Smarters tutorial, Perfect Player IPTV, IPTV player, IPTV setup, Fire Stick IPTV, IPTV media player, Perfect Player tutorial, IPTV configuration"
160,"media-player","VLC IPTV Review - Complete Guide | StreamStickPro","Learn how to setup VLC IPTV player with StreamStickPro. Perfect Player configuration guide with step-by-step instructions. Works on Fire Stick, Android TV,","Perfect Player configuration, VLC IPTV, IPTV player, IPTV setup, Fire Stick IPTV, IPTV media player, VLC tutorial, IPTV configuration"
161,"media-player","TiviMate IPTV Setup - Complete Guide | StreamStickPro","Learn how to setup TiviMate IPTV player with StreamStickPro. TiviMate IPTV guide with step-by-step instructions. Works on Fire Stick, Android TV, Smart TV.","TiviMate IPTV, TiviMate IPTV, IPTV player, IPTV setup, Fire Stick IPTV, IPTV media player, TiviMate tutorial, IPTV configuration"
162,"media-player","IPTV Smarters IPTV Configuration - Complete Guide | StreamSt","Learn how to setup IPTV Smarters IPTV player with StreamStickPro. IPTV Smarters setup guide with step-by-step instructions. Works on Fire Stick, Android TV","IPTV Smarters setup, IPTV Smarters IPTV, IPTV player, IPTV setup, Fire Stick IPTV, IPTV media player, IPTV Smarters tutorial, IPTV configuration"
163,"media-player","Perfect Player IPTV Tutorial - Complete Guide | StreamStickP","Learn how to setup Perfect Player IPTV player with StreamStickPro. Perfect Player IPTV guide with step-by-step instructions. Works on Fire Stick, Android T","Perfect Player IPTV, Perfect Player IPTV, IPTV player, IPTV setup, Fire Stick IPTV, IPTV media player, Perfect Player tutorial, IPTV configuration"
164,"media-player","VLC IPTV Guide - Complete Guide | StreamStickPro","Learn how to setup VLC IPTV player with StreamStickPro. VLC IPTV player guide with step-by-step instructions. Works on Fire Stick, Android TV, Smart TV. Pr","VLC IPTV player, VLC IPTV, IPTV player, IPTV setup, Fire Stick IPTV, IPTV media player, VLC tutorial, IPTV configuration"
165,"media-player","TiviMate IPTV Review - Complete Guide | StreamStickPro","Learn how to setup TiviMate IPTV player with StreamStickPro. best IPTV player for Fire Stick guide with step-by-step instructions. Works on Fire Stick, And","best IPTV player for Fire Stick, TiviMate IPTV, IPTV player, IPTV setup, Fire Stick IPTV, IPTV media player, TiviMate tutorial, IPTV configuration"
166,"media-player","IPTV Smarters IPTV Setup - Complete Guide | StreamStickPro","Learn how to setup IPTV Smarters IPTV player with StreamStickPro. IPTV player app guide with step-by-step instructions. Works on Fire Stick, Android TV, Sm","IPTV player app, IPTV Smarters IPTV, IPTV player, IPTV setup, Fire Stick IPTV, IPTV media player, IPTV Smarters tutorial, IPTV configuration"
167,"media-player","Perfect Player IPTV Configuration - Complete Guide | StreamS","Learn how to setup Perfect Player IPTV player with StreamStickPro. IPTV media player guide with step-by-step instructions. Works on Fire Stick, Android TV,","IPTV media player, Perfect Player IPTV, IPTV player, IPTV setup, Fire Stick IPTV, IPTV media player, Perfect Player tutorial, IPTV configuration"
168,"media-player","VLC IPTV Tutorial - Complete Guide | StreamStickPro","Learn how to setup VLC IPTV player with StreamStickPro. TiviMate setup guide guide with step-by-step instructions. Works on Fire Stick, Android TV, Smart T","TiviMate setup guide, VLC IPTV, IPTV player, IPTV setup, Fire Stick IPTV, IPTV media player, VLC tutorial, IPTV configuration"
169,"media-player","TiviMate IPTV Guide - Complete Guide | StreamStickPro","Learn how to setup TiviMate IPTV player with StreamStickPro. IPTV Smarters tutorial guide with step-by-step instructions. Works on Fire Stick, Android TV, ","IPTV Smarters tutorial, TiviMate IPTV, IPTV player, IPTV setup, Fire Stick IPTV, IPTV media player, TiviMate tutorial, IPTV configuration"
170,"media-player","IPTV Smarters IPTV Review - Complete Guide | StreamStickPro","Learn how to setup IPTV Smarters IPTV player with StreamStickPro. Perfect Player configuration guide with step-by-step instructions. Works on Fire Stick, A","Perfect Player configuration, IPTV Smarters IPTV, IPTV player, IPTV setup, Fire Stick IPTV, IPTV media player, IPTV Smarters tutorial, IPTV configuration"
171,"media-player","Perfect Player IPTV Setup - Complete Guide | StreamStickPro","Learn how to setup Perfect Player IPTV player with StreamStickPro. TiviMate IPTV guide with step-by-step instructions. Works on Fire Stick, Android TV, Sma","TiviMate IPTV, Perfect Player IPTV, IPTV player, IPTV setup, Fire Stick IPTV, IPTV media player, Perfect Player tutorial, IPTV configuration"
172,"media-player","VLC IPTV Configuration - Complete Guide | StreamStickPro","Learn how to setup VLC IPTV player with StreamStickPro. IPTV Smarters setup guide with step-by-step instructions. Works on Fire Stick, Android TV, Smart TV","IPTV Smarters setup, VLC IPTV, IPTV player, IPTV setup, Fire Stick IPTV, IPTV media player, VLC tutorial, IPTV configuration"
173,"media-player","TiviMate IPTV Tutorial - Complete Guide | StreamStickPro","Learn how to setup TiviMate IPTV player with StreamStickPro. Perfect Player IPTV guide with step-by-step instructions. Works on Fire Stick, Android TV, Sma","Perfect Player IPTV, TiviMate IPTV, IPTV player, IPTV setup, Fire Stick IPTV, IPTV media player, TiviMate tutorial, IPTV configuration"
174,"media-player","IPTV Smarters IPTV Guide - Complete Guide | StreamStickPro","Learn how to setup IPTV Smarters IPTV player with StreamStickPro. VLC IPTV player guide with step-by-step instructions. Works on Fire Stick, Android TV, Sm","VLC IPTV player, IPTV Smarters IPTV, IPTV player, IPTV setup, Fire Stick IPTV, IPTV media player, IPTV Smarters tutorial, IPTV configuration"
175,"media-player","Perfect Player IPTV Review - Complete Guide | StreamStickPro","Learn how to setup Perfect Player IPTV player with StreamStickPro. best IPTV player for Fire Stick guide with step-by-step instructions. Works on Fire Stic","best IPTV player for Fire Stick, Perfect Player IPTV, IPTV player, IPTV setup, Fire Stick IPTV, IPTV media player, Perfect Player tutorial, IPTV configuration"
176,"media-player","VLC IPTV Setup - Complete Guide | StreamStickPro","Learn how to setup VLC IPTV player with StreamStickPro. IPTV player app guide with step-by-step instructions. Works on Fire Stick, Android TV, Smart TV. Pr","IPTV player app, VLC IPTV, IPTV player, IPTV setup, Fire Stick IPTV, IPTV media player, VLC tutorial, IPTV configuration"
177,"media-player","TiviMate IPTV Configuration - Complete Guide | StreamStickPr","Learn how to setup TiviMate IPTV player with StreamStickPro. IPTV media player guide with step-by-step instructions. Works on Fire Stick, Android TV, Smart","IPTV media player, TiviMate IPTV, IPTV player, IPTV setup, Fire Stick IPTV, IPTV media player, TiviMate tutorial, IPTV configuration"
178,"media-player","IPTV Smarters IPTV Tutorial - Complete Guide | StreamStickPr","Learn how to setup IPTV Smarters IPTV player with StreamStickPro. TiviMate setup guide guide with step-by-step instructions. Works on Fire Stick, Android T","TiviMate setup guide, IPTV Smarters IPTV, IPTV player, IPTV setup, Fire Stick IPTV, IPTV media player, IPTV Smarters tutorial, IPTV configuration"
179,"media-player","Perfect Player IPTV Guide - Complete Guide | StreamStickPro","Learn how to setup Perfect Player IPTV player with StreamStickPro. IPTV Smarters tutorial guide with step-by-step instructions. Works on Fire Stick, Androi","IPTV Smarters tutorial, Perfect Player IPTV, IPTV player, IPTV setup, Fire Stick IPTV, IPTV media player, Perfect Player tutorial, IPTV configuration"
180,"media-player","VLC IPTV Review - Complete Guide | StreamStickPro","Learn how to setup VLC IPTV player with StreamStickPro. Perfect Player configuration guide with step-by-step instructions. Works on Fire Stick, Android TV,","Perfect Player configuration, VLC IPTV, IPTV player, IPTV setup, Fire Stick IPTV, IPTV media player, VLC tutorial, IPTV configuration"
181,"blog-mention","IPTV blog - Complete Guide | StreamStickPro Blog","Complete Guide to IPTV blog. Learn everything about IPTV services, setup, troubleshooting, and more. Trusted IPTV blog with expert reviews, guides, and tut","IPTV blog, IPTV blog, IPTV guide, IPTV tutorial, IPTV review, IPTV setup, IPTV troubleshooting, IPTV channels, IPTV sports, IPTV movies"
182,"blog-mention","IPTV review - Expert Review | StreamStickPro Blog","Expert Review to IPTV review. Learn everything about IPTV services, setup, troubleshooting, and more. Trusted IPTV blog with expert reviews, guides, and tu","IPTV review, IPTV blog, IPTV guide, IPTV tutorial, IPTV review, IPTV setup, IPTV troubleshooting, IPTV channels, IPTV sports, IPTV movies"
183,"blog-mention","IPTV guide - Ultimate Tutorial | StreamStickPro Blog","Ultimate Tutorial to IPTV guide. Learn everything about IPTV services, setup, troubleshooting, and more. Trusted IPTV blog with expert reviews, guides, and","IPTV guide, IPTV blog, IPTV guide, IPTV tutorial, IPTV review, IPTV setup, IPTV troubleshooting, IPTV channels, IPTV sports, IPTV movies"
184,"blog-mention","IPTV tutorial - Comprehensive Guide | StreamStickPro Blog","Comprehensive Guide to IPTV tutorial. Learn everything about IPTV services, setup, troubleshooting, and more. Trusted IPTV blog with expert reviews, guides","IPTV tutorial, IPTV blog, IPTV guide, IPTV tutorial, IPTV review, IPTV setup, IPTV troubleshooting, IPTV channels, IPTV sports, IPTV movies"
185,"blog-mention","IPTV setup - Step-by-Step | StreamStickPro Blog","Step-by-Step to IPTV setup. Learn everything about IPTV services, setup, troubleshooting, and more. Trusted IPTV blog with expert reviews, guides, and tuto","IPTV setup, IPTV blog, IPTV guide, IPTV tutorial, IPTV review, IPTV setup, IPTV troubleshooting, IPTV channels, IPTV sports, IPTV movies"
186,"blog-mention","IPTV for beginners - Complete Guide | StreamStickPro Blog","Complete Guide to IPTV for beginners. Learn everything about IPTV services, setup, troubleshooting, and more. Trusted IPTV blog with expert reviews, guides","IPTV for beginners, IPTV blog, IPTV guide, IPTV tutorial, IPTV review, IPTV setup, IPTV troubleshooting, IPTV channels, IPTV sports, IPTV movies"
187,"blog-mention","IPTV troubleshooting - Expert Review | StreamStickPro Blog","Expert Review to IPTV troubleshooting. Learn everything about IPTV services, setup, troubleshooting, and more. Trusted IPTV blog with expert reviews, guide","IPTV troubleshooting, IPTV blog, IPTV guide, IPTV tutorial, IPTV review, IPTV setup, IPTV troubleshooting, IPTV channels, IPTV sports, IPTV movies"
188,"blog-mention","IPTV channels list - Ultimate Tutorial | StreamStickPro Blog","Ultimate Tutorial to IPTV channels list. Learn everything about IPTV services, setup, troubleshooting, and more. Trusted IPTV blog with expert reviews, gui","IPTV channels list, IPTV blog, IPTV guide, IPTV tutorial, IPTV review, IPTV setup, IPTV troubleshooting, IPTV channels, IPTV sports, IPTV movies"
189,"blog-mention","IPTV sports - Comprehensive Guide | StreamStickPro Blog","Comprehensive Guide to IPTV sports. Learn everything about IPTV services, setup, troubleshooting, and more. Trusted IPTV blog with expert reviews, guides, ","IPTV sports, IPTV blog, IPTV guide, IPTV tutorial, IPTV review, IPTV setup, IPTV troubleshooting, IPTV channels, IPTV sports, IPTV movies"
190,"blog-mention","IPTV movies - Step-by-Step | StreamStickPro Blog","Step-by-Step to IPTV movies. Learn everything about IPTV services, setup, troubleshooting, and more. Trusted IPTV blog with expert reviews, guides, and tut","IPTV movies, IPTV blog, IPTV guide, IPTV tutorial, IPTV review, IPTV setup, IPTV troubleshooting, IPTV channels, IPTV sports, IPTV movies"
191,"blog-mention","IPTV blog - Complete Guide | StreamStickPro Blog","Complete Guide to IPTV blog. Learn everything about IPTV services, setup, troubleshooting, and more. Trusted IPTV blog with expert reviews, guides, and tut","IPTV blog, IPTV blog, IPTV guide, IPTV tutorial, IPTV review, IPTV setup, IPTV troubleshooting, IPTV channels, IPTV sports, IPTV movies"
192,"blog-mention","IPTV review - Expert Review | StreamStickPro Blog","Expert Review to IPTV review. Learn everything about IPTV services, setup, troubleshooting, and more. Trusted IPTV blog with expert reviews, guides, and tu","IPTV review, IPTV blog, IPTV guide, IPTV tutorial, IPTV review, IPTV setup, IPTV troubleshooting, IPTV channels, IPTV sports, IPTV movies"
193,"blog-mention","IPTV guide - Ultimate Tutorial | StreamStickPro Blog","Ultimate Tutorial to IPTV guide. Learn everything about IPTV services, setup, troubleshooting, and more. Trusted IPTV blog with expert reviews, guides, and","IPTV guide, IPTV blog, IPTV guide, IPTV tutorial, IPTV review, IPTV setup, IPTV troubleshooting, IPTV channels, IPTV sports, IPTV movies"
194,"blog-mention","IPTV tutorial - Comprehensive Guide | StreamStickPro Blog","Comprehensive Guide to IPTV tutorial. Learn everything about IPTV services, setup, troubleshooting, and more. Trusted IPTV blog with expert reviews, guides","IPTV tutorial, IPTV blog, IPTV guide, IPTV tutorial, IPTV review, IPTV setup, IPTV troubleshooting, IPTV channels, IPTV sports, IPTV movies"
195,"blog-mention","IPTV setup - Step-by-Step | StreamStickPro Blog","Step-by-Step to IPTV setup. Learn everything about IPTV services, setup, troubleshooting, and more. Trusted IPTV blog with expert reviews, guides, and tuto","IPTV setup, IPTV blog, IPTV guide, IPTV tutorial, IPTV review, IPTV setup, IPTV troubleshooting, IPTV channels, IPTV sports, IPTV movies"
196,"blog-mention","IPTV for beginners - Complete Guide | StreamStickPro Blog","Complete Guide to IPTV for beginners. Learn everything about IPTV services, setup, troubleshooting, and more. Trusted IPTV blog with expert reviews, guides","IPTV for beginners, IPTV blog, IPTV guide, IPTV tutorial, IPTV review, IPTV setup, IPTV troubleshooting, IPTV channels, IPTV sports, IPTV movies"
197,"blog-mention","IPTV troubleshooting - Expert Review | StreamStickPro Blog","Expert Review to IPTV troubleshooting. Learn everything about IPTV services, setup, troubleshooting, and more. Trusted IPTV blog with expert reviews, guide","IPTV troubleshooting, IPTV blog, IPTV guide, IPTV tutorial, IPTV review, IPTV setup, IPTV troubleshooting, IPTV channels, IPTV sports, IPTV movies"
198,"blog-mention","IPTV channels list - Ultimate Tutorial | StreamStickPro Blog","Ultimate Tutorial to IPTV channels list. Learn everything about IPTV services, setup, troubleshooting, and more. Trusted IPTV blog with expert reviews, gui","IPTV channels list, IPTV blog, IPTV guide, IPTV tutorial, IPTV review, IPTV setup, IPTV troubleshooting, IPTV channels, IPTV sports, IPTV movies"
199,"blog-mention","IPTV sports - Comprehensive Guide | StreamStickPro Blog","Comprehensive Guide to IPTV sports. Learn everything about IPTV services, setup, troubleshooting, and more. Trusted IPTV blog with expert reviews, guides, ","IPTV sports, IPTV blog, IPTV guide, IPTV tutorial, IPTV review, IPTV setup, IPTV troubleshooting, IPTV channels, IPTV sports, IPTV movies"
200,"blog-mention","IPTV movies - Step-by-Step | StreamStickPro Blog","Step-by-Step to IPTV movies. Learn everything about IPTV services, setup, troubleshooting, and more. Trusted IPTV blog with expert reviews, guides, and tut","IPTV movies, IPTV blog, IPTV guide, IPTV tutorial, IPTV review, IPTV setup, IPTV troubleshooting, IPTV channels, IPTV sports, IPTV movies"
201,"blog-mention","IPTV blog - Complete Guide | StreamStickPro Blog","Complete Guide to IPTV blog. Learn everything about IPTV services, setup, troubleshooting, and more. Trusted IPTV blog with expert reviews, guides, and tut","IPTV blog, IPTV blog, IPTV guide, IPTV tutorial, IPTV review, IPTV setup, IPTV troubleshooting, IPTV channels, IPTV sports, IPTV movies"
202,"blog-mention","IPTV review - Expert Review | StreamStickPro Blog","Expert Review to IPTV review. Learn everything about IPTV services, setup, troubleshooting, and more. Trusted IPTV blog with expert reviews, guides, and tu","IPTV review, IPTV blog, IPTV guide, IPTV tutorial, IPTV review, IPTV setup, IPTV troubleshooting, IPTV channels, IPTV sports, IPTV movies"
203,"blog-mention","IPTV guide - Ultimate Tutorial | StreamStickPro Blog","Ultimate Tutorial to IPTV guide. Learn everything about IPTV services, setup, troubleshooting, and more. Trusted IPTV blog with expert reviews, guides, and","IPTV guide, IPTV blog, IPTV guide, IPTV tutorial, IPTV review, IPTV setup, IPTV troubleshooting, IPTV channels, IPTV sports, IPTV movies"
204,"blog-mention","IPTV tutorial - Comprehensive Guide | StreamStickPro Blog","Comprehensive Guide to IPTV tutorial. Learn everything about IPTV services, setup, troubleshooting, and more. Trusted IPTV blog with expert reviews, guides","IPTV tutorial, IPTV blog, IPTV guide, IPTV tutorial, IPTV review, IPTV setup, IPTV troubleshooting, IPTV channels, IPTV sports, IPTV movies"
205,"blog-mention","IPTV setup - Step-by-Step | StreamStickPro Blog","Step-by-Step to IPTV setup. Learn everything about IPTV services, setup, troubleshooting, and more. Trusted IPTV blog with expert reviews, guides, and tuto","IPTV setup, IPTV blog, IPTV guide, IPTV tutorial, IPTV review, IPTV setup, IPTV troubleshooting, IPTV channels, IPTV sports, IPTV movies"
206,"blog-mention","IPTV for beginners - Complete Guide | StreamStickPro Blog","Complete Guide to IPTV for beginners. Learn everything about IPTV services, setup, troubleshooting, and more. Trusted IPTV blog with expert reviews, guides","IPTV for beginners, IPTV blog, IPTV guide, IPTV tutorial, IPTV review, IPTV setup, IPTV troubleshooting, IPTV channels, IPTV sports, IPTV movies"
207,"blog-mention","IPTV troubleshooting - Expert Review | StreamStickPro Blog","Expert Review to IPTV troubleshooting. Learn everything about IPTV services, setup, troubleshooting, and more. Trusted IPTV blog with expert reviews, guide","IPTV troubleshooting, IPTV blog, IPTV guide, IPTV tutorial, IPTV review, IPTV setup, IPTV troubleshooting, IPTV channels, IPTV sports, IPTV movies"
208,"blog-mention","IPTV channels list - Ultimate Tutorial | StreamStickPro Blog","Ultimate Tutorial to IPTV channels list. Learn everything about IPTV services, setup, troubleshooting, and more. Trusted IPTV blog with expert reviews, gui","IPTV channels list, IPTV blog, IPTV guide, IPTV tutorial, IPTV review, IPTV setup, IPTV troubleshooting, IPTV channels, IPTV sports, IPTV movies"
209,"blog-mention","IPTV sports - Comprehensive Guide | StreamStickPro Blog","Comprehensive Guide to IPTV sports. Learn everything about IPTV services, setup, troubleshooting, and more. Trusted IPTV blog with expert reviews, guides, ","IPTV sports, IPTV blog, IPTV guide, IPTV tutorial, IPTV review, IPTV setup, IPTV troubleshooting, IPTV channels, IPTV sports, IPTV movies"
210,"blog-mention","IPTV movies - Step-by-Step | StreamStickPro Blog","Step-by-Step to IPTV movies. Learn everything about IPTV services, setup, troubleshooting, and more. Trusted IPTV blog with expert reviews, guides, and tut","IPTV movies, IPTV blog, IPTV guide, IPTV tutorial, IPTV review, IPTV setup, IPTV troubleshooting, IPTV channels, IPTV sports, IPTV movies"
211,"blog-mention","IPTV blog - Complete Guide | StreamStickPro Blog","Complete Guide to IPTV blog. Learn everything about IPTV services, setup, troubleshooting, and more. Trusted IPTV blog with expert reviews, guides, and tut","IPTV blog, IPTV blog, IPTV guide, IPTV tutorial, IPTV review, IPTV setup, IPTV troubleshooting, IPTV channels, IPTV sports, IPTV movies"
212,"blog-mention","IPTV review - Expert Review | StreamStickPro Blog","Expert Review to IPTV review. Learn everything about IPTV services, setup, troubleshooting, and more. Trusted IPTV blog with expert reviews, guides, and tu","IPTV review, IPTV blog, IPTV guide, IPTV tutorial, IPTV review, IPTV setup, IPTV troubleshooting, IPTV channels, IPTV sports, IPTV movies"
213,"blog-mention","IPTV guide - Ultimate Tutorial | StreamStickPro Blog","Ultimate Tutorial to IPTV guide. Learn everything about IPTV services, setup, troubleshooting, and more. Trusted IPTV blog with expert reviews, guides, and","IPTV guide, IPTV blog, IPTV guide, IPTV tutorial, IPTV review, IPTV setup, IPTV troubleshooting, IPTV channels, IPTV sports, IPTV movies"
214,"blog-mention","IPTV tutorial - Comprehensive Guide | StreamStickPro Blog","Comprehensive Guide to IPTV tutorial. Learn everything about IPTV services, setup, troubleshooting, and more. Trusted IPTV blog with expert reviews, guides","IPTV tutorial, IPTV blog, IPTV guide, IPTV tutorial, IPTV review, IPTV setup, IPTV troubleshooting, IPTV channels, IPTV sports, IPTV movies"
215,"blog-mention","IPTV setup - Step-by-Step | StreamStickPro Blog","Step-by-Step to IPTV setup. Learn everything about IPTV services, setup, troubleshooting, and more. Trusted IPTV blog with expert reviews, guides, and tuto","IPTV setup, IPTV blog, IPTV guide, IPTV tutorial, IPTV review, IPTV setup, IPTV troubleshooting, IPTV channels, IPTV sports, IPTV movies"
216,"blog-mention","IPTV for beginners - Complete Guide | StreamStickPro Blog","Complete Guide to IPTV for beginners. Learn everything about IPTV services, setup, troubleshooting, and more. Trusted IPTV blog with expert reviews, guides","IPTV for beginners, IPTV blog, IPTV guide, IPTV tutorial, IPTV review, IPTV setup, IPTV troubleshooting, IPTV channels, IPTV sports, IPTV movies"
217,"blog-mention","IPTV troubleshooting - Expert Review | StreamStickPro Blog","Expert Review to IPTV troubleshooting. Learn everything about IPTV services, setup, troubleshooting, and more. Trusted IPTV blog with expert reviews, guide","IPTV troubleshooting, IPTV blog, IPTV guide, IPTV tutorial, IPTV review, IPTV setup, IPTV troubleshooting, IPTV channels, IPTV sports, IPTV movies"
218,"blog-mention","IPTV channels list - Ultimate Tutorial | StreamStickPro Blog","Ultimate Tutorial to IPTV channels list. Learn everything about IPTV services, setup, troubleshooting, and more. Trusted IPTV blog with expert reviews, gui","IPTV channels list, IPTV blog, IPTV guide, IPTV tutorial, IPTV review, IPTV setup, IPTV troubleshooting, IPTV channels, IPTV sports, IPTV movies"
219,"blog-mention","IPTV sports - Comprehensive Guide | StreamStickPro Blog","Comprehensive Guide to IPTV sports. Learn everything about IPTV services, setup, troubleshooting, and more. Trusted IPTV blog with expert reviews, guides, ","IPTV sports, IPTV blog, IPTV guide, IPTV tutorial, IPTV review, IPTV setup, IPTV troubleshooting, IPTV channels, IPTV sports, IPTV movies"
220,"blog-mention","IPTV movies - Step-by-Step | StreamStickPro Blog","Step-by-Step to IPTV movies. Learn everything about IPTV services, setup, troubleshooting, and more. Trusted IPTV blog with expert reviews, guides, and tut","IPTV movies, IPTV blog, IPTV guide, IPTV tutorial, IPTV review, IPTV setup, IPTV troubleshooting, IPTV channels, IPTV sports, IPTV movies"
221,"blog-mention","IPTV blog - Complete Guide | StreamStickPro Blog","Complete Guide to IPTV blog. Learn everything about IPTV services, setup, troubleshooting, and more. Trusted IPTV blog with expert reviews, guides, and tut","IPTV blog, IPTV blog, IPTV guide, IPTV tutorial, IPTV review, IPTV setup, IPTV troubleshooting, IPTV channels, IPTV sports, IPTV movies"
222,"blog-mention","IPTV review - Expert Review | StreamStickPro Blog","Expert Review to IPTV review. Learn everything about IPTV services, setup, troubleshooting, and more. Trusted IPTV blog with expert reviews, guides, and tu","IPTV review, IPTV blog, IPTV guide, IPTV tutorial, IPTV review, IPTV setup, IPTV troubleshooting, IPTV channels, IPTV sports, IPTV movies"
223,"blog-mention","IPTV guide - Ultimate Tutorial | StreamStickPro Blog","Ultimate Tutorial to IPTV guide. Learn everything about IPTV services, setup, troubleshooting, and more. Trusted IPTV blog with expert reviews, guides, and","IPTV guide, IPTV blog, IPTV guide, IPTV tutorial, IPTV review, IPTV setup, IPTV troubleshooting, IPTV channels, IPTV sports, IPTV movies"
224,"blog-mention","IPTV tutorial - Comprehensive Guide | StreamStickPro Blog","Comprehensive Guide to IPTV tutorial. Learn everything about IPTV services, setup, troubleshooting, and more. Trusted IPTV blog with expert reviews, guides","IPTV tutorial, IPTV blog, IPTV guide, IPTV tutorial, IPTV review, IPTV setup, IPTV troubleshooting, IPTV channels, IPTV sports, IPTV movies"
225,"blog-mention","IPTV setup - Step-by-Step | StreamStickPro Blog","Step-by-Step to IPTV setup. Learn everything about IPTV services, setup, troubleshooting, and more. Trusted IPTV blog with expert reviews, guides, and tuto","IPTV setup, IPTV blog, IPTV guide, IPTV tutorial, IPTV review, IPTV setup, IPTV troubleshooting, IPTV channels, IPTV sports, IPTV movies"
226,"blog-mention","IPTV for beginners - Complete Guide | StreamStickPro Blog","Complete Guide to IPTV for beginners. Learn everything about IPTV services, setup, troubleshooting, and more. Trusted IPTV blog with expert reviews, guides","IPTV for beginners, IPTV blog, IPTV guide, IPTV tutorial, IPTV review, IPTV setup, IPTV troubleshooting, IPTV channels, IPTV sports, IPTV movies"
227,"blog-mention","IPTV troubleshooting - Expert Review | StreamStickPro Blog","Expert Review to IPTV troubleshooting. Learn everything about IPTV services, setup, troubleshooting, and more. Trusted IPTV blog with expert reviews, guide","IPTV troubleshooting, IPTV blog, IPTV guide, IPTV tutorial, IPTV review, IPTV setup, IPTV troubleshooting, IPTV channels, IPTV sports, IPTV movies"
228,"blog-mention","IPTV channels list - Ultimate Tutorial | StreamStickPro Blog","Ultimate Tutorial to IPTV channels list. Learn everything about IPTV services, setup, troubleshooting, and more. Trusted IPTV blog with expert reviews, gui","IPTV channels list, IPTV blog, IPTV guide, IPTV tutorial, IPTV review, IPTV setup, IPTV troubleshooting, IPTV channels, IPTV sports, IPTV movies"
229,"blog-mention","IPTV sports - Comprehensive Guide | StreamStickPro Blog","Comprehensive Guide to IPTV sports. Learn everything about IPTV services, setup, troubleshooting, and more. Trusted IPTV blog with expert reviews, guides, ","IPTV sports, IPTV blog, IPTV guide, IPTV tutorial, IPTV review, IPTV setup, IPTV troubleshooting, IPTV channels, IPTV sports, IPTV movies"
230,"blog-mention","IPTV movies - Step-by-Step | StreamStickPro Blog","Step-by-Step to IPTV movies. Learn everything about IPTV services, setup, troubleshooting, and more. Trusted IPTV blog with expert reviews, guides, and tut","IPTV movies, IPTV blog, IPTV guide, IPTV tutorial, IPTV review, IPTV setup, IPTV troubleshooting, IPTV channels, IPTV sports, IPTV movies"
231,"blog-mention","IPTV blog - Complete Guide | StreamStickPro Blog","Complete Guide to IPTV blog. Learn everything about IPTV services, setup, troubleshooting, and more. Trusted IPTV blog with expert reviews, guides, and tut","IPTV blog, IPTV blog, IPTV guide, IPTV tutorial, IPTV review, IPTV setup, IPTV troubleshooting, IPTV channels, IPTV sports, IPTV movies"
232,"blog-mention","IPTV review - Expert Review | StreamStickPro Blog","Expert Review to IPTV review. Learn everything about IPTV services, setup, troubleshooting, and more. Trusted IPTV blog with expert reviews, guides, and tu","IPTV review, IPTV blog, IPTV guide, IPTV tutorial, IPTV review, IPTV setup, IPTV troubleshooting, IPTV channels, IPTV sports, IPTV movies"
233,"blog-mention","IPTV guide - Ultimate Tutorial | StreamStickPro Blog","Ultimate Tutorial to IPTV guide. Learn everything about IPTV services, setup, troubleshooting, and more. Trusted IPTV blog with expert reviews, guides, and","IPTV guide, IPTV blog, IPTV guide, IPTV tutorial, IPTV review, IPTV setup, IPTV troubleshooting, IPTV channels, IPTV sports, IPTV movies"
234,"blog-mention","IPTV tutorial - Comprehensive Guide | StreamStickPro Blog","Comprehensive Guide to IPTV tutorial. Learn everything about IPTV services, setup, troubleshooting, and more. Trusted IPTV blog with expert reviews, guides","IPTV tutorial, IPTV blog, IPTV guide, IPTV tutorial, IPTV review, IPTV setup, IPTV troubleshooting, IPTV channels, IPTV sports, IPTV movies"
235,"blog-mention","IPTV setup - Step-by-Step | StreamStickPro Blog","Step-by-Step to IPTV setup. Learn everything about IPTV services, setup, troubleshooting, and more. Trusted IPTV blog with expert reviews, guides, and tuto","IPTV setup, IPTV blog, IPTV guide, IPTV tutorial, IPTV review, IPTV setup, IPTV troubleshooting, IPTV channels, IPTV sports, IPTV movies"
236,"blog-mention","IPTV for beginners - Complete Guide | StreamStickPro Blog","Complete Guide to IPTV for beginners. Learn everything about IPTV services, setup, troubleshooting, and more. Trusted IPTV blog with expert reviews, guides","IPTV for beginners, IPTV blog, IPTV guide, IPTV tutorial, IPTV review, IPTV setup, IPTV troubleshooting, IPTV channels, IPTV sports, IPTV movies"
237,"blog-mention","IPTV troubleshooting - Expert Review | StreamStickPro Blog","Expert Review to IPTV troubleshooting. Learn everything about IPTV services, setup, troubleshooting, and more. Trusted IPTV blog with expert reviews, guide","IPTV troubleshooting, IPTV blog, IPTV guide, IPTV tutorial, IPTV review, IPTV setup, IPTV troubleshooting, IPTV channels, IPTV sports, IPTV movies"
238,"blog-mention","IPTV channels list - Ultimate Tutorial | StreamStickPro Blog","Ultimate Tutorial to IPTV channels list. Learn everything about IPTV services, setup, troubleshooting, and more. Trusted IPTV blog with expert reviews, gui","IPTV channels list, IPTV blog, IPTV guide, IPTV tutorial, IPTV review, IPTV setup, IPTV troubleshooting, IPTV channels, IPTV sports, IPTV movies"
239,"blog-mention","IPTV sports - Comprehensive Guide | StreamStickPro Blog","Comprehensive Guide to IPTV sports. Learn everything about IPTV services, setup, troubleshooting, and more. Trusted IPTV blog with expert reviews, guides, ","IPTV sports, IPTV blog, IPTV guide, IPTV tutorial, IPTV review, IPTV setup, IPTV troubleshooting, IPTV channels, IPTV sports, IPTV movies"
240,"blog-mention","IPTV movies - Step-by-Step | StreamStickPro Blog","Step-by-Step to IPTV movies. Learn everything about IPTV services, setup, troubleshooting, and more. Trusted IPTV blog with expert reviews, guides, and tut","IPTV movies, IPTV blog, IPTV guide, IPTV tutorial, IPTV review, IPTV setup, IPTV troubleshooting, IPTV channels, IPTV sports, IPTV movies"
241,"blog-mention","IPTV blog - Complete Guide | StreamStickPro Blog","Complete Guide to IPTV blog. Learn everything about IPTV services, setup, troubleshooting, and more. Trusted IPTV blog with expert reviews, guides, and tut","IPTV blog, IPTV blog, IPTV guide, IPTV tutorial, IPTV review, IPTV setup, IPTV troubleshooting, IPTV channels, IPTV sports, IPTV movies"
242,"blog-mention","IPTV review - Expert Review | StreamStickPro Blog","Expert Review to IPTV review. Learn everything about IPTV services, setup, troubleshooting, and more. Trusted IPTV blog with expert reviews, guides, and tu","IPTV review, IPTV blog, IPTV guide, IPTV tutorial, IPTV review, IPTV setup, IPTV troubleshooting, IPTV channels, IPTV sports, IPTV movies"
243,"blog-mention","IPTV guide - Ultimate Tutorial | StreamStickPro Blog","Ultimate Tutorial to IPTV guide. Learn everything about IPTV services, setup, troubleshooting, and more. Trusted IPTV blog with expert reviews, guides, and","IPTV guide, IPTV blog, IPTV guide, IPTV tutorial, IPTV review, IPTV setup, IPTV troubleshooting, IPTV channels, IPTV sports, IPTV movies"
244,"blog-mention","IPTV tutorial - Comprehensive Guide | StreamStickPro Blog","Comprehensive Guide to IPTV tutorial. Learn everything about IPTV services, setup, troubleshooting, and more. Trusted IPTV blog with expert reviews, guides","IPTV tutorial, IPTV blog, IPTV guide, IPTV tutorial, IPTV review, IPTV setup, IPTV troubleshooting, IPTV channels, IPTV sports, IPTV movies"
245,"blog-mention","IPTV setup - Step-by-Step | StreamStickPro Blog","Step-by-Step to IPTV setup. Learn everything about IPTV services, setup, troubleshooting, and more. Trusted IPTV blog with expert reviews, guides, and tuto","IPTV setup, IPTV blog, IPTV guide, IPTV tutorial, IPTV review, IPTV setup, IPTV troubleshooting, IPTV channels, IPTV sports, IPTV movies"
246,"blog-mention","IPTV for beginners - Complete Guide | StreamStickPro Blog","Complete Guide to IPTV for beginners. Learn everything about IPTV services, setup, troubleshooting, and more. Trusted IPTV blog with expert reviews, guides","IPTV for beginners, IPTV blog, IPTV guide, IPTV tutorial, IPTV review, IPTV setup, IPTV troubleshooting, IPTV channels, IPTV sports, IPTV movies"
247,"blog-mention","IPTV troubleshooting - Expert Review | StreamStickPro Blog","Expert Review to IPTV troubleshooting. Learn everything about IPTV services, setup, troubleshooting, and more. Trusted IPTV blog with expert reviews, guide","IPTV troubleshooting, IPTV blog, IPTV guide, IPTV tutorial, IPTV review, IPTV setup, IPTV troubleshooting, IPTV channels, IPTV sports, IPTV movies"
248,"blog-mention","IPTV channels list - Ultimate Tutorial | StreamStickPro Blog","Ultimate Tutorial to IPTV channels list. Learn everything about IPTV services, setup, troubleshooting, and more. Trusted IPTV blog with expert reviews, gui","IPTV channels list, IPTV blog, IPTV guide, IPTV tutorial, IPTV review, IPTV setup, IPTV troubleshooting, IPTV channels, IPTV sports, IPTV movies"
249,"blog-mention","IPTV sports - Comprehensive Guide | StreamStickPro Blog","Comprehensive Guide to IPTV sports. Learn everything about IPTV services, setup, troubleshooting, and more. Trusted IPTV blog with expert reviews, guides, ","IPTV sports, IPTV blog, IPTV guide, IPTV tutorial, IPTV review, IPTV setup, IPTV troubleshooting, IPTV channels, IPTV sports, IPTV movies"
250,"blog-mention","IPTV movies - Step-by-Step | StreamStickPro Blog","Step-by-Step to IPTV movies. Learn everything about IPTV services, setup, troubleshooting, and more. Trusted IPTV blog with expert reviews, guides, and tut","IPTV movies, IPTV blog, IPTV guide, IPTV tutorial, IPTV review, IPTV setup, IPTV troubleshooting, IPTV channels, IPTV sports, IPTV movies"
251,"long-tail","best IPTV service for Fire Stick 4K - 18,000+ channels | Str","best IPTV service for Fire Stick 4K with 18,000+ channels. StreamStickPro offers the best IPTV service compatible with TiviMate, IPTV Smarters, Perfect Pla","best IPTV service for Fire Stick 4K, best IPTV, IPTV service, TiviMate IPTV, IPTV Smarters, Perfect Player, IPTV for Fire Stick, live TV streaming"
252,"long-tail","IPTV service with TiviMate support - 100,000+ movies | Strea","IPTV service with TiviMate support with 100,000+ movies. StreamStickPro offers the best IPTV service compatible with TiviMate, IPTV Smarters, Perfect Playe","IPTV service with TiviMate support, best IPTV, IPTV service, TiviMate IPTV, IPTV Smarters, Perfect Player, IPTV for Fire Stick, live TV streaming"
253,"long-tail","cheap IPTV service with sports channels - All sports include","cheap IPTV service with sports channels with All sports included. StreamStickPro offers the best IPTV service compatible with TiviMate, IPTV Smarters, Perf","cheap IPTV service with sports channels, best IPTV, IPTV service, TiviMate IPTV, IPTV Smarters, Perfect Player, IPTV for Fire Stick, live TV streaming"
254,"long-tail","IPTV service that works with IPTV Smarters - Free trial | St","IPTV service that works with IPTV Smarters with Free trial. StreamStickPro offers the best IPTV service compatible with TiviMate, IPTV Smarters, Perfect Pl","IPTV service that works with IPTV Smarters, best IPTV, IPTV service, TiviMate IPTV, IPTV Smarters, Perfect Player, IPTV for Fire Stick, live TV streaming"
255,"long-tail","best IPTV for watching NFL games - 24/7 support | StreamStic","best IPTV for watching NFL games with 24/7 support. StreamStickPro offers the best IPTV service compatible with TiviMate, IPTV Smarters, Perfect Player. Pr","best IPTV for watching NFL games, best IPTV, IPTV service, TiviMate IPTV, IPTV Smarters, Perfect Player, IPTV for Fire Stick, live TV streaming"
256,"long-tail","IPTV service with 18,000 channels - 18,000+ channels | Strea","IPTV service with 18,000 channels with 18,000+ channels. StreamStickPro offers the best IPTV service compatible with TiviMate, IPTV Smarters, Perfect Playe","IPTV service with 18,000 channels, best IPTV, IPTV service, TiviMate IPTV, IPTV Smarters, Perfect Player, IPTV for Fire Stick, live TV streaming"
257,"long-tail","pre-configured Fire Stick with IPTV - 100,000+ movies | Stre","pre-configured Fire Stick with IPTV with 100,000+ movies. StreamStickPro offers the best IPTV service compatible with TiviMate, IPTV Smarters, Perfect Play","pre-configured Fire Stick with IPTV, best IPTV, IPTV service, TiviMate IPTV, IPTV Smarters, Perfect Player, IPTV for Fire Stick, live TV streaming"
258,"long-tail","best IPTV player for Android TV - All sports included | Stre","best IPTV player for Android TV with All sports included. StreamStickPro offers the best IPTV service compatible with TiviMate, IPTV Smarters, Perfect Play","best IPTV player for Android TV, best IPTV, IPTV service, TiviMate IPTV, IPTV Smarters, Perfect Player, IPTV for Fire Stick, live TV streaming"
259,"long-tail","IPTV service with EPG support - Free trial | StreamStickPro","IPTV service with EPG support with Free trial. StreamStickPro offers the best IPTV service compatible with TiviMate, IPTV Smarters, Perfect Player. Pre-con","IPTV service with EPG support, best IPTV, IPTV service, TiviMate IPTV, IPTV Smarters, Perfect Player, IPTV for Fire Stick, live TV streaming"
260,"long-tail","best IPTV for live sports streaming - 24/7 support | StreamS","best IPTV for live sports streaming with 24/7 support. StreamStickPro offers the best IPTV service compatible with TiviMate, IPTV Smarters, Perfect Player.","best IPTV for live sports streaming, best IPTV, IPTV service, TiviMate IPTV, IPTV Smarters, Perfect Player, IPTV for Fire Stick, live TV streaming"
261,"long-tail","best IPTV service for Fire Stick 4K - 18,000+ channels | Str","best IPTV service for Fire Stick 4K with 18,000+ channels. StreamStickPro offers the best IPTV service compatible with TiviMate, IPTV Smarters, Perfect Pla","best IPTV service for Fire Stick 4K, best IPTV, IPTV service, TiviMate IPTV, IPTV Smarters, Perfect Player, IPTV for Fire Stick, live TV streaming"
262,"long-tail","IPTV service with TiviMate support - 100,000+ movies | Strea","IPTV service with TiviMate support with 100,000+ movies. StreamStickPro offers the best IPTV service compatible with TiviMate, IPTV Smarters, Perfect Playe","IPTV service with TiviMate support, best IPTV, IPTV service, TiviMate IPTV, IPTV Smarters, Perfect Player, IPTV for Fire Stick, live TV streaming"
263,"long-tail","cheap IPTV service with sports channels - All sports include","cheap IPTV service with sports channels with All sports included. StreamStickPro offers the best IPTV service compatible with TiviMate, IPTV Smarters, Perf","cheap IPTV service with sports channels, best IPTV, IPTV service, TiviMate IPTV, IPTV Smarters, Perfect Player, IPTV for Fire Stick, live TV streaming"
264,"long-tail","IPTV service that works with IPTV Smarters - Free trial | St","IPTV service that works with IPTV Smarters with Free trial. StreamStickPro offers the best IPTV service compatible with TiviMate, IPTV Smarters, Perfect Pl","IPTV service that works with IPTV Smarters, best IPTV, IPTV service, TiviMate IPTV, IPTV Smarters, Perfect Player, IPTV for Fire Stick, live TV streaming"
265,"long-tail","best IPTV for watching NFL games - 24/7 support | StreamStic","best IPTV for watching NFL games with 24/7 support. StreamStickPro offers the best IPTV service compatible with TiviMate, IPTV Smarters, Perfect Player. Pr","best IPTV for watching NFL games, best IPTV, IPTV service, TiviMate IPTV, IPTV Smarters, Perfect Player, IPTV for Fire Stick, live TV streaming"
266,"long-tail","IPTV service with 18,000 channels - 18,000+ channels | Strea","IPTV service with 18,000 channels with 18,000+ channels. StreamStickPro offers the best IPTV service compatible with TiviMate, IPTV Smarters, Perfect Playe","IPTV service with 18,000 channels, best IPTV, IPTV service, TiviMate IPTV, IPTV Smarters, Perfect Player, IPTV for Fire Stick, live TV streaming"
267,"long-tail","pre-configured Fire Stick with IPTV - 100,000+ movies | Stre","pre-configured Fire Stick with IPTV with 100,000+ movies. StreamStickPro offers the best IPTV service compatible with TiviMate, IPTV Smarters, Perfect Play","pre-configured Fire Stick with IPTV, best IPTV, IPTV service, TiviMate IPTV, IPTV Smarters, Perfect Player, IPTV for Fire Stick, live TV streaming"
268,"long-tail","best IPTV player for Android TV - All sports included | Stre","best IPTV player for Android TV with All sports included. StreamStickPro offers the best IPTV service compatible with TiviMate, IPTV Smarters, Perfect Play","best IPTV player for Android TV, best IPTV, IPTV service, TiviMate IPTV, IPTV Smarters, Perfect Player, IPTV for Fire Stick, live TV streaming"
269,"long-tail","IPTV service with EPG support - Free trial | StreamStickPro","IPTV service with EPG support with Free trial. StreamStickPro offers the best IPTV service compatible with TiviMate, IPTV Smarters, Perfect Player. Pre-con","IPTV service with EPG support, best IPTV, IPTV service, TiviMate IPTV, IPTV Smarters, Perfect Player, IPTV for Fire Stick, live TV streaming"
270,"long-tail","best IPTV for live sports streaming - 24/7 support | StreamS","best IPTV for live sports streaming with 24/7 support. StreamStickPro offers the best IPTV service compatible with TiviMate, IPTV Smarters, Perfect Player.","best IPTV for live sports streaming, best IPTV, IPTV service, TiviMate IPTV, IPTV Smarters, Perfect Player, IPTV for Fire Stick, live TV streaming"
271,"long-tail","best IPTV service for Fire Stick 4K - 18,000+ channels | Str","best IPTV service for Fire Stick 4K with 18,000+ channels. StreamStickPro offers the best IPTV service compatible with TiviMate, IPTV Smarters, Perfect Pla","best IPTV service for Fire Stick 4K, best IPTV, IPTV service, TiviMate IPTV, IPTV Smarters, Perfect Player, IPTV for Fire Stick, live TV streaming"
272,"long-tail","IPTV service with TiviMate support - 100,000+ movies | Strea","IPTV service with TiviMate support with 100,000+ movies. StreamStickPro offers the best IPTV service compatible with TiviMate, IPTV Smarters, Perfect Playe","IPTV service with TiviMate support, best IPTV, IPTV service, TiviMate IPTV, IPTV Smarters, Perfect Player, IPTV for Fire Stick, live TV streaming"
273,"long-tail","cheap IPTV service with sports channels - All sports include","cheap IPTV service with sports channels with All sports included. StreamStickPro offers the best IPTV service compatible with TiviMate, IPTV Smarters, Perf","cheap IPTV service with sports channels, best IPTV, IPTV service, TiviMate IPTV, IPTV Smarters, Perfect Player, IPTV for Fire Stick, live TV streaming"
274,"long-tail","IPTV service that works with IPTV Smarters - Free trial | St","IPTV service that works with IPTV Smarters with Free trial. StreamStickPro offers the best IPTV service compatible with TiviMate, IPTV Smarters, Perfect Pl","IPTV service that works with IPTV Smarters, best IPTV, IPTV service, TiviMate IPTV, IPTV Smarters, Perfect Player, IPTV for Fire Stick, live TV streaming"
275,"long-tail","best IPTV for watching NFL games - 24/7 support | StreamStic","best IPTV for watching NFL games with 24/7 support. StreamStickPro offers the best IPTV service compatible with TiviMate, IPTV Smarters, Perfect Player. Pr","best IPTV for watching NFL games, best IPTV, IPTV service, TiviMate IPTV, IPTV Smarters, Perfect Player, IPTV for Fire Stick, live TV streaming"
276,"long-tail","IPTV service with 18,000 channels - 18,000+ channels | Strea","IPTV service with 18,000 channels with 18,000+ channels. StreamStickPro offers the best IPTV service compatible with TiviMate, IPTV Smarters, Perfect Playe","IPTV service with 18,000 channels, best IPTV, IPTV service, TiviMate IPTV, IPTV Smarters, Perfect Player, IPTV for Fire Stick, live TV streaming"
277,"long-tail","pre-configured Fire Stick with IPTV - 100,000+ movies | Stre","pre-configured Fire Stick with IPTV with 100,000+ movies. StreamStickPro offers the best IPTV service compatible with TiviMate, IPTV Smarters, Perfect Play","pre-configured Fire Stick with IPTV, best IPTV, IPTV service, TiviMate IPTV, IPTV Smarters, Perfect Player, IPTV for Fire Stick, live TV streaming"
278,"long-tail","best IPTV player for Android TV - All sports included | Stre","best IPTV player for Android TV with All sports included. StreamStickPro offers the best IPTV service compatible with TiviMate, IPTV Smarters, Perfect Play","best IPTV player for Android TV, best IPTV, IPTV service, TiviMate IPTV, IPTV Smarters, Perfect Player, IPTV for Fire Stick, live TV streaming"
279,"long-tail","IPTV service with EPG support - Free trial | StreamStickPro","IPTV service with EPG support with Free trial. StreamStickPro offers the best IPTV service compatible with TiviMate, IPTV Smarters, Perfect Player. Pre-con","IPTV service with EPG support, best IPTV, IPTV service, TiviMate IPTV, IPTV Smarters, Perfect Player, IPTV for Fire Stick, live TV streaming"
280,"long-tail","best IPTV for live sports streaming - 24/7 support | StreamS","best IPTV for live sports streaming with 24/7 support. StreamStickPro offers the best IPTV service compatible with TiviMate, IPTV Smarters, Perfect Player.","best IPTV for live sports streaming, best IPTV, IPTV service, TiviMate IPTV, IPTV Smarters, Perfect Player, IPTV for Fire Stick, live TV streaming"
281,"long-tail","best IPTV service for Fire Stick 4K - 18,000+ channels | Str","best IPTV service for Fire Stick 4K with 18,000+ channels. StreamStickPro offers the best IPTV service compatible with TiviMate, IPTV Smarters, Perfect Pla","best IPTV service for Fire Stick 4K, best IPTV, IPTV service, TiviMate IPTV, IPTV Smarters, Perfect Player, IPTV for Fire Stick, live TV streaming"
282,"long-tail","IPTV service with TiviMate support - 100,000+ movies | Strea","IPTV service with TiviMate support with 100,000+ movies. StreamStickPro offers the best IPTV service compatible with TiviMate, IPTV Smarters, Perfect Playe","IPTV service with TiviMate support, best IPTV, IPTV service, TiviMate IPTV, IPTV Smarters, Perfect Player, IPTV for Fire Stick, live TV streaming"
283,"long-tail","cheap IPTV service with sports channels - All sports include","cheap IPTV service with sports channels with All sports included. StreamStickPro offers the best IPTV service compatible with TiviMate, IPTV Smarters, Perf","cheap IPTV service with sports channels, best IPTV, IPTV service, TiviMate IPTV, IPTV Smarters, Perfect Player, IPTV for Fire Stick, live TV streaming"
284,"long-tail","IPTV service that works with IPTV Smarters - Free trial | St","IPTV service that works with IPTV Smarters with Free trial. StreamStickPro offers the best IPTV service compatible with TiviMate, IPTV Smarters, Perfect Pl","IPTV service that works with IPTV Smarters, best IPTV, IPTV service, TiviMate IPTV, IPTV Smarters, Perfect Player, IPTV for Fire Stick, live TV streaming"
285,"long-tail","best IPTV for watching NFL games - 24/7 support | StreamStic","best IPTV for watching NFL games with 24/7 support. StreamStickPro offers the best IPTV service compatible with TiviMate, IPTV Smarters, Perfect Player. Pr","best IPTV for watching NFL games, best IPTV, IPTV service, TiviMate IPTV, IPTV Smarters, Perfect Player, IPTV for Fire Stick, live TV streaming"
286,"long-tail","IPTV service with 18,000 channels - 18,000+ channels | Strea","IPTV service with 18,000 channels with 18,000+ channels. StreamStickPro offers the best IPTV service compatible with TiviMate, IPTV Smarters, Perfect Playe","IPTV service with 18,000 channels, best IPTV, IPTV service, TiviMate IPTV, IPTV Smarters, Perfect Player, IPTV for Fire Stick, live TV streaming"
287,"long-tail","pre-configured Fire Stick with IPTV - 100,000+ movies | Stre","pre-configured Fire Stick with IPTV with 100,000+ movies. StreamStickPro offers the best IPTV service compatible with TiviMate, IPTV Smarters, Perfect Play","pre-configured Fire Stick with IPTV, best IPTV, IPTV service, TiviMate IPTV, IPTV Smarters, Perfect Player, IPTV for Fire Stick, live TV streaming"
288,"long-tail","best IPTV player for Android TV - All sports included | Stre","best IPTV player for Android TV with All sports included. StreamStickPro offers the best IPTV service compatible with TiviMate, IPTV Smarters, Perfect Play","best IPTV player for Android TV, best IPTV, IPTV service, TiviMate IPTV, IPTV Smarters, Perfect Player, IPTV for Fire Stick, live TV streaming"
289,"long-tail","IPTV service with EPG support - Free trial | StreamStickPro","IPTV service with EPG support with Free trial. StreamStickPro offers the best IPTV service compatible with TiviMate, IPTV Smarters, Perfect Player. Pre-con","IPTV service with EPG support, best IPTV, IPTV service, TiviMate IPTV, IPTV Smarters, Perfect Player, IPTV for Fire Stick, live TV streaming"
290,"long-tail","best IPTV for live sports streaming - 24/7 support | StreamS","best IPTV for live sports streaming with 24/7 support. StreamStickPro offers the best IPTV service compatible with TiviMate, IPTV Smarters, Perfect Player.","best IPTV for live sports streaming, best IPTV, IPTV service, TiviMate IPTV, IPTV Smarters, Perfect Player, IPTV for Fire Stick, live TV streaming"
291,"long-tail","best IPTV service for Fire Stick 4K - 18,000+ channels | Str","best IPTV service for Fire Stick 4K with 18,000+ channels. StreamStickPro offers the best IPTV service compatible with TiviMate, IPTV Smarters, Perfect Pla","best IPTV service for Fire Stick 4K, best IPTV, IPTV service, TiviMate IPTV, IPTV Smarters, Perfect Player, IPTV for Fire Stick, live TV streaming"
292,"long-tail","IPTV service with TiviMate support - 100,000+ movies | Strea","IPTV service with TiviMate support with 100,000+ movies. StreamStickPro offers the best IPTV service compatible with TiviMate, IPTV Smarters, Perfect Playe","IPTV service with TiviMate support, best IPTV, IPTV service, TiviMate IPTV, IPTV Smarters, Perfect Player, IPTV for Fire Stick, live TV streaming"
293,"long-tail","cheap IPTV service with sports channels - All sports include","cheap IPTV service with sports channels with All sports included. StreamStickPro offers the best IPTV service compatible with TiviMate, IPTV Smarters, Perf","cheap IPTV service with sports channels, best IPTV, IPTV service, TiviMate IPTV, IPTV Smarters, Perfect Player, IPTV for Fire Stick, live TV streaming"
294,"long-tail","IPTV service that works with IPTV Smarters - Free trial | St","IPTV service that works with IPTV Smarters with Free trial. StreamStickPro offers the best IPTV service compatible with TiviMate, IPTV Smarters, Perfect Pl","IPTV service that works with IPTV Smarters, best IPTV, IPTV service, TiviMate IPTV, IPTV Smarters, Perfect Player, IPTV for Fire Stick, live TV streaming"
295,"long-tail","best IPTV for watching NFL games - 24/7 support | StreamStic","best IPTV for watching NFL games with 24/7 support. StreamStickPro offers the best IPTV service compatible with TiviMate, IPTV Smarters, Perfect Player. Pr","best IPTV for watching NFL games, best IPTV, IPTV service, TiviMate IPTV, IPTV Smarters, Perfect Player, IPTV for Fire Stick, live TV streaming"
296,"long-tail","IPTV service with 18,000 channels - 18,000+ channels | Strea","IPTV service with 18,000 channels with 18,000+ channels. StreamStickPro offers the best IPTV service compatible with TiviMate, IPTV Smarters, Perfect Playe","IPTV service with 18,000 channels, best IPTV, IPTV service, TiviMate IPTV, IPTV Smarters, Perfect Player, IPTV for Fire Stick, live TV streaming"
297,"long-tail","pre-configured Fire Stick with IPTV - 100,000+ movies | Stre","pre-configured Fire Stick with IPTV with 100,000+ movies. StreamStickPro offers the best IPTV service compatible with TiviMate, IPTV Smarters, Perfect Play","pre-configured Fire Stick with IPTV, best IPTV, IPTV service, TiviMate IPTV, IPTV Smarters, Perfect Player, IPTV for Fire Stick, live TV streaming"
298,"long-tail","best IPTV player for Android TV - All sports included | Stre","best IPTV player for Android TV with All sports included. StreamStickPro offers the best IPTV service compatible with TiviMate, IPTV Smarters, Perfect Play","best IPTV player for Android TV, best IPTV, IPTV service, TiviMate IPTV, IPTV Smarters, Perfect Player, IPTV for Fire Stick, live TV streaming"
299,"long-tail","IPTV service with EPG support - Free trial | StreamStickPro","IPTV service with EPG support with Free trial. StreamStickPro offers the best IPTV service compatible with TiviMate, IPTV Smarters, Perfect Player. Pre-con","IPTV service with EPG support, best IPTV, IPTV service, TiviMate IPTV, IPTV Smarters, Perfect Player, IPTV for Fire Stick, live TV streaming"
300,"long-tail","best IPTV for live sports streaming - 24/7 support | StreamS","best IPTV for live sports streaming with 24/7 support. StreamStickPro offers the best IPTV service compatible with TiviMate, IPTV Smarters, Perfect Player.","best IPTV for live sports streaming, best IPTV, IPTV service, TiviMate IPTV, IPTV Smarters, Perfect Player, IPTV for Fire Stick, live TV streaming"