id,slug,title,primary_keyword,secondary_keywords,intent,pillar_owner,required_links,home_anchor_text,trial_anchor_text,shop_anchor_text
1,iptv-fire-stick-4k-max-complete-guide,IPTV on Fire Stick 4K Max: Complete Setup Guide (2026),iptv fire stick 4k max,iptv fire stick 4k max guide | iptv fire stick 4k max setup | iptv fire stick 4k max tips | iptv fire stick 4k max best apps | iptv fire stick 4k max checklist,informational,/iptv-firestick,/ | /trial | /shop | /iptv-firestick | /firestick-devices | /iptv-services,Visit StreamStickPro homepage,Start 36-hour trial,View plans and devices
2,iptv-fire-stick-4k-max-beginner-checklist,IPTV on Fire Stick 4K Max: Beginner Checklist for Fast Setup,iptv fire stick 4k max,iptv fire stick 4k max guide | iptv fire stick 4k max setup | iptv fire stick 4k max tips | iptv fire stick 4k max best apps | iptv fire stick 4k max checklist,informational,/iptv-firestick,/ | /trial | /shop | /iptv-firestick | /firestick-devices | /iptv-services,Visit StreamStickPro homepage,Start 36-hour trial,View plans and devices
3,iptv-fire-stick-4k-max-best-app-stack,IPTV on Fire Stick 4K Max: Best App Stack and Workflow,iptv fire stick 4k max,iptv fire stick 4k max guide | iptv fire stick 4k max setup | iptv fire stick 4k max tips | iptv fire stick 4k max best apps | iptv fire stick 4k max checklist,commercial,/iptv-firestick,/ | /trial | /shop | /iptv-firestick | /firestick-devices | /iptv-services,Visit StreamStickPro homepage,Start 36-hour trial,View plans and devices
4,iptv-fire-stick-4k-max-mistakes-to-avoid,IPTV on Fire Stick 4K Max: Common Mistakes to Avoid,iptv fire stick 4k max,iptv fire stick 4k max guide | iptv fire stick 4k max setup | iptv fire stick 4k max tips | iptv fire stick 4k max best apps | iptv fire stick 4k max checklist,informational,/iptv-firestick,/ | /trial | /shop | /iptv-firestick | /firestick-devices | /iptv-services,Visit StreamStickPro homepage,Start 36-hour trial,View plans and devices
5,iptv-fire-stick-4k-max-issue-fixes,IPTV on Fire Stick 4K Max: Most Common Issues and Fixes,iptv fire stick 4k max,iptv fire stick 4k max guide | iptv fire stick 4k max setup | iptv fire stick 4k max tips | iptv fire stick 4k max best apps | iptv fire stick 4k max checklist,informational,/iptv-firestick,/ | /trial | /shop | /iptv-firestick | /firestick-devices | /iptv-services,Visit StreamStickPro homepage,Start 36-hour trial,View plans and devices
6,iptv-fire-stick-4k-max-cost-breakdown,IPTV on Fire Stick 4K Max: Real Cost Breakdown and Value,iptv fire stick 4k max,iptv fire stick 4k max guide | iptv fire stick 4k max setup | iptv fire stick 4k max tips | iptv fire stick 4k max best apps | iptv fire stick 4k max checklist,commercial,/iptv-firestick,/ | /trial | /shop | /iptv-firestick | /firestick-devices | /iptv-services,Visit StreamStickPro homepage,Start 36-hour trial,View plans and devices
7,iptv-fire-stick-4k-max-comparison,IPTV on Fire Stick 4K Max: What Works Best in 2026,iptv fire stick 4k max,iptv fire stick 4k max guide | iptv fire stick 4k max setup | iptv fire stick 4k max tips | iptv fire stick 4k max best apps | iptv fire stick 4k max checklist,commercial,/iptv-firestick,/ | /trial | /shop | /iptv-firestick | /firestick-devices | /iptv-services,Visit StreamStickPro homepage,Start 36-hour trial,View plans and devices
8,iptv-fire-stick-4k-max-buyers-playbook,IPTV on Fire Stick 4K Max: Buyer Playbook and Next Steps,iptv fire stick 4k max,iptv fire stick 4k max guide | iptv fire stick 4k max setup | iptv fire stick 4k max tips | iptv fire stick 4k max best apps | iptv fire stick 4k max checklist,transactional,/iptv-firestick,/ | /trial | /shop | /iptv-firestick | /firestick-devices | /iptv-services,Visit StreamStickPro homepage,Start 36-hour trial,View plans and devices
9,iptv-fire-stick-hd-complete-guide,IPTV on Fire Stick HD: Complete Setup Guide (2026),iptv fire stick hd,iptv fire stick hd guide | iptv fire stick hd setup | iptv fire stick hd tips | iptv fire stick hd best apps | iptv fire stick hd checklist,informational,/iptv-firestick,/ | /trial | /shop | /iptv-firestick | /firestick-devices | /best-iptv-firestick,Visit StreamStickPro homepage,Start 36-hour trial,View plans and devices
10,iptv-fire-stick-hd-beginner-checklist,IPTV on Fire Stick HD: Beginner Checklist for Fast Setup,iptv fire stick hd,iptv fire stick hd guide | iptv fire stick hd setup | iptv fire stick hd tips | iptv fire stick hd best apps | iptv fire stick hd checklist,informational,/iptv-firestick,/ | /trial | /shop | /iptv-firestick | /firestick-devices | /best-iptv-firestick,Visit StreamStickPro homepage,Start 36-hour trial,View plans and devices
11,iptv-fire-stick-hd-best-app-stack,IPTV on Fire Stick HD: Best App Stack and Workflow,iptv fire stick hd,iptv fire stick hd guide | iptv fire stick hd setup | iptv fire stick hd tips | iptv fire stick hd best apps | iptv fire stick hd checklist,commercial,/iptv-firestick,/ | /trial | /shop | /iptv-firestick | /firestick-devices | /best-iptv-firestick,Visit StreamStickPro homepage,Start 36-hour trial,View plans and devices
12,iptv-fire-stick-hd-mistakes-to-avoid,IPTV on Fire Stick HD: Common Mistakes to Avoid,iptv fire stick hd,iptv fire stick hd guide | iptv fire stick hd setup | iptv fire stick hd tips | iptv fire stick hd best apps | iptv fire stick hd checklist,informational,/iptv-firestick,/ | /trial | /shop | /iptv-firestick | /firestick-devices | /best-iptv-firestick,Visit StreamStickPro homepage,Start 36-hour trial,View plans and devices
13,iptv-fire-stick-hd-issue-fixes,IPTV on Fire Stick HD: Most Common Issues and Fixes,iptv fire stick hd,iptv fire stick hd guide | iptv fire stick hd setup | iptv fire stick hd tips | iptv fire stick hd best apps | iptv fire stick hd checklist,informational,/iptv-firestick,/ | /trial | /shop | /iptv-firestick | /firestick-devices | /best-iptv-firestick,Visit StreamStickPro homepage,Start 36-hour trial,View plans and devices
14,iptv-fire-stick-hd-cost-breakdown,IPTV on Fire Stick HD: Real Cost Breakdown and Value,iptv fire stick hd,iptv fire stick hd guide | iptv fire stick hd setup | iptv fire stick hd tips | iptv fire stick hd best apps | iptv fire stick hd checklist,commercial,/iptv-firestick,/ | /trial | /shop | /iptv-firestick | /firestick-devices | /best-iptv-firestick,Visit StreamStickPro homepage,Start 36-hour trial,View plans and devices
15,iptv-fire-stick-hd-comparison,IPTV on Fire Stick HD: What Works Best in 2026,iptv fire stick hd,iptv fire stick hd guide | iptv fire stick hd setup | iptv fire stick hd tips | iptv fire stick hd best apps | iptv fire stick hd checklist,commercial,/iptv-firestick,/ | /trial | /shop | /iptv-firestick | /firestick-devices | /best-iptv-firestick,Visit StreamStickPro homepage,Start 36-hour trial,View plans and devices
16,iptv-fire-stick-hd-buyers-playbook,IPTV on Fire Stick HD: Buyer Playbook and Next Steps,iptv fire stick hd,iptv fire stick hd guide | iptv fire stick hd setup | iptv fire stick hd tips | iptv fire stick hd best apps | iptv fire stick hd checklist,transactional,/iptv-firestick,/ | /trial | /shop | /iptv-firestick | /firestick-devices | /best-iptv-firestick,Visit StreamStickPro homepage,Start 36-hour trial,View plans and devices
17,iptv-fire-tv-cube-complete-guide,IPTV on Fire TV Cube: Complete Setup Guide (2026),iptv fire tv cube,iptv fire tv cube guide | iptv fire tv cube setup | iptv fire tv cube tips | iptv fire tv cube best apps | iptv fire tv cube checklist,informational,/iptv-firestick,/ | /trial | /shop | /iptv-firestick | /iptv-media-players | /iptv-services,Visit StreamStickPro homepage,Start 36-hour trial,View plans and devices
18,iptv-fire-tv-cube-beginner-checklist,IPTV on Fire TV Cube: Beginner Checklist for Fast Setup,iptv fire tv cube,iptv fire tv cube guide | iptv fire tv cube setup | iptv fire tv cube tips | iptv fire tv cube best apps | iptv fire tv cube checklist,informational,/iptv-firestick,/ | /trial | /shop | /iptv-firestick | /iptv-media-players | /iptv-services,Visit StreamStickPro homepage,Start 36-hour trial,View plans and devices
19,iptv-fire-tv-cube-best-app-stack,IPTV on Fire TV Cube: Best App Stack and Workflow,iptv fire tv cube,iptv fire tv cube guide | iptv fire tv cube setup | iptv fire tv cube tips | iptv fire tv cube best apps | iptv fire tv cube checklist,commercial,/iptv-firestick,/ | /trial | /shop | /iptv-firestick | /iptv-media-players | /iptv-services,Visit StreamStickPro homepage,Start 36-hour trial,View plans and devices
20,iptv-fire-tv-cube-mistakes-to-avoid,IPTV on Fire TV Cube: Common Mistakes to Avoid,iptv fire tv cube,iptv fire tv cube guide | iptv fire tv cube setup | iptv fire tv cube tips | iptv fire tv cube best apps | iptv fire tv cube checklist,informational,/iptv-firestick,/ | /trial | /shop | /iptv-firestick | /iptv-media-players | /iptv-services,Visit StreamStickPro homepage,Start 36-hour trial,View plans and devices
21,iptv-fire-tv-cube-issue-fixes,IPTV on Fire TV Cube: Most Common Issues and Fixes,iptv fire tv cube,iptv fire tv cube guide | iptv fire tv cube setup | iptv fire tv cube tips | iptv fire tv cube best apps | iptv fire tv cube checklist,informational,/iptv-firestick,/ | /trial | /shop | /iptv-firestick | /iptv-media-players | /iptv-services,Visit StreamStickPro homepage,Start 36-hour trial,View plans and devices
22,iptv-fire-tv-cube-cost-breakdown,IPTV on Fire TV Cube: Real Cost Breakdown and Value,iptv fire tv cube,iptv fire tv cube guide | iptv fire tv cube setup | iptv fire tv cube tips | iptv fire tv cube best apps | iptv fire tv cube checklist,commercial,/iptv-firestick,/ | /trial | /shop | /iptv-firestick | /iptv-media-players | /iptv-services,Visit StreamStickPro homepage,Start 36-hour trial,View plans and devices
23,iptv-fire-tv-cube-comparison,IPTV on Fire TV Cube: What Works Best in 2026,iptv fire tv cube,iptv fire tv cube guide | iptv fire tv cube setup | iptv fire tv cube tips | iptv fire tv cube best apps | iptv fire tv cube checklist,commercial,/iptv-firestick,/ | /trial | /shop | /iptv-firestick | /iptv-media-players | /iptv-services,Visit StreamStickPro homepage,Start 36-hour trial,View plans and devices
24,iptv-fire-tv-cube-buyers-playbook,IPTV on Fire TV Cube: Buyer Playbook and Next Steps,iptv fire tv cube,iptv fire tv cube guide | iptv fire tv cube setup | iptv fire tv cube tips | iptv fire tv cube best apps | iptv fire tv cube checklist,transactional,/iptv-firestick,/ | /trial | /shop | /iptv-firestick | /iptv-media-players | /iptv-services,Visit StreamStickPro homepage,Start 36-hour trial,View plans and devices
25,onn-4k-iptv-setup-complete-guide,ONN 4K IPTV setup: Complete Setup Guide (2026),onn 4k iptv setup,onn 4k iptv setup guide | onn 4k iptv setup setup | onn 4k iptv setup tips | onn 4k iptv setup best apps | onn 4k iptv setup checklist,informational,/onn-google-tv,/ | /trial | /shop | /onn-google-tv | /iptv-media-players | /iptv-services,Visit StreamStickPro homepage,Start 36-hour trial,View plans and devices
26,onn-4k-iptv-setup-beginner-checklist,ONN 4K IPTV setup: Beginner Checklist for Fast Setup,onn 4k iptv setup,onn 4k iptv setup guide | onn 4k iptv setup setup | onn 4k iptv setup tips | onn 4k iptv setup best apps | onn 4k iptv setup checklist,informational,/onn-google-tv,/ | /trial | /shop | /onn-google-tv | /iptv-media-players | /iptv-services,Visit StreamStickPro homepage,Start 36-hour trial,View plans and devices
27,onn-4k-iptv-setup-best-app-stack,ONN 4K IPTV setup: Best App Stack and Workflow,onn 4k iptv setup,onn 4k iptv setup guide | onn 4k iptv setup setup | onn 4k iptv setup tips | onn 4k iptv setup best apps | onn 4k iptv setup checklist,commercial,/onn-google-tv,/ | /trial | /shop | /onn-google-tv | /iptv-media-players | /iptv-services,Visit StreamStickPro homepage,Start 36-hour trial,View plans and devices
28,onn-4k-iptv-setup-mistakes-to-avoid,ONN 4K IPTV setup: Common Mistakes to Avoid,onn 4k iptv setup,onn 4k iptv setup guide | onn 4k iptv setup setup | onn 4k iptv setup tips | onn 4k iptv setup best apps | onn 4k iptv setup checklist,informational,/onn-google-tv,/ | /trial | /shop | /onn-google-tv | /iptv-media-players | /iptv-services,Visit StreamStickPro homepage,Start 36-hour trial,View plans and devices
29,onn-4k-iptv-setup-issue-fixes,ONN 4K IPTV setup: Most Common Issues and Fixes,onn 4k iptv setup,onn 4k iptv setup guide | onn 4k iptv setup setup | onn 4k iptv setup tips | onn 4k iptv setup best apps | onn 4k iptv setup checklist,informational,/onn-google-tv,/ | /trial | /shop | /onn-google-tv | /iptv-media-players | /iptv-services,Visit StreamStickPro homepage,Start 36-hour trial,View plans and devices
30,onn-4k-iptv-setup-cost-breakdown,ONN 4K IPTV setup: Real Cost Breakdown and Value,onn 4k iptv setup,onn 4k iptv setup guide | onn 4k iptv setup setup | onn 4k iptv setup tips | onn 4k iptv setup best apps | onn 4k iptv setup checklist,commercial,/onn-google-tv,/ | /trial | /shop | /onn-google-tv | /iptv-media-players | /iptv-services,Visit StreamStickPro homepage,Start 36-hour trial,View plans and devices
31,onn-4k-iptv-setup-comparison,ONN 4K IPTV setup: What Works Best in 2026,onn 4k iptv setup,onn 4k iptv setup guide | onn 4k iptv setup setup | onn 4k iptv setup tips | onn 4k iptv setup best apps | onn 4k iptv setup checklist,commercial,/onn-google-tv,/ | /trial | /shop | /onn-google-tv | /iptv-media-players | /iptv-services,Visit StreamStickPro homepage,Start 36-hour trial,View plans and devices
32,onn-4k-iptv-setup-buyers-playbook,ONN 4K IPTV setup: Buyer Playbook and Next Steps,onn 4k iptv setup,onn 4k iptv setup guide | onn 4k iptv setup setup | onn 4k iptv setup tips | onn 4k iptv setup best apps | onn 4k iptv setup checklist,transactional,/onn-google-tv,/ | /trial | /shop | /onn-google-tv | /iptv-media-players | /iptv-services,Visit StreamStickPro homepage,Start 36-hour trial,View plans and devices
33,onn-4k-pro-iptv-setup-complete-guide,ONN 4K Pro IPTV setup: Complete Setup Guide (2026),onn 4k pro iptv setup,onn 4k pro iptv setup guide | onn 4k pro iptv setup setup | onn 4k pro iptv setup tips | onn 4k pro iptv setup best apps | onn 4k pro iptv setup checklist,informational,/onn-google-tv,/ | /trial | /shop | /onn-google-tv | /iptv-media-players | /tutorials,Visit StreamStickPro homepage,Start 36-hour trial,View plans and devices
34,onn-4k-pro-iptv-setup-beginner-checklist,ONN 4K Pro IPTV setup: Beginner Checklist for Fast Setup,onn 4k pro iptv setup,onn 4k pro iptv setup guide | onn 4k pro iptv setup setup | onn 4k pro iptv setup tips | onn 4k pro iptv setup best apps | onn 4k pro iptv setup checklist,informational,/onn-google-tv,/ | /trial | /shop | /onn-google-tv | /iptv-media-players | /tutorials,Visit StreamStickPro homepage,Start 36-hour trial,View plans and devices
35,onn-4k-pro-iptv-setup-best-app-stack,ONN 4K Pro IPTV setup: Best App Stack and Workflow,onn 4k pro iptv setup,onn 4k pro iptv setup guide | onn 4k pro iptv setup setup | onn 4k pro iptv setup tips | onn 4k pro iptv setup best apps | onn 4k pro iptv setup checklist,commercial,/onn-google-tv,/ | /trial | /shop | /onn-google-tv | /iptv-media-players | /tutorials,Visit StreamStickPro homepage,Start 36-hour trial,View plans and devices
36,onn-4k-pro-iptv-setup-mistakes-to-avoid,ONN 4K Pro IPTV setup: Common Mistakes to Avoid,onn 4k pro iptv setup,onn 4k pro iptv setup guide | onn 4k pro iptv setup setup | onn 4k pro iptv setup tips | onn 4k pro iptv setup best apps | onn 4k pro iptv setup checklist,informational,/onn-google-tv,/ | /trial | /shop | /onn-google-tv | /iptv-media-players | /tutorials,Visit StreamStickPro homepage,Start 36-hour trial,View plans and devices
37,onn-4k-pro-iptv-setup-issue-fixes,ONN 4K Pro IPTV setup: Most Common Issues and Fixes,onn 4k pro iptv setup,onn 4k pro iptv setup guide | onn 4k pro iptv setup setup | onn 4k pro iptv setup tips | onn 4k pro iptv setup best apps | onn 4k pro iptv setup checklist,informational,/onn-google-tv,/ | /trial | /shop | /onn-google-tv | /iptv-media-players | /tutorials,Visit StreamStickPro homepage,Start 36-hour trial,View plans and devices
38,onn-4k-pro-iptv-setup-cost-breakdown,ONN 4K Pro IPTV setup: Real Cost Breakdown and Value,onn 4k pro iptv setup,onn 4k pro iptv setup guide | onn 4k pro iptv setup setup | onn 4k pro iptv setup tips | onn 4k pro iptv setup best apps | onn 4k pro iptv setup checklist,commercial,/onn-google-tv,/ | /trial | /shop | /onn-google-tv | /iptv-media-players | /tutorials,Visit StreamStickPro homepage,Start 36-hour trial,View plans and devices
39,onn-4k-pro-iptv-setup-comparison,ONN 4K Pro IPTV setup: What Works Best in 2026,onn 4k pro iptv setup,onn 4k pro iptv setup guide | onn 4k pro iptv setup setup | onn 4k pro iptv setup tips | onn 4k pro iptv setup best apps | onn 4k pro iptv setup checklist,commercial,/onn-google-tv,/ | /trial | /shop | /onn-google-tv | /iptv-media-players | /tutorials,Visit StreamStickPro homepage,Start 36-hour trial,View plans and devices
40,onn-4k-pro-iptv-setup-buyers-playbook,ONN 4K Pro IPTV setup: Buyer Playbook and Next Steps,onn 4k pro iptv setup,onn 4k pro iptv setup guide | onn 4k pro iptv setup setup | onn 4k pro iptv setup tips | onn 4k pro iptv setup best apps | onn 4k pro iptv setup checklist,transactional,/onn-google-tv,/ | /trial | /shop | /onn-google-tv | /iptv-media-players | /tutorials,Visit StreamStickPro homepage,Start 36-hour trial,View plans and devices
41,google-tv-streamer-iptv-setup-complete-guide,Google TV Streamer IPTV setup: Complete Setup Guide (2026),google tv streamer iptv setup,google tv streamer iptv setup guide | google tv streamer iptv setup setup | google tv streamer iptv setup tips | google tv streamer iptv setup best apps | google tv streamer iptv setup checklist,informational,/onn-google-tv,/ | /trial | /shop | /onn-google-tv | /iptv-media-players | /iptv-services,Visit StreamStickPro homepage,Start 36-hour trial,View plans and devices
42,google-tv-streamer-iptv-setup-beginner-checklist,Google TV Streamer IPTV setup: Beginner Checklist for Fast Setup,google tv streamer iptv setup,google tv streamer iptv setup guide | google tv streamer iptv setup setup | google tv streamer iptv setup tips | google tv streamer iptv setup best apps | google tv streamer iptv setup checklist,informational,/onn-google-tv,/ | /trial | /shop | /onn-google-tv | /iptv-media-players | /iptv-services,Visit StreamStickPro homepage,Start 36-hour trial,View plans and devices
43,google-tv-streamer-iptv-setup-best-app-stack,Google TV Streamer IPTV setup: Best App Stack and Workflow,google tv streamer iptv setup,google tv streamer iptv setup guide | google tv streamer iptv setup setup | google tv streamer iptv setup tips | google tv streamer iptv setup best apps | google tv streamer iptv setup checklist,commercial,/onn-google-tv,/ | /trial | /shop | /onn-google-tv | /iptv-media-players | /iptv-services,Visit StreamStickPro homepage,Start 36-hour trial,View plans and devices
44,google-tv-streamer-iptv-setup-mistakes-to-avoid,Google TV Streamer IPTV setup: Common Mistakes to Avoid,google tv streamer iptv setup,google tv streamer iptv setup guide | google tv streamer iptv setup setup | google tv streamer iptv setup tips | google tv streamer iptv setup best apps | google tv streamer iptv setup checklist,informational,/onn-google-tv,/ | /trial | /shop | /onn-google-tv | /iptv-media-players | /iptv-services,Visit StreamStickPro homepage,Start 36-hour trial,View plans and devices
45,google-tv-streamer-iptv-setup-issue-fixes,Google TV Streamer IPTV setup: Most Common Issues and Fixes,google tv streamer iptv setup,google tv streamer iptv setup guide | google tv streamer iptv setup setup | google tv streamer iptv setup tips | google tv streamer iptv setup best apps | google tv streamer iptv setup checklist,informational,/onn-google-tv,/ | /trial | /shop | /onn-google-tv | /iptv-media-players | /iptv-services,Visit StreamStickPro homepage,Start 36-hour trial,View plans and devices
46,google-tv-streamer-iptv-setup-cost-breakdown,Google TV Streamer IPTV setup: Real Cost Breakdown and Value,google tv streamer iptv setup,google tv streamer iptv setup guide | google tv streamer iptv setup setup | google tv streamer iptv setup tips | google tv streamer iptv setup best apps | google tv streamer iptv setup checklist,commercial,/onn-google-tv,/ | /trial | /shop | /onn-google-tv | /iptv-media-players | /iptv-services,Visit StreamStickPro homepage,Start 36-hour trial,View plans and devices
47,google-tv-streamer-iptv-setup-comparison,Google TV Streamer IPTV setup: What Works Best in 2026,google tv streamer iptv setup,google tv streamer iptv setup guide | google tv streamer iptv setup setup | google tv streamer iptv setup tips | google tv streamer iptv setup best apps | google tv streamer iptv setup checklist,commercial,/onn-google-tv,/ | /trial | /shop | /onn-google-tv | /iptv-media-players | /iptv-services,Visit StreamStickPro homepage,Start 36-hour trial,View plans and devices
48,google-tv-streamer-iptv-setup-buyers-playbook,Google TV Streamer IPTV setup: Buyer Playbook and Next Steps,google tv streamer iptv setup,google tv streamer iptv setup guide | google tv streamer iptv setup setup | google tv streamer iptv setup tips | google tv streamer iptv setup best apps | google tv streamer iptv setup checklist,transactional,/onn-google-tv,/ | /trial | /shop | /onn-google-tv | /iptv-media-players | /iptv-services,Visit StreamStickPro homepage,Start 36-hour trial,View plans and devices
49,android-tv-iptv-setup-complete-guide,Android TV IPTV setup: Complete Setup Guide (2026),android tv iptv setup,android tv iptv setup guide | android tv iptv setup setup | android tv iptv setup tips | android tv iptv setup best apps | android tv iptv setup checklist,informational,/iptv-services,/ | /trial | /shop | /iptv-services | /iptv-media-players | /tutorials,Visit StreamStickPro homepage,Start 36-hour trial,View plans and devices
50,android-tv-iptv-setup-beginner-checklist,Android TV IPTV setup: Beginner Checklist for Fast Setup,android tv iptv setup,android tv iptv setup guide | android tv iptv setup setup | android tv iptv setup tips | android tv iptv setup best apps | android tv iptv setup checklist,informational,/iptv-services,/ | /trial | /shop | /iptv-services | /iptv-media-players | /tutorials,Visit StreamStickPro homepage,Start 36-hour trial,View plans and devices
51,android-tv-iptv-setup-best-app-stack,Android TV IPTV setup: Best App Stack and Workflow,android tv iptv setup,android tv iptv setup guide | android tv iptv setup setup | android tv iptv setup tips | android tv iptv setup best apps | android tv iptv setup checklist,commercial,/iptv-services,/ | /trial | /shop | /iptv-services | /iptv-media-players | /tutorials,Visit StreamStickPro homepage,Start 36-hour trial,View plans and devices
52,android-tv-iptv-setup-mistakes-to-avoid,Android TV IPTV setup: Common Mistakes to Avoid,android tv iptv setup,android tv iptv setup guide | android tv iptv setup setup | android tv iptv setup tips | android tv iptv setup best apps | android tv iptv setup checklist,informational,/iptv-services,/ | /trial | /shop | /iptv-services | /iptv-media-players | /tutorials,Visit StreamStickPro homepage,Start 36-hour trial,View plans and devices
53,android-tv-iptv-setup-issue-fixes,Android TV IPTV setup: Most Common Issues and Fixes,android tv iptv setup,android tv iptv setup guide | android tv iptv setup setup | android tv iptv setup tips | android tv iptv setup best apps | android tv iptv setup checklist,informational,/iptv-services,/ | /trial | /shop | /iptv-services | /iptv-media-players | /tutorials,Visit StreamStickPro homepage,Start 36-hour trial,View plans and devices
54,android-tv-iptv-setup-cost-breakdown,Android TV IPTV setup: Real Cost Breakdown and Value,android tv iptv setup,android tv iptv setup guide | android tv iptv setup setup | android tv iptv setup tips | android tv iptv setup best apps | android tv iptv setup checklist,commercial,/iptv-services,/ | /trial | /shop | /iptv-services | /iptv-media-players | /tutorials,Visit StreamStickPro homepage,Start 36-hour trial,View plans and devices
55,android-tv-iptv-setup-comparison,Android TV IPTV setup: What Works Best in 2026,android tv iptv setup,android tv iptv setup guide | android tv iptv setup setup | android tv iptv setup tips | android tv iptv setup best apps | android tv iptv setup checklist,commercial,/iptv-services,/ | /trial | /shop | /iptv-services | /iptv-media-players | /tutorials,Visit StreamStickPro homepage,Start 36-hour trial,View plans and devices
56,android-tv-iptv-setup-buyers-playbook,Android TV IPTV setup: Buyer Playbook and Next Steps,android tv iptv setup,android tv iptv setup guide | android tv iptv setup setup | android tv iptv setup tips | android tv iptv setup best apps | android tv iptv setup checklist,transactional,/iptv-services,/ | /trial | /shop | /iptv-services | /iptv-media-players | /tutorials,Visit StreamStickPro homepage,Start 36-hour trial,View plans and devices
57,tivimate-setup-fire-stick-complete-guide,TiviMate setup on Fire Stick: Complete Setup Guide (2026),tivimate setup fire stick,tivimate setup fire stick guide | tivimate setup fire stick setup | tivimate setup fire stick tips | tivimate setup fire stick best apps | tivimate setup fire stick checklist,informational,/tivimate,/ | /trial | /shop | /tivimate | /iptv-media-players | /iptv-firestick,Visit StreamStickPro homepage,Start 36-hour trial,View plans and devices
58,tivimate-setup-fire-stick-beginner-checklist,TiviMate setup on Fire Stick: Beginner Checklist for Fast Setup,tivimate setup fire stick,tivimate setup fire stick guide | tivimate setup fire stick setup | tivimate setup fire stick tips | tivimate setup fire stick best apps | tivimate setup fire stick checklist,informational,/tivimate,/ | /trial | /shop | /tivimate | /iptv-media-players | /iptv-firestick,Visit StreamStickPro homepage,Start 36-hour trial,View plans and devices
59,tivimate-setup-fire-stick-best-app-stack,TiviMate setup on Fire Stick: Best App Stack and Workflow,tivimate setup fire stick,tivimate setup fire stick guide | tivimate setup fire stick setup | tivimate setup fire stick tips | tivimate setup fire stick best apps | tivimate setup fire stick checklist,commercial,/tivimate,/ | /trial | /shop | /tivimate | /iptv-media-players | /iptv-firestick,Visit StreamStickPro homepage,Start 36-hour trial,View plans and devices
60,tivimate-setup-fire-stick-mistakes-to-avoid,TiviMate setup on Fire Stick: Common Mistakes to Avoid,tivimate setup fire stick,tivimate setup fire stick guide | tivimate setup fire stick setup | tivimate setup fire stick tips | tivimate setup fire stick best apps | tivimate setup fire stick checklist,informational,/tivimate,/ | /trial | /shop | /tivimate | /iptv-media-players | /iptv-firestick,Visit StreamStickPro homepage,Start 36-hour trial,View plans and devices
61,tivimate-setup-fire-stick-issue-fixes,TiviMate setup on Fire Stick: Most Common Issues and Fixes,tivimate setup fire stick,tivimate setup fire stick guide | tivimate setup fire stick setup | tivimate setup fire stick tips | tivimate setup fire stick best apps | tivimate setup fire stick checklist,informational,/tivimate,/ | /trial | /shop | /tivimate | /iptv-media-players | /iptv-firestick,Visit StreamStickPro homepage,Start 36-hour trial,View plans and devices
62,tivimate-setup-fire-stick-cost-breakdown,TiviMate setup on Fire Stick: Real Cost Breakdown and Value,tivimate setup fire stick,tivimate setup fire stick guide | tivimate setup fire stick setup | tivimate setup fire stick tips | tivimate setup fire stick best apps | tivimate setup fire stick checklist,commercial,/tivimate,/ | /trial | /shop | /tivimate | /iptv-media-players | /iptv-firestick,Visit StreamStickPro homepage,Start 36-hour trial,View plans and devices
63,tivimate-setup-fire-stick-comparison,TiviMate setup on Fire Stick: What Works Best in 2026,tivimate setup fire stick,tivimate setup fire stick guide | tivimate setup fire stick setup | tivimate setup fire stick tips | tivimate setup fire stick best apps | tivimate setup fire stick checklist,commercial,/tivimate,/ | /trial | /shop | /tivimate | /iptv-media-players | /iptv-firestick,Visit StreamStickPro homepage,Start 36-hour trial,View plans and devices
64,tivimate-setup-fire-stick-buyers-playbook,TiviMate setup on Fire Stick: Buyer Playbook and Next Steps,tivimate setup fire stick,tivimate setup fire stick guide | tivimate setup fire stick setup | tivimate setup fire stick tips | tivimate setup fire stick best apps | tivimate setup fire stick checklist,transactional,/tivimate,/ | /trial | /shop | /tivimate | /iptv-media-players | /iptv-firestick,Visit StreamStickPro homepage,Start 36-hour trial,View plans and devices
65,tivimate-setup-onn-complete-guide,TiviMate setup on ONN: Complete Setup Guide (2026),tivimate setup onn,tivimate setup onn guide | tivimate setup onn setup | tivimate setup onn tips | tivimate setup onn best apps | tivimate setup onn checklist,informational,/tivimate,/ | /trial | /shop | /tivimate | /onn-google-tv | /iptv-media-players,Visit StreamStickPro homepage,Start 36-hour trial,View plans and devices
66,tivimate-setup-onn-beginner-checklist,TiviMate setup on ONN: Beginner Checklist for Fast Setup,tivimate setup onn,tivimate setup onn guide | tivimate setup onn setup | tivimate setup onn tips | tivimate setup onn best apps | tivimate setup onn checklist,informational,/tivimate,/ | /trial | /shop | /tivimate | /onn-google-tv | /iptv-media-players,Visit StreamStickPro homepage,Start 36-hour trial,View plans and devices
67,tivimate-setup-onn-best-app-stack,TiviMate setup on ONN: Best App Stack and Workflow,tivimate setup onn,tivimate setup onn guide | tivimate setup onn setup | tivimate setup onn tips | tivimate setup onn best apps | tivimate setup onn checklist,commercial,/tivimate,/ | /trial | /shop | /tivimate | /onn-google-tv | /iptv-media-players,Visit StreamStickPro homepage,Start 36-hour trial,View plans and devices
68,tivimate-setup-onn-mistakes-to-avoid,TiviMate setup on ONN: Common Mistakes to Avoid,tivimate setup onn,tivimate setup onn guide | tivimate setup onn setup | tivimate setup onn tips | tivimate setup onn best apps | tivimate setup onn checklist,informational,/tivimate,/ | /trial | /shop | /tivimate | /onn-google-tv | /iptv-media-players,Visit StreamStickPro homepage,Start 36-hour trial,View plans and devices
69,tivimate-setup-onn-issue-fixes,TiviMate setup on ONN: Most Common Issues and Fixes,tivimate setup onn,tivimate setup onn guide | tivimate setup onn setup | tivimate setup onn tips | tivimate setup onn best apps | tivimate setup onn checklist,informational,/tivimate,/ | /trial | /shop | /tivimate | /onn-google-tv | /iptv-media-players,Visit StreamStickPro homepage,Start 36-hour trial,View plans and devices
70,tivimate-setup-onn-cost-breakdown,TiviMate setup on ONN: Real Cost Breakdown and Value,tivimate setup onn,tivimate setup onn guide | tivimate setup onn setup | tivimate setup onn tips | tivimate setup onn best apps | tivimate setup onn checklist,commercial,/tivimate,/ | /trial | /shop | /tivimate | /onn-google-tv | /iptv-media-players,Visit StreamStickPro homepage,Start 36-hour trial,View plans and devices
71,tivimate-setup-onn-comparison,TiviMate setup on ONN: What Works Best in 2026,tivimate setup onn,tivimate setup onn guide | tivimate setup onn setup | tivimate setup onn tips | tivimate setup onn best apps | tivimate setup onn checklist,commercial,/tivimate,/ | /trial | /shop | /tivimate | /onn-google-tv | /iptv-media-players,Visit StreamStickPro homepage,Start 36-hour trial,View plans and devices
72,tivimate-setup-onn-buyers-playbook,TiviMate setup on ONN: Buyer Playbook and Next Steps,tivimate setup onn,tivimate setup onn guide | tivimate setup onn setup | tivimate setup onn tips | tivimate setup onn best apps | tivimate setup onn checklist,transactional,/tivimate,/ | /trial | /shop | /tivimate | /onn-google-tv | /iptv-media-players,Visit StreamStickPro homepage,Start 36-hour trial,View plans and devices
73,iptv-smarters-pro-setup-complete-guide,IPTV Smarters Pro setup: Complete Setup Guide (2026),iptv smarters pro setup,iptv smarters pro setup guide | iptv smarters pro setup setup | iptv smarters pro setup tips | iptv smarters pro setup best apps | iptv smarters pro setup checklist,informational,/iptv-smarters-pro,/ | /trial | /shop | /iptv-smarters-pro | /iptv-media-players | /iptv-services,Visit StreamStickPro homepage,Start 36-hour trial,View plans and devices
74,iptv-smarters-pro-setup-beginner-checklist,IPTV Smarters Pro setup: Beginner Checklist for Fast Setup,iptv smarters pro setup,iptv smarters pro setup guide | iptv smarters pro setup setup | iptv smarters pro setup tips | iptv smarters pro setup best apps | iptv smarters pro setup checklist,informational,/iptv-smarters-pro,/ | /trial | /shop | /iptv-smarters-pro | /iptv-media-players | /iptv-services,Visit StreamStickPro homepage,Start 36-hour trial,View plans and devices
75,iptv-smarters-pro-setup-best-app-stack,IPTV Smarters Pro setup: Best App Stack and Workflow,iptv smarters pro setup,iptv smarters pro setup guide | iptv smarters pro setup setup | iptv smarters pro setup tips | iptv smarters pro setup best apps | iptv smarters pro setup checklist,commercial,/iptv-smarters-pro,/ | /trial | /shop | /iptv-smarters-pro | /iptv-media-players | /iptv-services,Visit StreamStickPro homepage,Start 36-hour trial,View plans and devices
76,iptv-smarters-pro-setup-mistakes-to-avoid,IPTV Smarters Pro setup: Common Mistakes to Avoid,iptv smarters pro setup,iptv smarters pro setup guide | iptv smarters pro setup setup | iptv smarters pro setup tips | iptv smarters pro setup best apps | iptv smarters pro setup checklist,informational,/iptv-smarters-pro,/ | /trial | /shop | /iptv-smarters-pro | /iptv-media-players | /iptv-services,Visit StreamStickPro homepage,Start 36-hour trial,View plans and devices
77,iptv-smarters-pro-setup-issue-fixes,IPTV Smarters Pro setup: Most Common Issues and Fixes,iptv smarters pro setup,iptv smarters pro setup guide | iptv smarters pro setup setup | iptv smarters pro setup tips | iptv smarters pro setup best apps | iptv smarters pro setup checklist,informational,/iptv-smarters-pro,/ | /trial | /shop | /iptv-smarters-pro | /iptv-media-players | /iptv-services,Visit StreamStickPro homepage,Start 36-hour trial,View plans and devices
78,iptv-smarters-pro-setup-cost-breakdown,IPTV Smarters Pro setup: Real Cost Breakdown and Value,iptv smarters pro setup,iptv smarters pro setup guide | iptv smarters pro setup setup | iptv smarters pro setup tips | iptv smarters pro setup best apps | iptv smarters pro setup checklist,commercial,/iptv-smarters-pro,/ | /trial | /shop | /iptv-smarters-pro | /iptv-media-players | /iptv-services,Visit StreamStickPro homepage,Start 36-hour trial,View plans and devices
79,iptv-smarters-pro-setup-comparison,IPTV Smarters Pro setup: What Works Best in 2026,iptv smarters pro setup,iptv smarters pro setup guide | iptv smarters pro setup setup | iptv smarters pro setup tips | iptv smarters pro setup best apps | iptv smarters pro setup checklist,commercial,/iptv-smarters-pro,/ | /trial | /shop | /iptv-smarters-pro | /iptv-media-players | /iptv-services,Visit StreamStickPro homepage,Start 36-hour trial,View plans and devices
80,iptv-smarters-pro-setup-buyers-playbook,IPTV Smarters Pro setup: Buyer Playbook and Next Steps,iptv smarters pro setup,iptv smarters pro setup guide | iptv smarters pro setup setup | iptv smarters pro setup tips | iptv smarters pro setup best apps | iptv smarters pro setup checklist,transactional,/iptv-smarters-pro,/ | /trial | /shop | /iptv-smarters-pro | /iptv-media-players | /iptv-services,Visit StreamStickPro homepage,Start 36-hour trial,View plans and devices
81,m3u-playlist-setup-complete-guide,M3U playlist setup: Complete Setup Guide (2026),m3u playlist setup,m3u playlist setup guide | m3u playlist setup setup | m3u playlist setup tips | m3u playlist setup best apps | m3u playlist setup checklist,informational,/iptv-media-players,/ | /trial | /shop | /iptv-media-players | /iptv-services | /tutorials,Visit StreamStickPro homepage,Start 36-hour trial,View plans and devices
82,m3u-playlist-setup-beginner-checklist,M3U playlist setup: Beginner Checklist for Fast Setup,m3u playlist setup,m3u playlist setup guide | m3u playlist setup setup | m3u playlist setup tips | m3u playlist setup best apps | m3u playlist setup checklist,informational,/iptv-media-players,/ | /trial | /shop | /iptv-media-players | /iptv-services | /tutorials,Visit StreamStickPro homepage,Start 36-hour trial,View plans and devices
83,m3u-playlist-setup-best-app-stack,M3U playlist setup: Best App Stack and Workflow,m3u playlist setup,m3u playlist setup guide | m3u playlist setup setup | m3u playlist setup tips | m3u playlist setup best apps | m3u playlist setup checklist,commercial,/iptv-media-players,/ | /trial | /shop | /iptv-media-players | /iptv-services | /tutorials,Visit StreamStickPro homepage,Start 36-hour trial,View plans and devices
84,m3u-playlist-setup-mistakes-to-avoid,M3U playlist setup: Common Mistakes to Avoid,m3u playlist setup,m3u playlist setup guide | m3u playlist setup setup | m3u playlist setup tips | m3u playlist setup best apps | m3u playlist setup checklist,informational,/iptv-media-players,/ | /trial | /shop | /iptv-media-players | /iptv-services | /tutorials,Visit StreamStickPro homepage,Start 36-hour trial,View plans and devices
85,m3u-playlist-setup-issue-fixes,M3U playlist setup: Most Common Issues and Fixes,m3u playlist setup,m3u playlist setup guide | m3u playlist setup setup | m3u playlist setup tips | m3u playlist setup best apps | m3u playlist setup checklist,informational,/iptv-media-players,/ | /trial | /shop | /iptv-media-players | /iptv-services | /tutorials,Visit StreamStickPro homepage,Start 36-hour trial,View plans and devices
86,m3u-playlist-setup-cost-breakdown,M3U playlist setup: Real Cost Breakdown and Value,m3u playlist setup,m3u playlist setup guide | m3u playlist setup setup | m3u playlist setup tips | m3u playlist setup best apps | m3u playlist setup checklist,commercial,/iptv-media-players,/ | /trial | /shop | /iptv-media-players | /iptv-services | /tutorials,Visit StreamStickPro homepage,Start 36-hour trial,View plans and devices
87,m3u-playlist-setup-comparison,M3U playlist setup: What Works Best in 2026,m3u playlist setup,m3u playlist setup guide | m3u playlist setup setup | m3u playlist setup tips | m3u playlist setup best apps | m3u playlist setup checklist,commercial,/iptv-media-players,/ | /trial | /shop | /iptv-media-players | /iptv-services | /tutorials,Visit StreamStickPro homepage,Start 36-hour trial,View plans and devices
88,m3u-playlist-setup-buyers-playbook,M3U playlist setup: Buyer Playbook and Next Steps,m3u playlist setup,m3u playlist setup guide | m3u playlist setup setup | m3u playlist setup tips | m3u playlist setup best apps | m3u playlist setup checklist,transactional,/iptv-media-players,/ | /trial | /shop | /iptv-media-players | /iptv-services | /tutorials,Visit StreamStickPro homepage,Start 36-hour trial,View plans and devices
89,xtream-codes-setup-complete-guide,Xtream Codes login setup: Complete Setup Guide (2026),xtream codes setup,xtream codes setup guide | xtream codes setup setup | xtream codes setup tips | xtream codes setup best apps | xtream codes setup checklist,informational,/iptv-media-players,/ | /trial | /shop | /iptv-media-players | /iptv-smarters-pro | /tutorials,Visit StreamStickPro homepage,Start 36-hour trial,View plans and devices
90,xtream-codes-setup-beginner-checklist,Xtream Codes login setup: Beginner Checklist for Fast Setup,xtream codes setup,xtream codes setup guide | xtream codes setup setup | xtream codes setup tips | xtream codes setup best apps | xtream codes setup checklist,informational,/iptv-media-players,/ | /trial | /shop | /iptv-media-players | /iptv-smarters-pro | /tutorials,Visit StreamStickPro homepage,Start 36-hour trial,View plans and devices
91,xtream-codes-setup-best-app-stack,Xtream Codes login setup: Best App Stack and Workflow,xtream codes setup,xtream codes setup guide | xtream codes setup setup | xtream codes setup tips | xtream codes setup best apps | xtream codes setup checklist,commercial,/iptv-media-players,/ | /trial | /shop | /iptv-media-players | /iptv-smarters-pro | /tutorials,Visit StreamStickPro homepage,Start 36-hour trial,View plans and devices
92,xtream-codes-setup-mistakes-to-avoid,Xtream Codes login setup: Common Mistakes to Avoid,xtream codes setup,xtream codes setup guide | xtream codes setup setup | xtream codes setup tips | xtream codes setup best apps | xtream codes setup checklist,informational,/iptv-media-players,/ | /trial | /shop | /iptv-media-players | /iptv-smarters-pro | /tutorials,Visit StreamStickPro homepage,Start 36-hour trial,View plans and devices
93,xtream-codes-setup-issue-fixes,Xtream Codes login setup: Most Common Issues and Fixes,xtream codes setup,xtream codes setup guide | xtream codes setup setup | xtream codes setup tips | xtream codes setup best apps | xtream codes setup checklist,informational,/iptv-media-players,/ | /trial | /shop | /iptv-media-players | /iptv-smarters-pro | /tutorials,Visit StreamStickPro homepage,Start 36-hour trial,View plans and devices
94,xtream-codes-setup-cost-breakdown,Xtream Codes login setup: Real Cost Breakdown and Value,xtream codes setup,xtream codes setup guide | xtream codes setup setup | xtream codes setup tips | xtream codes setup best apps | xtream codes setup checklist,commercial,/iptv-media-players,/ | /trial | /shop | /iptv-media-players | /iptv-smarters-pro | /tutorials,Visit StreamStickPro homepage,Start 36-hour trial,View plans and devices
95,xtream-codes-setup-comparison,Xtream Codes login setup: What Works Best in 2026,xtream codes setup,xtream codes setup guide | xtream codes setup setup | xtream codes setup tips | xtream codes setup best apps | xtream codes setup checklist,commercial,/iptv-media-players,/ | /trial | /shop | /iptv-media-players | /iptv-smarters-pro | /tutorials,Visit StreamStickPro homepage,Start 36-hour trial,View plans and devices
96,xtream-codes-setup-buyers-playbook,Xtream Codes login setup: Buyer Playbook and Next Steps,xtream codes setup,xtream codes setup guide | xtream codes setup setup | xtream codes setup tips | xtream codes setup best apps | xtream codes setup checklist,transactional,/iptv-media-players,/ | /trial | /shop | /iptv-media-players | /iptv-smarters-pro | /tutorials,Visit StreamStickPro homepage,Start 36-hour trial,View plans and devices
97,best-iptv-apps-fire-stick-complete-guide,Best IPTV apps for Fire Stick: Complete Setup Guide (2026),best iptv apps fire stick,best iptv apps fire stick guide | best iptv apps fire stick setup | best iptv apps fire stick tips | best iptv apps fire stick best apps | best iptv apps fire stick checklist,informational,/iptv-media-players,/ | /trial | /shop | /iptv-media-players | /iptv-firestick | /tivimate,Visit StreamStickPro homepage,Start 36-hour trial,View plans and devices
98,best-iptv-apps-fire-stick-beginner-checklist,Best IPTV apps for Fire Stick: Beginner Checklist for Fast Setup,best iptv apps fire stick,best iptv apps fire stick guide | best iptv apps fire stick setup | best iptv apps fire stick tips | best iptv apps fire stick best apps | best iptv apps fire stick checklist,informational,/iptv-media-players,/ | /trial | /shop | /iptv-media-players | /iptv-firestick | /tivimate,Visit StreamStickPro homepage,Start 36-hour trial,View plans and devices
99,best-iptv-apps-fire-stick-best-app-stack,Best IPTV apps for Fire Stick: Best App Stack and Workflow,best iptv apps fire stick,best iptv apps fire stick guide | best iptv apps fire stick setup | best iptv apps fire stick tips | best iptv apps fire stick best apps | best iptv apps fire stick checklist,commercial,/iptv-media-players,/ | /trial | /shop | /iptv-media-players | /iptv-firestick | /tivimate,Visit StreamStickPro homepage,Start 36-hour trial,View plans and devices
100,best-iptv-apps-fire-stick-mistakes-to-avoid,Best IPTV apps for Fire Stick: Common Mistakes to Avoid,best iptv apps fire stick,best iptv apps fire stick guide | best iptv apps fire stick setup | best iptv apps fire stick tips | best iptv apps fire stick best apps | best iptv apps fire stick checklist,informational,/iptv-media-players,/ | /trial | /shop | /iptv-media-players | /iptv-firestick | /tivimate,Visit StreamStickPro homepage,Start 36-hour trial,View plans and devices
101,best-iptv-apps-fire-stick-issue-fixes,Best IPTV apps for Fire Stick: Most Common Issues and Fixes,best iptv apps fire stick,best iptv apps fire stick guide | best iptv apps fire stick setup | best iptv apps fire stick tips | best iptv apps fire stick best apps | best iptv apps fire stick checklist,informational,/iptv-media-players,/ | /trial | /shop | /iptv-media-players | /iptv-firestick | /tivimate,Visit StreamStickPro homepage,Start 36-hour trial,View plans and devices
102,best-iptv-apps-fire-stick-cost-breakdown,Best IPTV apps for Fire Stick: Real Cost Breakdown and Value,best iptv apps fire stick,best iptv apps fire stick guide | best iptv apps fire stick setup | best iptv apps fire stick tips | best iptv apps fire stick best apps | best iptv apps fire stick checklist,commercial,/iptv-media-players,/ | /trial | /shop | /iptv-media-players | /iptv-firestick | /tivimate,Visit StreamStickPro homepage,Start 36-hour trial,View plans and devices
103,best-iptv-apps-fire-stick-comparison,Best IPTV apps for Fire Stick: What Works Best in 2026,best iptv apps fire stick,best iptv apps fire stick guide | best iptv apps fire stick setup | best iptv apps fire stick tips | best iptv apps fire stick best apps | best iptv apps fire stick checklist,commercial,/iptv-media-players,/ | /trial | /shop | /iptv-media-players | /iptv-firestick | /tivimate,Visit StreamStickPro homepage,Start 36-hour trial,View plans and devices
104,best-iptv-apps-fire-stick-buyers-playbook,Best IPTV apps for Fire Stick: Buyer Playbook and Next Steps,best iptv apps fire stick,best iptv apps fire stick guide | best iptv apps fire stick setup | best iptv apps fire stick tips | best iptv apps fire stick best apps | best iptv apps fire stick checklist,transactional,/iptv-media-players,/ | /trial | /shop | /iptv-media-players | /iptv-firestick | /tivimate,Visit StreamStickPro homepage,Start 36-hour trial,View plans and devices
105,best-iptv-apps-onn-complete-guide,Best IPTV apps for ONN: Complete Setup Guide (2026),best iptv apps onn,best iptv apps onn guide | best iptv apps onn setup | best iptv apps onn tips | best iptv apps onn best apps | best iptv apps onn checklist,informational,/iptv-media-players,/ | /trial | /shop | /iptv-media-players | /onn-google-tv | /iptv-smarters-pro,Visit StreamStickPro homepage,Start 36-hour trial,View plans and devices
106,best-iptv-apps-onn-beginner-checklist,Best IPTV apps for ONN: Beginner Checklist for Fast Setup,best iptv apps onn,best iptv apps onn guide | best iptv apps onn setup | best iptv apps onn tips | best iptv apps onn best apps | best iptv apps onn checklist,informational,/iptv-media-players,/ | /trial | /shop | /iptv-media-players | /onn-google-tv | /iptv-smarters-pro,Visit StreamStickPro homepage,Start 36-hour trial,View plans and devices
107,best-iptv-apps-onn-best-app-stack,Best IPTV apps for ONN: Best App Stack and Workflow,best iptv apps onn,best iptv apps onn guide | best iptv apps onn setup | best iptv apps onn tips | best iptv apps onn best apps | best iptv apps onn checklist,commercial,/iptv-media-players,/ | /trial | /shop | /iptv-media-players | /onn-google-tv | /iptv-smarters-pro,Visit StreamStickPro homepage,Start 36-hour trial,View plans and devices
108,best-iptv-apps-onn-mistakes-to-avoid,Best IPTV apps for ONN: Common Mistakes to Avoid,best iptv apps onn,best iptv apps onn guide | best iptv apps onn setup | best iptv apps onn tips | best iptv apps onn best apps | best iptv apps onn checklist,informational,/iptv-media-players,/ | /trial | /shop | /iptv-media-players | /onn-google-tv | /iptv-smarters-pro,Visit StreamStickPro homepage,Start 36-hour trial,View plans and devices
109,best-iptv-apps-onn-issue-fixes,Best IPTV apps for ONN: Most Common Issues and Fixes,best iptv apps onn,best iptv apps onn guide | best iptv apps onn setup | best iptv apps onn tips | best iptv apps onn best apps | best iptv apps onn checklist,informational,/iptv-media-players,/ | /trial | /shop | /iptv-media-players | /onn-google-tv | /iptv-smarters-pro,Visit StreamStickPro homepage,Start 36-hour trial,View plans and devices
110,best-iptv-apps-onn-cost-breakdown,Best IPTV apps for ONN: Real Cost Breakdown and Value,best iptv apps onn,best iptv apps onn guide | best iptv apps onn setup | best iptv apps onn tips | best iptv apps onn best apps | best iptv apps onn checklist,commercial,/iptv-media-players,/ | /trial | /shop | /iptv-media-players | /onn-google-tv | /iptv-smarters-pro,Visit StreamStickPro homepage,Start 36-hour trial,View plans and devices
111,best-iptv-apps-onn-comparison,Best IPTV apps for ONN: What Works Best in 2026,best iptv apps onn,best iptv apps onn guide | best iptv apps onn setup | best iptv apps onn tips | best iptv apps onn best apps | best iptv apps onn checklist,commercial,/iptv-media-players,/ | /trial | /shop | /iptv-media-players | /onn-google-tv | /iptv-smarters-pro,Visit StreamStickPro homepage,Start 36-hour trial,View plans and devices
112,best-iptv-apps-onn-buyers-playbook,Best IPTV apps for ONN: Buyer Playbook and Next Steps,best iptv apps onn,best iptv apps onn guide | best iptv apps onn setup | best iptv apps onn tips | best iptv apps onn best apps | best iptv apps onn checklist,transactional,/iptv-media-players,/ | /trial | /shop | /iptv-media-players | /onn-google-tv | /iptv-smarters-pro,Visit StreamStickPro homepage,Start 36-hour trial,View plans and devices
113,fire-stick-iptv-troubleshooting-complete-guide,Fire Stick IPTV troubleshooting: Complete Setup Guide (2026),fire stick iptv troubleshooting,fire stick iptv troubleshooting guide | fire stick iptv troubleshooting setup | fire stick iptv troubleshooting tips | fire stick iptv troubleshooting best apps | fire stick iptv troubleshooting checklist,informational,/iptv-firestick,/ | /trial | /shop | /iptv-firestick | /tutorials | /resources,Visit StreamStickPro homepage,Start 36-hour trial,View plans and devices
114,fire-stick-iptv-troubleshooting-beginner-checklist,Fire Stick IPTV troubleshooting: Beginner Checklist for Fast Setup,fire stick iptv troubleshooting,fire stick iptv troubleshooting guide | fire stick iptv troubleshooting setup | fire stick iptv troubleshooting tips | fire stick iptv troubleshooting best apps | fire stick iptv troubleshooting checklist,informational,/iptv-firestick,/ | /trial | /shop | /iptv-firestick | /tutorials | /resources,Visit StreamStickPro homepage,Start 36-hour trial,View plans and devices
115,fire-stick-iptv-troubleshooting-best-app-stack,Fire Stick IPTV troubleshooting: Best App Stack and Workflow,fire stick iptv troubleshooting,fire stick iptv troubleshooting guide | fire stick iptv troubleshooting setup | fire stick iptv troubleshooting tips | fire stick iptv troubleshooting best apps | fire stick iptv troubleshooting checklist,commercial,/iptv-firestick,/ | /trial | /shop | /iptv-firestick | /tutorials | /resources,Visit StreamStickPro homepage,Start 36-hour trial,View plans and devices
116,fire-stick-iptv-troubleshooting-mistakes-to-avoid,Fire Stick IPTV troubleshooting: Common Mistakes to Avoid,fire stick iptv troubleshooting,fire stick iptv troubleshooting guide | fire stick iptv troubleshooting setup | fire stick iptv troubleshooting tips | fire stick iptv troubleshooting best apps | fire stick iptv troubleshooting checklist,informational,/iptv-firestick,/ | /trial | /shop | /iptv-firestick | /tutorials | /resources,Visit StreamStickPro homepage,Start 36-hour trial,View plans and devices
117,fire-stick-iptv-troubleshooting-issue-fixes,Fire Stick IPTV troubleshooting: Most Common Issues and Fixes,fire stick iptv troubleshooting,fire stick iptv troubleshooting guide | fire stick iptv troubleshooting setup | fire stick iptv troubleshooting tips | fire stick iptv troubleshooting best apps | fire stick iptv troubleshooting checklist,informational,/iptv-firestick,/ | /trial | /shop | /iptv-firestick | /tutorials | /resources,Visit StreamStickPro homepage,Start 36-hour trial,View plans and devices
118,fire-stick-iptv-troubleshooting-cost-breakdown,Fire Stick IPTV troubleshooting: Real Cost Breakdown and Value,fire stick iptv troubleshooting,fire stick iptv troubleshooting guide | fire stick iptv troubleshooting setup | fire stick iptv troubleshooting tips | fire stick iptv troubleshooting best apps | fire stick iptv troubleshooting checklist,commercial,/iptv-firestick,/ | /trial | /shop | /iptv-firestick | /tutorials | /resources,Visit StreamStickPro homepage,Start 36-hour trial,View plans and devices
119,fire-stick-iptv-troubleshooting-comparison,Fire Stick IPTV troubleshooting: What Works Best in 2026,fire stick iptv troubleshooting,fire stick iptv troubleshooting guide | fire stick iptv troubleshooting setup | fire stick iptv troubleshooting tips | fire stick iptv troubleshooting best apps | fire stick iptv troubleshooting checklist,commercial,/iptv-firestick,/ | /trial | /shop | /iptv-firestick | /tutorials | /resources,Visit StreamStickPro homepage,Start 36-hour trial,View plans and devices
120,fire-stick-iptv-troubleshooting-buyers-playbook,Fire Stick IPTV troubleshooting: Buyer Playbook and Next Steps,fire stick iptv troubleshooting,fire stick iptv troubleshooting guide | fire stick iptv troubleshooting setup | fire stick iptv troubleshooting tips | fire stick iptv troubleshooting best apps | fire stick iptv troubleshooting checklist,transactional,/iptv-firestick,/ | /trial | /shop | /iptv-firestick | /tutorials | /resources,Visit StreamStickPro homepage,Start 36-hour trial,View plans and devices
121,onn-iptv-troubleshooting-complete-guide,ONN IPTV troubleshooting: Complete Setup Guide (2026),onn iptv troubleshooting,onn iptv troubleshooting guide | onn iptv troubleshooting setup | onn iptv troubleshooting tips | onn iptv troubleshooting best apps | onn iptv troubleshooting checklist,informational,/onn-google-tv,/ | /trial | /shop | /onn-google-tv | /tutorials | /resources,Visit StreamStickPro homepage,Start 36-hour trial,View plans and devices
122,onn-iptv-troubleshooting-beginner-checklist,ONN IPTV troubleshooting: Beginner Checklist for Fast Setup,onn iptv troubleshooting,onn iptv troubleshooting guide | onn iptv troubleshooting setup | onn iptv troubleshooting tips | onn iptv troubleshooting best apps | onn iptv troubleshooting checklist,informational,/onn-google-tv,/ | /trial | /shop | /onn-google-tv | /tutorials | /resources,Visit StreamStickPro homepage,Start 36-hour trial,View plans and devices
123,onn-iptv-troubleshooting-best-app-stack,ONN IPTV troubleshooting: Best App Stack and Workflow,onn iptv troubleshooting,onn iptv troubleshooting guide | onn iptv troubleshooting setup | onn iptv troubleshooting tips | onn iptv troubleshooting best apps | onn iptv troubleshooting checklist,commercial,/onn-google-tv,/ | /trial | /shop | /onn-google-tv | /tutorials | /resources,Visit StreamStickPro homepage,Start 36-hour trial,View plans and devices
124,onn-iptv-troubleshooting-mistakes-to-avoid,ONN IPTV troubleshooting: Common Mistakes to Avoid,onn iptv troubleshooting,onn iptv troubleshooting guide | onn iptv troubleshooting setup | onn iptv troubleshooting tips | onn iptv troubleshooting best apps | onn iptv troubleshooting checklist,informational,/onn-google-tv,/ | /trial | /shop | /onn-google-tv | /tutorials | /resources,Visit StreamStickPro homepage,Start 36-hour trial,View plans and devices
125,onn-iptv-troubleshooting-issue-fixes,ONN IPTV troubleshooting: Most Common Issues and Fixes,onn iptv troubleshooting,onn iptv troubleshooting guide | onn iptv troubleshooting setup | onn iptv troubleshooting tips | onn iptv troubleshooting best apps | onn iptv troubleshooting checklist,informational,/onn-google-tv,/ | /trial | /shop | /onn-google-tv | /tutorials | /resources,Visit StreamStickPro homepage,Start 36-hour trial,View plans and devices
126,onn-iptv-troubleshooting-cost-breakdown,ONN IPTV troubleshooting: Real Cost Breakdown and Value,onn iptv troubleshooting,onn iptv troubleshooting guide | onn iptv troubleshooting setup | onn iptv troubleshooting tips | onn iptv troubleshooting best apps | onn iptv troubleshooting checklist,commercial,/onn-google-tv,/ | /trial | /shop | /onn-google-tv | /tutorials | /resources,Visit StreamStickPro homepage,Start 36-hour trial,View plans and devices
127,onn-iptv-troubleshooting-comparison,ONN IPTV troubleshooting: What Works Best in 2026,onn iptv troubleshooting,onn iptv troubleshooting guide | onn iptv troubleshooting setup | onn iptv troubleshooting tips | onn iptv troubleshooting best apps | onn iptv troubleshooting checklist,commercial,/onn-google-tv,/ | /trial | /shop | /onn-google-tv | /tutorials | /resources,Visit StreamStickPro homepage,Start 36-hour trial,View plans and devices
128,onn-iptv-troubleshooting-buyers-playbook,ONN IPTV troubleshooting: Buyer Playbook and Next Steps,onn iptv troubleshooting,onn iptv troubleshooting guide | onn iptv troubleshooting setup | onn iptv troubleshooting tips | onn iptv troubleshooting best apps | onn iptv troubleshooting checklist,transactional,/onn-google-tv,/ | /trial | /shop | /onn-google-tv | /tutorials | /resources,Visit StreamStickPro homepage,Start 36-hour trial,View plans and devices
129,iptv-app-login-errors-complete-guide,IPTV app login errors: Complete Setup Guide (2026),iptv login errors,iptv login errors guide | iptv login errors setup | iptv login errors tips | iptv login errors best apps | iptv login errors checklist,informational,/iptv-services,/ | /trial | /shop | /iptv-services | /tutorials | /iptv-media-players,Visit StreamStickPro homepage,Start 36-hour trial,View plans and devices
130,iptv-app-login-errors-beginner-checklist,IPTV app login errors: Beginner Checklist for Fast Setup,iptv login errors,iptv login errors guide | iptv login errors setup | iptv login errors tips | iptv login errors best apps | iptv login errors checklist,informational,/iptv-services,/ | /trial | /shop | /iptv-services | /tutorials | /iptv-media-players,Visit StreamStickPro homepage,Start 36-hour trial,View plans and devices
131,iptv-app-login-errors-best-app-stack,IPTV app login errors: Best App Stack and Workflow,iptv login errors,iptv login errors guide | iptv login errors setup | iptv login errors tips | iptv login errors best apps | iptv login errors checklist,commercial,/iptv-services,/ | /trial | /shop | /iptv-services | /tutorials | /iptv-media-players,Visit StreamStickPro homepage,Start 36-hour trial,View plans and devices
132,iptv-app-login-errors-mistakes-to-avoid,IPTV app login errors: Common Mistakes to Avoid,iptv login errors,iptv login errors guide | iptv login errors setup | iptv login errors tips | iptv login errors best apps | iptv login errors checklist,informational,/iptv-services,/ | /trial | /shop | /iptv-services | /tutorials | /iptv-media-players,Visit StreamStickPro homepage,Start 36-hour trial,View plans and devices
133,iptv-app-login-errors-issue-fixes,IPTV app login errors: Most Common Issues and Fixes,iptv login errors,iptv login errors guide | iptv login errors setup | iptv login errors tips | iptv login errors best apps | iptv login errors checklist,informational,/iptv-services,/ | /trial | /shop | /iptv-services | /tutorials | /iptv-media-players,Visit StreamStickPro homepage,Start 36-hour trial,View plans and devices
134,iptv-app-login-errors-cost-breakdown,IPTV app login errors: Real Cost Breakdown and Value,iptv login errors,iptv login errors guide | iptv login errors setup | iptv login errors tips | iptv login errors best apps | iptv login errors checklist,commercial,/iptv-services,/ | /trial | /shop | /iptv-services | /tutorials | /iptv-media-players,Visit StreamStickPro homepage,Start 36-hour trial,View plans and devices
135,iptv-app-login-errors-comparison,IPTV app login errors: What Works Best in 2026,iptv login errors,iptv login errors guide | iptv login errors setup | iptv login errors tips | iptv login errors best apps | iptv login errors checklist,commercial,/iptv-services,/ | /trial | /shop | /iptv-services | /tutorials | /iptv-media-players,Visit StreamStickPro homepage,Start 36-hour trial,View plans and devices
136,iptv-app-login-errors-buyers-playbook,IPTV app login errors: Buyer Playbook and Next Steps,iptv login errors,iptv login errors guide | iptv login errors setup | iptv login errors tips | iptv login errors best apps | iptv login errors checklist,transactional,/iptv-services,/ | /trial | /shop | /iptv-services | /tutorials | /iptv-media-players,Visit StreamStickPro homepage,Start 36-hour trial,View plans and devices
137,iptv-epg-setup-complete-guide,IPTV EPG setup: Complete Setup Guide (2026),iptv epg setup,iptv epg setup guide | iptv epg setup setup | iptv epg setup tips | iptv epg setup best apps | iptv epg setup checklist,informational,/iptv-media-players,/ | /trial | /shop | /iptv-media-players | /tivimate | /iptv-smarters-pro,Visit StreamStickPro homepage,Start 36-hour trial,View plans and devices
138,iptv-epg-setup-beginner-checklist,IPTV EPG setup: Beginner Checklist for Fast Setup,iptv epg setup,iptv epg setup guide | iptv epg setup setup | iptv epg setup tips | iptv epg setup best apps | iptv epg setup checklist,informational,/iptv-media-players,/ | /trial | /shop | /iptv-media-players | /tivimate | /iptv-smarters-pro,Visit StreamStickPro homepage,Start 36-hour trial,View plans and devices
139,iptv-epg-setup-best-app-stack,IPTV EPG setup: Best App Stack and Workflow,iptv epg setup,iptv epg setup guide | iptv epg setup setup | iptv epg setup tips | iptv epg setup best apps | iptv epg setup checklist,commercial,/iptv-media-players,/ | /trial | /shop | /iptv-media-players | /tivimate | /iptv-smarters-pro,Visit StreamStickPro homepage,Start 36-hour trial,View plans and devices
140,iptv-epg-setup-mistakes-to-avoid,IPTV EPG setup: Common Mistakes to Avoid,iptv epg setup,iptv epg setup guide | iptv epg setup setup | iptv epg setup tips | iptv epg setup best apps | iptv epg setup checklist,informational,/iptv-media-players,/ | /trial | /shop | /iptv-media-players | /tivimate | /iptv-smarters-pro,Visit StreamStickPro homepage,Start 36-hour trial,View plans and devices
141,iptv-epg-setup-issue-fixes,IPTV EPG setup: Most Common Issues and Fixes,iptv epg setup,iptv epg setup guide | iptv epg setup setup | iptv epg setup tips | iptv epg setup best apps | iptv epg setup checklist,informational,/iptv-media-players,/ | /trial | /shop | /iptv-media-players | /tivimate | /iptv-smarters-pro,Visit StreamStickPro homepage,Start 36-hour trial,View plans and devices
142,iptv-epg-setup-cost-breakdown,IPTV EPG setup: Real Cost Breakdown and Value,iptv epg setup,iptv epg setup guide | iptv epg setup setup | iptv epg setup tips | iptv epg setup best apps | iptv epg setup checklist,commercial,/iptv-media-players,/ | /trial | /shop | /iptv-media-players | /tivimate | /iptv-smarters-pro,Visit StreamStickPro homepage,Start 36-hour trial,View plans and devices
143,iptv-epg-setup-comparison,IPTV EPG setup: What Works Best in 2026,iptv epg setup,iptv epg setup guide | iptv epg setup setup | iptv epg setup tips | iptv epg setup best apps | iptv epg setup checklist,commercial,/iptv-media-players,/ | /trial | /shop | /iptv-media-players | /tivimate | /iptv-smarters-pro,Visit StreamStickPro homepage,Start 36-hour trial,View plans and devices
144,iptv-epg-setup-buyers-playbook,IPTV EPG setup: Buyer Playbook and Next Steps,iptv epg setup,iptv epg setup guide | iptv epg setup setup | iptv epg setup tips | iptv epg setup best apps | iptv epg setup checklist,transactional,/iptv-media-players,/ | /trial | /shop | /iptv-media-players | /tivimate | /iptv-smarters-pro,Visit StreamStickPro homepage,Start 36-hour trial,View plans and devices
145,iptv-vod-setup-complete-guide,IPTV VOD setup: Complete Setup Guide (2026),iptv vod setup,iptv vod setup guide | iptv vod setup setup | iptv vod setup tips | iptv vod setup best apps | iptv vod setup checklist,informational,/iptv-services,/ | /trial | /shop | /iptv-services | /iptv-media-players | /tutorials,Visit StreamStickPro homepage,Start 36-hour trial,View plans and devices
146,iptv-vod-setup-beginner-checklist,IPTV VOD setup: Beginner Checklist for Fast Setup,iptv vod setup,iptv vod setup guide | iptv vod setup setup | iptv vod setup tips | iptv vod setup best apps | iptv vod setup checklist,informational,/iptv-services,/ | /trial | /shop | /iptv-services | /iptv-media-players | /tutorials,Visit StreamStickPro homepage,Start 36-hour trial,View plans and devices
147,iptv-vod-setup-best-app-stack,IPTV VOD setup: Best App Stack and Workflow,iptv vod setup,iptv vod setup guide | iptv vod setup setup | iptv vod setup tips | iptv vod setup best apps | iptv vod setup checklist,commercial,/iptv-services,/ | /trial | /shop | /iptv-services | /iptv-media-players | /tutorials,Visit StreamStickPro homepage,Start 36-hour trial,View plans and devices
148,iptv-vod-setup-mistakes-to-avoid,IPTV VOD setup: Common Mistakes to Avoid,iptv vod setup,iptv vod setup guide | iptv vod setup setup | iptv vod setup tips | iptv vod setup best apps | iptv vod setup checklist,informational,/iptv-services,/ | /trial | /shop | /iptv-services | /iptv-media-players | /tutorials,Visit StreamStickPro homepage,Start 36-hour trial,View plans and devices
149,iptv-vod-setup-issue-fixes,IPTV VOD setup: Most Common Issues and Fixes,iptv vod setup,iptv vod setup guide | iptv vod setup setup | iptv vod setup tips | iptv vod setup best apps | iptv vod setup checklist,informational,/iptv-services,/ | /trial | /shop | /iptv-services | /iptv-media-players | /tutorials,Visit StreamStickPro homepage,Start 36-hour trial,View plans and devices
150,iptv-vod-setup-cost-breakdown,IPTV VOD setup: Real Cost Breakdown and Value,iptv vod setup,iptv vod setup guide | iptv vod setup setup | iptv vod setup tips | iptv vod setup best apps | iptv vod setup checklist,commercial,/iptv-services,/ | /trial | /shop | /iptv-services | /iptv-media-players | /tutorials,Visit StreamStickPro homepage,Start 36-hour trial,View plans and devices
151,iptv-vod-setup-comparison,IPTV VOD setup: What Works Best in 2026,iptv vod setup,iptv vod setup guide | iptv vod setup setup | iptv vod setup tips | iptv vod setup best apps | iptv vod setup checklist,commercial,/iptv-services,/ | /trial | /shop | /iptv-services | /iptv-media-players | /tutorials,Visit StreamStickPro homepage,Start 36-hour trial,View plans and devices
152,iptv-vod-setup-buyers-playbook,IPTV VOD setup: Buyer Playbook and Next Steps,iptv vod setup,iptv vod setup guide | iptv vod setup setup | iptv vod setup tips | iptv vod setup best apps | iptv vod setup checklist,transactional,/iptv-services,/ | /trial | /shop | /iptv-services | /iptv-media-players | /tutorials,Visit StreamStickPro homepage,Start 36-hour trial,View plans and devices
153,iptv-multi-device-setup-complete-guide,IPTV multi-device setup: Complete Setup Guide (2026),iptv multi device setup,iptv multi device setup guide | iptv multi device setup setup | iptv multi device setup tips | iptv multi device setup best apps | iptv multi device setup checklist,informational,/pricing,/ | /trial | /shop | /pricing | /iptv-services | /trial,Visit StreamStickPro homepage,Start 36-hour trial,View plans and devices
154,iptv-multi-device-setup-beginner-checklist,IPTV multi-device setup: Beginner Checklist for Fast Setup,iptv multi device setup,iptv multi device setup guide | iptv multi device setup setup | iptv multi device setup tips | iptv multi device setup best apps | iptv multi device setup checklist,informational,/pricing,/ | /trial | /shop | /pricing | /iptv-services | /trial,Visit StreamStickPro homepage,Start 36-hour trial,View plans and devices
155,iptv-multi-device-setup-best-app-stack,IPTV multi-device setup: Best App Stack and Workflow,iptv multi device setup,iptv multi device setup guide | iptv multi device setup setup | iptv multi device setup tips | iptv multi device setup best apps | iptv multi device setup checklist,commercial,/pricing,/ | /trial | /shop | /pricing | /iptv-services | /trial,Visit StreamStickPro homepage,Start 36-hour trial,View plans and devices
156,iptv-multi-device-setup-mistakes-to-avoid,IPTV multi-device setup: Common Mistakes to Avoid,iptv multi device setup,iptv multi device setup guide | iptv multi device setup setup | iptv multi device setup tips | iptv multi device setup best apps | iptv multi device setup checklist,informational,/pricing,/ | /trial | /shop | /pricing | /iptv-services | /trial,Visit StreamStickPro homepage,Start 36-hour trial,View plans and devices
157,iptv-multi-device-setup-issue-fixes,IPTV multi-device setup: Most Common Issues and Fixes,iptv multi device setup,iptv multi device setup guide | iptv multi device setup setup | iptv multi device setup tips | iptv multi device setup best apps | iptv multi device setup checklist,informational,/pricing,/ | /trial | /shop | /pricing | /iptv-services | /trial,Visit StreamStickPro homepage,Start 36-hour trial,View plans and devices
158,iptv-multi-device-setup-cost-breakdown,IPTV multi-device setup: Real Cost Breakdown and Value,iptv multi device setup,iptv multi device setup guide | iptv multi device setup setup | iptv multi device setup tips | iptv multi device setup best apps | iptv multi device setup checklist,commercial,/pricing,/ | /trial | /shop | /pricing | /iptv-services | /trial,Visit StreamStickPro homepage,Start 36-hour trial,View plans and devices
159,iptv-multi-device-setup-comparison,IPTV multi-device setup: What Works Best in 2026,iptv multi device setup,iptv multi device setup guide | iptv multi device setup setup | iptv multi device setup tips | iptv multi device setup best apps | iptv multi device setup checklist,commercial,/pricing,/ | /trial | /shop | /pricing | /iptv-services | /trial,Visit StreamStickPro homepage,Start 36-hour trial,View plans and devices
160,iptv-multi-device-setup-buyers-playbook,IPTV multi-device setup: Buyer Playbook and Next Steps,iptv multi device setup,iptv multi device setup guide | iptv multi device setup setup | iptv multi device setup tips | iptv multi device setup best apps | iptv multi device setup checklist,transactional,/pricing,/ | /trial | /shop | /pricing | /iptv-services | /trial,Visit StreamStickPro homepage,Start 36-hour trial,View plans and devices
161,iptv-for-family-homes-complete-guide,IPTV for family homes: Complete Setup Guide (2026),iptv for families,iptv for families guide | iptv for families setup | iptv for families tips | iptv for families best apps | iptv for families checklist,informational,/pricing,/ | /trial | /shop | /pricing | /iptv-services | /trial,Visit StreamStickPro homepage,Start 36-hour trial,View plans and devices
162,iptv-for-family-homes-beginner-checklist,IPTV for family homes: Beginner Checklist for Fast Setup,iptv for families,iptv for families guide | iptv for families setup | iptv for families tips | iptv for families best apps | iptv for families checklist,informational,/pricing,/ | /trial | /shop | /pricing | /iptv-services | /trial,Visit StreamStickPro homepage,Start 36-hour trial,View plans and devices
163,iptv-for-family-homes-best-app-stack,IPTV for family homes: Best App Stack and Workflow,iptv for families,iptv for families guide | iptv for families setup | iptv for families tips | iptv for families best apps | iptv for families checklist,commercial,/pricing,/ | /trial | /shop | /pricing | /iptv-services | /trial,Visit StreamStickPro homepage,Start 36-hour trial,View plans and devices
164,iptv-for-family-homes-mistakes-to-avoid,IPTV for family homes: Common Mistakes to Avoid,iptv for families,iptv for families guide | iptv for families setup | iptv for families tips | iptv for families best apps | iptv for families checklist,informational,/pricing,/ | /trial | /shop | /pricing | /iptv-services | /trial,Visit StreamStickPro homepage,Start 36-hour trial,View plans and devices
165,iptv-for-family-homes-issue-fixes,IPTV for family homes: Most Common Issues and Fixes,iptv for families,iptv for families guide | iptv for families setup | iptv for families tips | iptv for families best apps | iptv for families checklist,informational,/pricing,/ | /trial | /shop | /pricing | /iptv-services | /trial,Visit StreamStickPro homepage,Start 36-hour trial,View plans and devices
166,iptv-for-family-homes-cost-breakdown,IPTV for family homes: Real Cost Breakdown and Value,iptv for families,iptv for families guide | iptv for families setup | iptv for families tips | iptv for families best apps | iptv for families checklist,commercial,/pricing,/ | /trial | /shop | /pricing | /iptv-services | /trial,Visit StreamStickPro homepage,Start 36-hour trial,View plans and devices
167,iptv-for-family-homes-comparison,IPTV for family homes: What Works Best in 2026,iptv for families,iptv for families guide | iptv for families setup | iptv for families tips | iptv for families best apps | iptv for families checklist,commercial,/pricing,/ | /trial | /shop | /pricing | /iptv-services | /trial,Visit StreamStickPro homepage,Start 36-hour trial,View plans and devices
168,iptv-for-family-homes-buyers-playbook,IPTV for family homes: Buyer Playbook and Next Steps,iptv for families,iptv for families guide | iptv for families setup | iptv for families tips | iptv for families best apps | iptv for families checklist,transactional,/pricing,/ | /trial | /shop | /pricing | /iptv-services | /trial,Visit StreamStickPro homepage,Start 36-hour trial,View plans and devices
169,iptv-for-seniors-complete-guide,IPTV for seniors: Complete Setup Guide (2026),iptv for seniors,iptv for seniors guide | iptv for seniors setup | iptv for seniors tips | iptv for seniors best apps | iptv for seniors checklist,informational,/iptv-services,/ | /trial | /shop | /iptv-services | /tutorials | /trial,Visit StreamStickPro homepage,Start 36-hour trial,View plans and devices
170,iptv-for-seniors-beginner-checklist,IPTV for seniors: Beginner Checklist for Fast Setup,iptv for seniors,iptv for seniors guide | iptv for seniors setup | iptv for seniors tips | iptv for seniors best apps | iptv for seniors checklist,informational,/iptv-services,/ | /trial | /shop | /iptv-services | /tutorials | /trial,Visit StreamStickPro homepage,Start 36-hour trial,View plans and devices
171,iptv-for-seniors-best-app-stack,IPTV for seniors: Best App Stack and Workflow,iptv for seniors,iptv for seniors guide | iptv for seniors setup | iptv for seniors tips | iptv for seniors best apps | iptv for seniors checklist,commercial,/iptv-services,/ | /trial | /shop | /iptv-services | /tutorials | /trial,Visit StreamStickPro homepage,Start 36-hour trial,View plans and devices
172,iptv-for-seniors-mistakes-to-avoid,IPTV for seniors: Common Mistakes to Avoid,iptv for seniors,iptv for seniors guide | iptv for seniors setup | iptv for seniors tips | iptv for seniors best apps | iptv for seniors checklist,informational,/iptv-services,/ | /trial | /shop | /iptv-services | /tutorials | /trial,Visit StreamStickPro homepage,Start 36-hour trial,View plans and devices
173,iptv-for-seniors-issue-fixes,IPTV for seniors: Most Common Issues and Fixes,iptv for seniors,iptv for seniors guide | iptv for seniors setup | iptv for seniors tips | iptv for seniors best apps | iptv for seniors checklist,informational,/iptv-services,/ | /trial | /shop | /iptv-services | /tutorials | /trial,Visit StreamStickPro homepage,Start 36-hour trial,View plans and devices
174,iptv-for-seniors-cost-breakdown,IPTV for seniors: Real Cost Breakdown and Value,iptv for seniors,iptv for seniors guide | iptv for seniors setup | iptv for seniors tips | iptv for seniors best apps | iptv for seniors checklist,commercial,/iptv-services,/ | /trial | /shop | /iptv-services | /tutorials | /trial,Visit StreamStickPro homepage,Start 36-hour trial,View plans and devices
175,iptv-for-seniors-comparison,IPTV for seniors: What Works Best in 2026,iptv for seniors,iptv for seniors guide | iptv for seniors setup | iptv for seniors tips | iptv for seniors best apps | iptv for seniors checklist,commercial,/iptv-services,/ | /trial | /shop | /iptv-services | /tutorials | /trial,Visit StreamStickPro homepage,Start 36-hour trial,View plans and devices
176,iptv-for-seniors-buyers-playbook,IPTV for seniors: Buyer Playbook and Next Steps,iptv for seniors,iptv for seniors guide | iptv for seniors setup | iptv for seniors tips | iptv for seniors best apps | iptv for seniors checklist,transactional,/iptv-services,/ | /trial | /shop | /iptv-services | /tutorials | /trial,Visit StreamStickPro homepage,Start 36-hour trial,View plans and devices
177,iptv-for-travelers-complete-guide,IPTV for travelers: Complete Setup Guide (2026),iptv for travelers,iptv for travelers guide | iptv for travelers setup | iptv for travelers tips | iptv for travelers best apps | iptv for travelers checklist,informational,/iptv-services,/ | /trial | /shop | /iptv-services | /resources | /trial,Visit StreamStickPro homepage,Start 36-hour trial,View plans and devices
178,iptv-for-travelers-beginner-checklist,IPTV for travelers: Beginner Checklist for Fast Setup,iptv for travelers,iptv for travelers guide | iptv for travelers setup | iptv for travelers tips | iptv for travelers best apps | iptv for travelers checklist,informational,/iptv-services,/ | /trial | /shop | /iptv-services | /resources | /trial,Visit StreamStickPro homepage,Start 36-hour trial,View plans and devices
179,iptv-for-travelers-best-app-stack,IPTV for travelers: Best App Stack and Workflow,iptv for travelers,iptv for travelers guide | iptv for travelers setup | iptv for travelers tips | iptv for travelers best apps | iptv for travelers checklist,commercial,/iptv-services,/ | /trial | /shop | /iptv-services | /resources | /trial,Visit StreamStickPro homepage,Start 36-hour trial,View plans and devices
180,iptv-for-travelers-mistakes-to-avoid,IPTV for travelers: Common Mistakes to Avoid,iptv for travelers,iptv for travelers guide | iptv for travelers setup | iptv for travelers tips | iptv for travelers best apps | iptv for travelers checklist,informational,/iptv-services,/ | /trial | /shop | /iptv-services | /resources | /trial,Visit StreamStickPro homepage,Start 36-hour trial,View plans and devices
181,iptv-for-travelers-issue-fixes,IPTV for travelers: Most Common Issues and Fixes,iptv for travelers,iptv for travelers guide | iptv for travelers setup | iptv for travelers tips | iptv for travelers best apps | iptv for travelers checklist,informational,/iptv-services,/ | /trial | /shop | /iptv-services | /resources | /trial,Visit StreamStickPro homepage,Start 36-hour trial,View plans and devices
182,iptv-for-travelers-cost-breakdown,IPTV for travelers: Real Cost Breakdown and Value,iptv for travelers,iptv for travelers guide | iptv for travelers setup | iptv for travelers tips | iptv for travelers best apps | iptv for travelers checklist,commercial,/iptv-services,/ | /trial | /shop | /iptv-services | /resources | /trial,Visit StreamStickPro homepage,Start 36-hour trial,View plans and devices
183,iptv-for-travelers-comparison,IPTV for travelers: What Works Best in 2026,iptv for travelers,iptv for travelers guide | iptv for travelers setup | iptv for travelers tips | iptv for travelers best apps | iptv for travelers checklist,commercial,/iptv-services,/ | /trial | /shop | /iptv-services | /resources | /trial,Visit StreamStickPro homepage,Start 36-hour trial,View plans and devices
184,iptv-for-travelers-buyers-playbook,IPTV for travelers: Buyer Playbook and Next Steps,iptv for travelers,iptv for travelers guide | iptv for travelers setup | iptv for travelers tips | iptv for travelers best apps | iptv for travelers checklist,transactional,/iptv-services,/ | /trial | /shop | /iptv-services | /resources | /trial,Visit StreamStickPro homepage,Start 36-hour trial,View plans and devices
185,fire-stick-vs-onn-for-iptv-complete-guide,Fire Stick vs ONN for IPTV: Complete Setup Guide (2026),fire stick vs onn for iptv,fire stick vs onn for iptv guide | fire stick vs onn for iptv setup | fire stick vs onn for iptv tips | fire stick vs onn for iptv best apps | fire stick vs onn for iptv checklist,informational,/best-iptv-firestick,/ | /trial | /shop | /best-iptv-firestick | /onn-google-tv | /iptv-services,Visit StreamStickPro homepage,Start 36-hour trial,View plans and devices
186,fire-stick-vs-onn-for-iptv-beginner-checklist,Fire Stick vs ONN for IPTV: Beginner Checklist for Fast Setup,fire stick vs onn for iptv,fire stick vs onn for iptv guide | fire stick vs onn for iptv setup | fire stick vs onn for iptv tips | fire stick vs onn for iptv best apps | fire stick vs onn for iptv checklist,informational,/best-iptv-firestick,/ | /trial | /shop | /best-iptv-firestick | /onn-google-tv | /iptv-services,Visit StreamStickPro homepage,Start 36-hour trial,View plans and devices
187,fire-stick-vs-onn-for-iptv-best-app-stack,Fire Stick vs ONN for IPTV: Best App Stack and Workflow,fire stick vs onn for iptv,fire stick vs onn for iptv guide | fire stick vs onn for iptv setup | fire stick vs onn for iptv tips | fire stick vs onn for iptv best apps | fire stick vs onn for iptv checklist,commercial,/best-iptv-firestick,/ | /trial | /shop | /best-iptv-firestick | /onn-google-tv | /iptv-services,Visit StreamStickPro homepage,Start 36-hour trial,View plans and devices
188,fire-stick-vs-onn-for-iptv-mistakes-to-avoid,Fire Stick vs ONN for IPTV: Common Mistakes to Avoid,fire stick vs onn for iptv,fire stick vs onn for iptv guide | fire stick vs onn for iptv setup | fire stick vs onn for iptv tips | fire stick vs onn for iptv best apps | fire stick vs onn for iptv checklist,informational,/best-iptv-firestick,/ | /trial | /shop | /best-iptv-firestick | /onn-google-tv | /iptv-services,Visit StreamStickPro homepage,Start 36-hour trial,View plans and devices
189,fire-stick-vs-onn-for-iptv-issue-fixes,Fire Stick vs ONN for IPTV: Most Common Issues and Fixes,fire stick vs onn for iptv,fire stick vs onn for iptv guide | fire stick vs onn for iptv setup | fire stick vs onn for iptv tips | fire stick vs onn for iptv best apps | fire stick vs onn for iptv checklist,informational,/best-iptv-firestick,/ | /trial | /shop | /best-iptv-firestick | /onn-google-tv | /iptv-services,Visit StreamStickPro homepage,Start 36-hour trial,View plans and devices
190,fire-stick-vs-onn-for-iptv-cost-breakdown,Fire Stick vs ONN for IPTV: Real Cost Breakdown and Value,fire stick vs onn for iptv,fire stick vs onn for iptv guide | fire stick vs onn for iptv setup | fire stick vs onn for iptv tips | fire stick vs onn for iptv best apps | fire stick vs onn for iptv checklist,commercial,/best-iptv-firestick,/ | /trial | /shop | /best-iptv-firestick | /onn-google-tv | /iptv-services,Visit StreamStickPro homepage,Start 36-hour trial,View plans and devices
191,fire-stick-vs-onn-for-iptv-comparison,Fire Stick vs ONN for IPTV: What Works Best in 2026,fire stick vs onn for iptv,fire stick vs onn for iptv guide | fire stick vs onn for iptv setup | fire stick vs onn for iptv tips | fire stick vs onn for iptv best apps | fire stick vs onn for iptv checklist,commercial,/best-iptv-firestick,/ | /trial | /shop | /best-iptv-firestick | /onn-google-tv | /iptv-services,Visit StreamStickPro homepage,Start 36-hour trial,View plans and devices
192,fire-stick-vs-onn-for-iptv-buyers-playbook,Fire Stick vs ONN for IPTV: Buyer Playbook and Next Steps,fire stick vs onn for iptv,fire stick vs onn for iptv guide | fire stick vs onn for iptv setup | fire stick vs onn for iptv tips | fire stick vs onn for iptv best apps | fire stick vs onn for iptv checklist,transactional,/best-iptv-firestick,/ | /trial | /shop | /best-iptv-firestick | /onn-google-tv | /iptv-services,Visit StreamStickPro homepage,Start 36-hour trial,View plans and devices
193,tivimate-vs-iptv-smarters-complete-guide,TiviMate vs IPTV Smarters: Complete Setup Guide (2026),tivimate vs iptv smarters,tivimate vs iptv smarters guide | tivimate vs iptv smarters setup | tivimate vs iptv smarters tips | tivimate vs iptv smarters best apps | tivimate vs iptv smarters checklist,informational,/iptv-media-players,/ | /trial | /shop | /iptv-media-players | /tivimate | /iptv-smarters-pro,Visit StreamStickPro homepage,Start 36-hour trial,View plans and devices
194,tivimate-vs-iptv-smarters-beginner-checklist,TiviMate vs IPTV Smarters: Beginner Checklist for Fast Setup,tivimate vs iptv smarters,tivimate vs iptv smarters guide | tivimate vs iptv smarters setup | tivimate vs iptv smarters tips | tivimate vs iptv smarters best apps | tivimate vs iptv smarters checklist,informational,/iptv-media-players,/ | /trial | /shop | /iptv-media-players | /tivimate | /iptv-smarters-pro,Visit StreamStickPro homepage,Start 36-hour trial,View plans and devices
195,tivimate-vs-iptv-smarters-best-app-stack,TiviMate vs IPTV Smarters: Best App Stack and Workflow,tivimate vs iptv smarters,tivimate vs iptv smarters guide | tivimate vs iptv smarters setup | tivimate vs iptv smarters tips | tivimate vs iptv smarters best apps | tivimate vs iptv smarters checklist,commercial,/iptv-media-players,/ | /trial | /shop | /iptv-media-players | /tivimate | /iptv-smarters-pro,Visit StreamStickPro homepage,Start 36-hour trial,View plans and devices
196,tivimate-vs-iptv-smarters-mistakes-to-avoid,TiviMate vs IPTV Smarters: Common Mistakes to Avoid,tivimate vs iptv smarters,tivimate vs iptv smarters guide | tivimate vs iptv smarters setup | tivimate vs iptv smarters tips | tivimate vs iptv smarters best apps | tivimate vs iptv smarters checklist,informational,/iptv-media-players,/ | /trial | /shop | /iptv-media-players | /tivimate | /iptv-smarters-pro,Visit StreamStickPro homepage,Start 36-hour trial,View plans and devices
197,tivimate-vs-iptv-smarters-issue-fixes,TiviMate vs IPTV Smarters: Most Common Issues and Fixes,tivimate vs iptv smarters,tivimate vs iptv smarters guide | tivimate vs iptv smarters setup | tivimate vs iptv smarters tips | tivimate vs iptv smarters best apps | tivimate vs iptv smarters checklist,informational,/iptv-media-players,/ | /trial | /shop | /iptv-media-players | /tivimate | /iptv-smarters-pro,Visit StreamStickPro homepage,Start 36-hour trial,View plans and devices
198,tivimate-vs-iptv-smarters-cost-breakdown,TiviMate vs IPTV Smarters: Real Cost Breakdown and Value,tivimate vs iptv smarters,tivimate vs iptv smarters guide | tivimate vs iptv smarters setup | tivimate vs iptv smarters tips | tivimate vs iptv smarters best apps | tivimate vs iptv smarters checklist,commercial,/iptv-media-players,/ | /trial | /shop | /iptv-media-players | /tivimate | /iptv-smarters-pro,Visit StreamStickPro homepage,Start 36-hour trial,View plans and devices
199,tivimate-vs-iptv-smarters-comparison,TiviMate vs IPTV Smarters: What Works Best in 2026,tivimate vs iptv smarters,tivimate vs iptv smarters guide | tivimate vs iptv smarters setup | tivimate vs iptv smarters tips | tivimate vs iptv smarters best apps | tivimate vs iptv smarters checklist,commercial,/iptv-media-players,/ | /trial | /shop | /iptv-media-players | /tivimate | /iptv-smarters-pro,Visit StreamStickPro homepage,Start 36-hour trial,View plans and devices
200,tivimate-vs-iptv-smarters-buyers-playbook,TiviMate vs IPTV Smarters: Buyer Playbook and Next Steps,tivimate vs iptv smarters,tivimate vs iptv smarters guide | tivimate vs iptv smarters setup | tivimate vs iptv smarters tips | tivimate vs iptv smarters best apps | tivimate vs iptv smarters checklist,transactional,/iptv-media-players,/ | /trial | /shop | /iptv-media-players | /tivimate | /iptv-smarters-pro,Visit StreamStickPro homepage,Start 36-hour trial,View plans and devices
201,iptv-on-hotel-wifi-complete-guide,IPTV on hotel WiFi: Complete Setup Guide (2026),iptv on hotel wifi,iptv on hotel wifi guide | iptv on hotel wifi setup | iptv on hotel wifi tips | iptv on hotel wifi best apps | iptv on hotel wifi checklist,informational,/resources,/ | /trial | /shop | /resources | /tutorials | /iptv-services,Visit StreamStickPro homepage,Start 36-hour trial,View plans and devices
202,iptv-on-hotel-wifi-beginner-checklist,IPTV on hotel WiFi: Beginner Checklist for Fast Setup,iptv on hotel wifi,iptv on hotel wifi guide | iptv on hotel wifi setup | iptv on hotel wifi tips | iptv on hotel wifi best apps | iptv on hotel wifi checklist,informational,/resources,/ | /trial | /shop | /resources | /tutorials | /iptv-services,Visit StreamStickPro homepage,Start 36-hour trial,View plans and devices
203,iptv-on-hotel-wifi-best-app-stack,IPTV on hotel WiFi: Best App Stack and Workflow,iptv on hotel wifi,iptv on hotel wifi guide | iptv on hotel wifi setup | iptv on hotel wifi tips | iptv on hotel wifi best apps | iptv on hotel wifi checklist,commercial,/resources,/ | /trial | /shop | /resources | /tutorials | /iptv-services,Visit StreamStickPro homepage,Start 36-hour trial,View plans and devices
204,iptv-on-hotel-wifi-mistakes-to-avoid,IPTV on hotel WiFi: Common Mistakes to Avoid,iptv on hotel wifi,iptv on hotel wifi guide | iptv on hotel wifi setup | iptv on hotel wifi tips | iptv on hotel wifi best apps | iptv on hotel wifi checklist,informational,/resources,/ | /trial | /shop | /resources | /tutorials | /iptv-services,Visit StreamStickPro homepage,Start 36-hour trial,View plans and devices
205,iptv-on-hotel-wifi-issue-fixes,IPTV on hotel WiFi: Most Common Issues and Fixes,iptv on hotel wifi,iptv on hotel wifi guide | iptv on hotel wifi setup | iptv on hotel wifi tips | iptv on hotel wifi best apps | iptv on hotel wifi checklist,informational,/resources,/ | /trial | /shop | /resources | /tutorials | /iptv-services,Visit StreamStickPro homepage,Start 36-hour trial,View plans and devices
206,iptv-on-hotel-wifi-cost-breakdown,IPTV on hotel WiFi: Real Cost Breakdown and Value,iptv on hotel wifi,iptv on hotel wifi guide | iptv on hotel wifi setup | iptv on hotel wifi tips | iptv on hotel wifi best apps | iptv on hotel wifi checklist,commercial,/resources,/ | /trial | /shop | /resources | /tutorials | /iptv-services,Visit StreamStickPro homepage,Start 36-hour trial,View plans and devices
207,iptv-on-hotel-wifi-comparison,IPTV on hotel WiFi: What Works Best in 2026,iptv on hotel wifi,iptv on hotel wifi guide | iptv on hotel wifi setup | iptv on hotel wifi tips | iptv on hotel wifi best apps | iptv on hotel wifi checklist,commercial,/resources,/ | /trial | /shop | /resources | /tutorials | /iptv-services,Visit StreamStickPro homepage,Start 36-hour trial,View plans and devices
208,iptv-on-hotel-wifi-buyers-playbook,IPTV on hotel WiFi: Buyer Playbook and Next Steps,iptv on hotel wifi,iptv on hotel wifi guide | iptv on hotel wifi setup | iptv on hotel wifi tips | iptv on hotel wifi best apps | iptv on hotel wifi checklist,transactional,/resources,/ | /trial | /shop | /resources | /tutorials | /iptv-services,Visit StreamStickPro homepage,Start 36-hour trial,View plans and devices
209,iptv-low-bandwidth-setup-complete-guide,IPTV on low bandwidth: Complete Setup Guide (2026),iptv low bandwidth setup,iptv low bandwidth setup guide | iptv low bandwidth setup setup | iptv low bandwidth setup tips | iptv low bandwidth setup best apps | iptv low bandwidth setup checklist,informational,/tutorials,/ | /trial | /shop | /tutorials | /iptv-services | /resources,Visit StreamStickPro homepage,Start 36-hour trial,View plans and devices
210,iptv-low-bandwidth-setup-beginner-checklist,IPTV on low bandwidth: Beginner Checklist for Fast Setup,iptv low bandwidth setup,iptv low bandwidth setup guide | iptv low bandwidth setup setup | iptv low bandwidth setup tips | iptv low bandwidth setup best apps | iptv low bandwidth setup checklist,informational,/tutorials,/ | /trial | /shop | /tutorials | /iptv-services | /resources,Visit StreamStickPro homepage,Start 36-hour trial,View plans and devices
211,iptv-low-bandwidth-setup-best-app-stack,IPTV on low bandwidth: Best App Stack and Workflow,iptv low bandwidth setup,iptv low bandwidth setup guide | iptv low bandwidth setup setup | iptv low bandwidth setup tips | iptv low bandwidth setup best apps | iptv low bandwidth setup checklist,commercial,/tutorials,/ | /trial | /shop | /tutorials | /iptv-services | /resources,Visit StreamStickPro homepage,Start 36-hour trial,View plans and devices
212,iptv-low-bandwidth-setup-mistakes-to-avoid,IPTV on low bandwidth: Common Mistakes to Avoid,iptv low bandwidth setup,iptv low bandwidth setup guide | iptv low bandwidth setup setup | iptv low bandwidth setup tips | iptv low bandwidth setup best apps | iptv low bandwidth setup checklist,informational,/tutorials,/ | /trial | /shop | /tutorials | /iptv-services | /resources,Visit StreamStickPro homepage,Start 36-hour trial,View plans and devices
213,iptv-low-bandwidth-setup-issue-fixes,IPTV on low bandwidth: Most Common Issues and Fixes,iptv low bandwidth setup,iptv low bandwidth setup guide | iptv low bandwidth setup setup | iptv low bandwidth setup tips | iptv low bandwidth setup best apps | iptv low bandwidth setup checklist,informational,/tutorials,/ | /trial | /shop | /tutorials | /iptv-services | /resources,Visit StreamStickPro homepage,Start 36-hour trial,View plans and devices
214,iptv-low-bandwidth-setup-cost-breakdown,IPTV on low bandwidth: Real Cost Breakdown and Value,iptv low bandwidth setup,iptv low bandwidth setup guide | iptv low bandwidth setup setup | iptv low bandwidth setup tips | iptv low bandwidth setup best apps | iptv low bandwidth setup checklist,commercial,/tutorials,/ | /trial | /shop | /tutorials | /iptv-services | /resources,Visit StreamStickPro homepage,Start 36-hour trial,View plans and devices
215,iptv-low-bandwidth-setup-comparison,IPTV on low bandwidth: What Works Best in 2026,iptv low bandwidth setup,iptv low bandwidth setup guide | iptv low bandwidth setup setup | iptv low bandwidth setup tips | iptv low bandwidth setup best apps | iptv low bandwidth setup checklist,commercial,/tutorials,/ | /trial | /shop | /tutorials | /iptv-services | /resources,Visit StreamStickPro homepage,Start 36-hour trial,View plans and devices
216,iptv-low-bandwidth-setup-buyers-playbook,IPTV on low bandwidth: Buyer Playbook and Next Steps,iptv low bandwidth setup,iptv low bandwidth setup guide | iptv low bandwidth setup setup | iptv low bandwidth setup tips | iptv low bandwidth setup best apps | iptv low bandwidth setup checklist,transactional,/tutorials,/ | /trial | /shop | /tutorials | /iptv-services | /resources,Visit StreamStickPro homepage,Start 36-hour trial,View plans and devices
217,how-to-choose-iptv-plan-complete-guide,How to pick an IPTV plan: Complete Setup Guide (2026),how to choose iptv plan,how to choose iptv plan guide | how to choose iptv plan setup | how to choose iptv plan tips | how to choose iptv plan best apps | how to choose iptv plan checklist,informational,/pricing,/ | /trial | /shop | /pricing | /iptv-services | /trial,Visit StreamStickPro homepage,Start 36-hour trial,View plans and devices
218,how-to-choose-iptv-plan-beginner-checklist,How to pick an IPTV plan: Beginner Checklist for Fast Setup,how to choose iptv plan,how to choose iptv plan guide | how to choose iptv plan setup | how to choose iptv plan tips | how to choose iptv plan best apps | how to choose iptv plan checklist,informational,/pricing,/ | /trial | /shop | /pricing | /iptv-services | /trial,Visit StreamStickPro homepage,Start 36-hour trial,View plans and devices
219,how-to-choose-iptv-plan-best-app-stack,How to pick an IPTV plan: Best App Stack and Workflow,how to choose iptv plan,how to choose iptv plan guide | how to choose iptv plan setup | how to choose iptv plan tips | how to choose iptv plan best apps | how to choose iptv plan checklist,commercial,/pricing,/ | /trial | /shop | /pricing | /iptv-services | /trial,Visit StreamStickPro homepage,Start 36-hour trial,View plans and devices
220,how-to-choose-iptv-plan-mistakes-to-avoid,How to pick an IPTV plan: Common Mistakes to Avoid,how to choose iptv plan,how to choose iptv plan guide | how to choose iptv plan setup | how to choose iptv plan tips | how to choose iptv plan best apps | how to choose iptv plan checklist,informational,/pricing,/ | /trial | /shop | /pricing | /iptv-services | /trial,Visit StreamStickPro homepage,Start 36-hour trial,View plans and devices
221,how-to-choose-iptv-plan-issue-fixes,How to pick an IPTV plan: Most Common Issues and Fixes,how to choose iptv plan,how to choose iptv plan guide | how to choose iptv plan setup | how to choose iptv plan tips | how to choose iptv plan best apps | how to choose iptv plan checklist,informational,/pricing,/ | /trial | /shop | /pricing | /iptv-services | /trial,Visit StreamStickPro homepage,Start 36-hour trial,View plans and devices
222,how-to-choose-iptv-plan-cost-breakdown,How to pick an IPTV plan: Real Cost Breakdown and Value,how to choose iptv plan,how to choose iptv plan guide | how to choose iptv plan setup | how to choose iptv plan tips | how to choose iptv plan best apps | how to choose iptv plan checklist,commercial,/pricing,/ | /trial | /shop | /pricing | /iptv-services | /trial,Visit StreamStickPro homepage,Start 36-hour trial,View plans and devices
223,how-to-choose-iptv-plan-comparison,How to pick an IPTV plan: What Works Best in 2026,how to choose iptv plan,how to choose iptv plan guide | how to choose iptv plan setup | how to choose iptv plan tips | how to choose iptv plan best apps | how to choose iptv plan checklist,commercial,/pricing,/ | /trial | /shop | /pricing | /iptv-services | /trial,Visit StreamStickPro homepage,Start 36-hour trial,View plans and devices
224,how-to-choose-iptv-plan-buyers-playbook,How to pick an IPTV plan: Buyer Playbook and Next Steps,how to choose iptv plan,how to choose iptv plan guide | how to choose iptv plan setup | how to choose iptv plan tips | how to choose iptv plan best apps | how to choose iptv plan checklist,transactional,/pricing,/ | /trial | /shop | /pricing | /iptv-services | /trial,Visit StreamStickPro homepage,Start 36-hour trial,View plans and devices
225,iptv-monthly-vs-yearly-complete-guide,IPTV monthly vs yearly plans: Complete Setup Guide (2026),iptv monthly vs yearly,iptv monthly vs yearly guide | iptv monthly vs yearly setup | iptv monthly vs yearly tips | iptv monthly vs yearly best apps | iptv monthly vs yearly checklist,informational,/pricing,/ | /trial | /shop | /pricing | /iptv-services | /shop,Visit StreamStickPro homepage,Start 36-hour trial,View plans and devices
226,iptv-monthly-vs-yearly-beginner-checklist,IPTV monthly vs yearly plans: Beginner Checklist for Fast Setup,iptv monthly vs yearly,iptv monthly vs yearly guide | iptv monthly vs yearly setup | iptv monthly vs yearly tips | iptv monthly vs yearly best apps | iptv monthly vs yearly checklist,informational,/pricing,/ | /trial | /shop | /pricing | /iptv-services | /shop,Visit StreamStickPro homepage,Start 36-hour trial,View plans and devices
227,iptv-monthly-vs-yearly-best-app-stack,IPTV monthly vs yearly plans: Best App Stack and Workflow,iptv monthly vs yearly,iptv monthly vs yearly guide | iptv monthly vs yearly setup | iptv monthly vs yearly tips | iptv monthly vs yearly best apps | iptv monthly vs yearly checklist,commercial,/pricing,/ | /trial | /shop | /pricing | /iptv-services | /shop,Visit StreamStickPro homepage,Start 36-hour trial,View plans and devices
228,iptv-monthly-vs-yearly-mistakes-to-avoid,IPTV monthly vs yearly plans: Common Mistakes to Avoid,iptv monthly vs yearly,iptv monthly vs yearly guide | iptv monthly vs yearly setup | iptv monthly vs yearly tips | iptv monthly vs yearly best apps | iptv monthly vs yearly checklist,informational,/pricing,/ | /trial | /shop | /pricing | /iptv-services | /shop,Visit StreamStickPro homepage,Start 36-hour trial,View plans and devices
229,iptv-monthly-vs-yearly-issue-fixes,IPTV monthly vs yearly plans: Most Common Issues and Fixes,iptv monthly vs yearly,iptv monthly vs yearly guide | iptv monthly vs yearly setup | iptv monthly vs yearly tips | iptv monthly vs yearly best apps | iptv monthly vs yearly checklist,informational,/pricing,/ | /trial | /shop | /pricing | /iptv-services | /shop,Visit StreamStickPro homepage,Start 36-hour trial,View plans and devices
230,iptv-monthly-vs-yearly-cost-breakdown,IPTV monthly vs yearly plans: Real Cost Breakdown and Value,iptv monthly vs yearly,iptv monthly vs yearly guide | iptv monthly vs yearly setup | iptv monthly vs yearly tips | iptv monthly vs yearly best apps | iptv monthly vs yearly checklist,commercial,/pricing,/ | /trial | /shop | /pricing | /iptv-services | /shop,Visit StreamStickPro homepage,Start 36-hour trial,View plans and devices
231,iptv-monthly-vs-yearly-comparison,IPTV monthly vs yearly plans: What Works Best in 2026,iptv monthly vs yearly,iptv monthly vs yearly guide | iptv monthly vs yearly setup | iptv monthly vs yearly tips | iptv monthly vs yearly best apps | iptv monthly vs yearly checklist,commercial,/pricing,/ | /trial | /shop | /pricing | /iptv-services | /shop,Visit StreamStickPro homepage,Start 36-hour trial,View plans and devices
232,iptv-monthly-vs-yearly-buyers-playbook,IPTV monthly vs yearly plans: Buyer Playbook and Next Steps,iptv monthly vs yearly,iptv monthly vs yearly guide | iptv monthly vs yearly setup | iptv monthly vs yearly tips | iptv monthly vs yearly best apps | iptv monthly vs yearly checklist,transactional,/pricing,/ | /trial | /shop | /pricing | /iptv-services | /shop,Visit StreamStickPro homepage,Start 36-hour trial,View plans and devices
233,new-customer-iptv-checklist-complete-guide,New customer IPTV checklist: Complete Setup Guide (2026),new customer iptv checklist,new customer iptv checklist guide | new customer iptv checklist setup | new customer iptv checklist tips | new customer iptv checklist best apps | new customer iptv checklist checklist,informational,/trial,/ | /trial | /shop | /trial | /iptv-services | /tutorials,Visit StreamStickPro homepage,Start 36-hour trial,View plans and devices
234,new-customer-iptv-checklist-beginner-checklist,New customer IPTV checklist: Beginner Checklist for Fast Setup,new customer iptv checklist,new customer iptv checklist guide | new customer iptv checklist setup | new customer iptv checklist tips | new customer iptv checklist best apps | new customer iptv checklist checklist,informational,/trial,/ | /trial | /shop | /trial | /iptv-services | /tutorials,Visit StreamStickPro homepage,Start 36-hour trial,View plans and devices
235,new-customer-iptv-checklist-best-app-stack,New customer IPTV checklist: Best App Stack and Workflow,new customer iptv checklist,new customer iptv checklist guide | new customer iptv checklist setup | new customer iptv checklist tips | new customer iptv checklist best apps | new customer iptv checklist checklist,commercial,/trial,/ | /trial | /shop | /trial | /iptv-services | /tutorials,Visit StreamStickPro homepage,Start 36-hour trial,View plans and devices
236,new-customer-iptv-checklist-mistakes-to-avoid,New customer IPTV checklist: Common Mistakes to Avoid,new customer iptv checklist,new customer iptv checklist guide | new customer iptv checklist setup | new customer iptv checklist tips | new customer iptv checklist best apps | new customer iptv checklist checklist,informational,/trial,/ | /trial | /shop | /trial | /iptv-services | /tutorials,Visit StreamStickPro homepage,Start 36-hour trial,View plans and devices
237,new-customer-iptv-checklist-issue-fixes,New customer IPTV checklist: Most Common Issues and Fixes,new customer iptv checklist,new customer iptv checklist guide | new customer iptv checklist setup | new customer iptv checklist tips | new customer iptv checklist best apps | new customer iptv checklist checklist,informational,/trial,/ | /trial | /shop | /trial | /iptv-services | /tutorials,Visit StreamStickPro homepage,Start 36-hour trial,View plans and devices
238,new-customer-iptv-checklist-cost-breakdown,New customer IPTV checklist: Real Cost Breakdown and Value,new customer iptv checklist,new customer iptv checklist guide | new customer iptv checklist setup | new customer iptv checklist tips | new customer iptv checklist best apps | new customer iptv checklist checklist,commercial,/trial,/ | /trial | /shop | /trial | /iptv-services | /tutorials,Visit StreamStickPro homepage,Start 36-hour trial,View plans and devices
239,new-customer-iptv-checklist-comparison,New customer IPTV checklist: What Works Best in 2026,new customer iptv checklist,new customer iptv checklist guide | new customer iptv checklist setup | new customer iptv checklist tips | new customer iptv checklist best apps | new customer iptv checklist checklist,commercial,/trial,/ | /trial | /shop | /trial | /iptv-services | /tutorials,Visit StreamStickPro homepage,Start 36-hour trial,View plans and devices
240,new-customer-iptv-checklist-buyers-playbook,New customer IPTV checklist: Buyer Playbook and Next Steps,new customer iptv checklist,new customer iptv checklist guide | new customer iptv checklist setup | new customer iptv checklist tips | new customer iptv checklist best apps | new customer iptv checklist checklist,transactional,/trial,/ | /trial | /shop | /trial | /iptv-services | /tutorials,Visit StreamStickPro homepage,Start 36-hour trial,View plans and devices