ad_id,campaign_type,channel,audience,angle,headline,primary_text,description,cta,keywords,notes
AD-0001,Trial-to-Paid,YouTube,Returning IPTV users,value,Skip app-hunting and start with guided setup | 24/7 support | Trial-to-Paid,Skip app-hunting and start with guided setup. 24/7 support and setup tutorials included. Fast activation and clear onboarding flow. Fast setup with clear step-by-step guidance. Built for returning iptv users with a value angle.,For IPTV subscriptions and streaming device bundles. 36-hour trial applies to subscription plans only.,See pricing and start today,"jailbroken fire stick, onn google tv, iptv subscription, fire stick streaming, streamstickpro",Keep pricing synchronized with live product data. Avoid mentioning buffering claims.
AD-0002,Referral Push,Email Retargeting,ONN Google TV users,setup simplicity,Bring your own device or choose a bundle | Referral rewards for qualified yearly purchases | Referral Push,Bring your own device or choose a bundle. Referral rewards for qualified yearly purchases. Shipping included on device bundles. Works with IPTV Smarters Pro and TiviMate. Built for onn google tv users with a setup simplicity angle.,For IPTV subscriptions and streaming device bundles. 36-hour trial applies to subscription plans only.,Claim referral rewards details,"jailbroken fire stick, onn google tv, iptv subscription, fire stick streaming, streamstickpro",Keep pricing synchronized with live product data. Avoid mentioning buffering claims.
AD-0003,Prospecting,Instagram,Lapsed subscribers,support confidence,Get premium channels without cable contracts | 1-year service included on device bundles | Prospecting,"Get premium channels without cable contracts. 1-year service included on device bundles. 1-year service included on device bundles. Built for Fire Stick HD, 4K, 4K Max, and ONN devices. Built for lapsed subscribers with a support confidence angle.",For IPTV subscriptions and streaming device bundles. 36-hour trial applies to subscription plans only.,Compare plans and device bundles,"jailbroken fire stick, onn google tv, iptv subscription, fire stick streaming, streamstickpro",Keep pricing synchronized with live product data. Avoid mentioning buffering claims.
AD-0004,Trial-to-Paid,TikTok,Families replacing cable,device compatibility,Ready in about 10 minutes | Shipping included on device bundles | Trial-to-Paid,Ready in about 10 minutes. Shipping included on device bundles. Referral rewards for qualified yearly purchases. No long contracts required for subscription plans. Built for families replacing cable with a device compatibility angle.,For IPTV subscriptions and streaming device bundles. 36-hour trial applies to subscription plans only.,Get setup support and stream tonight,"jailbroken fire stick, onn google tv, iptv subscription, fire stick streaming, streamstickpro",Keep pricing synchronized with live product data. Avoid mentioning buffering claims.
AD-0005,Referral Push,SMS Follow-up,Fire Stick users,subscription flexibility,Built for Fire Stick and ONN | Fast activation | Referral Push,Built for Fire Stick and ONN. Fast activation and clear onboarding flow. 24/7 support and setup tutorials included. Easy renewals and support when you need it. Built for fire stick users with a subscription flexibility angle.,For IPTV subscriptions and streaming device bundles. 36-hour trial applies to subscription plans only.,Reactivate your plan in minutes,"jailbroken fire stick, onn google tv, iptv subscription, fire stick streaming, streamstickpro",Keep pricing synchronized with live product data. Avoid mentioning buffering claims.
AD-0006,Prospecting,Google Search,Former trial users,speed,One app. Cleaner streaming experience | 36-hour subscription trial available | Prospecting,"One app. Cleaner streaming experience. 36-hour subscription trial available. 18,000+ live channels and 100,000+ movies & series. Built for mobile-first buying flows and quick checkout. Built for former trial users with a speed angle.",For IPTV subscriptions and streaming device bundles. 36-hour trial applies to subscription plans only.,Shop Fire Stick and ONN options,"jailbroken fire stick, onn google tv, iptv subscription, fire stick streaming, streamstickpro",Keep pricing synchronized with live product data. Avoid mentioning buffering claims.
AD-0007,Trial-to-Paid,Native Ads,Budget-conscious streamers,value,Upgrade your streaming setup | Secure Stripe checkout with card + wallet options | Trial-to-Paid,Upgrade your streaming setup. Secure Stripe checkout with card + wallet options. Secure Stripe checkout with card + wallet options. Created for first-time and returning IPTV users. Built for budget-conscious streamers with a value angle.,For IPTV subscriptions and streaming device bundles. 36-hour trial applies to subscription plans only.,Visit StreamStickPro now,"jailbroken fire stick, onn google tv, iptv subscription, fire stick streaming, streamstickpro",Keep pricing synchronized with live product data. Avoid mentioning buffering claims.
AD-0008,Referral Push,Facebook,Cord-cutters,setup simplicity,"Stop paying cable prices | 18,000+ live channels | Referral Push","Stop paying cable prices. 18,000+ live channels and 100,000+ movies & series. 36-hour subscription trial available. Trusted by thousands of streamers. Built for cord-cutters with a setup simplicity angle.",For IPTV subscriptions and streaming device bundles. 36-hour trial applies to subscription plans only.,Start your 36-hour subscription trial,"jailbroken fire stick, onn google tv, iptv subscription, fire stick streaming, streamstickpro",Keep pricing synchronized with live product data. Avoid mentioning buffering claims.
AD-0009,Prospecting,YouTube,Returning IPTV users,support confidence,Skip app-hunting and start with guided setup | 24/7 support | Prospecting,Skip app-hunting and start with guided setup. 24/7 support and setup tutorials included. Fast activation and clear onboarding flow. Fast setup with clear step-by-step guidance. Built for returning iptv users with a support confidence angle.,For IPTV subscriptions and streaming device bundles. 36-hour trial applies to subscription plans only.,See pricing and start today,"jailbroken fire stick, onn google tv, iptv subscription, fire stick streaming, streamstickpro",Keep pricing synchronized with live product data. Avoid mentioning buffering claims.
AD-0010,Trial-to-Paid,Email Retargeting,ONN Google TV users,device compatibility,Bring your own device or choose a bundle | Referral rewards for qualified yearly purchases | Trial-to-Paid,Bring your own device or choose a bundle. Referral rewards for qualified yearly purchases. Shipping included on device bundles. Works with IPTV Smarters Pro and TiviMate. Built for onn google tv users with a device compatibility angle.,For IPTV subscriptions and streaming device bundles. 36-hour trial applies to subscription plans only.,Claim referral rewards details,"jailbroken fire stick, onn google tv, iptv subscription, fire stick streaming, streamstickpro",Keep pricing synchronized with live product data. Avoid mentioning buffering claims.
AD-0011,Referral Push,Instagram,Lapsed subscribers,subscription flexibility,Get premium channels without cable contracts | 1-year service included on device bundles | Referral Push,"Get premium channels without cable contracts. 1-year service included on device bundles. 1-year service included on device bundles. Built for Fire Stick HD, 4K, 4K Max, and ONN devices. Built for lapsed subscribers with a subscription flexibility angle.",For IPTV subscriptions and streaming device bundles. 36-hour trial applies to subscription plans only.,Compare plans and device bundles,"jailbroken fire stick, onn google tv, iptv subscription, fire stick streaming, streamstickpro",Keep pricing synchronized with live product data. Avoid mentioning buffering claims.
AD-0012,Prospecting,TikTok,Families replacing cable,speed,Ready in about 10 minutes | Shipping included on device bundles | Prospecting,Ready in about 10 minutes. Shipping included on device bundles. Referral rewards for qualified yearly purchases. No long contracts required for subscription plans. Built for families replacing cable with a speed angle.,For IPTV subscriptions and streaming device bundles. 36-hour trial applies to subscription plans only.,Get setup support and stream tonight,"jailbroken fire stick, onn google tv, iptv subscription, fire stick streaming, streamstickpro",Keep pricing synchronized with live product data. Avoid mentioning buffering claims.
AD-0013,Trial-to-Paid,SMS Follow-up,Fire Stick users,value,Built for Fire Stick and ONN | Fast activation | Trial-to-Paid,Built for Fire Stick and ONN. Fast activation and clear onboarding flow. 24/7 support and setup tutorials included. Easy renewals and support when you need it. Built for fire stick users with a value angle.,For IPTV subscriptions and streaming device bundles. 36-hour trial applies to subscription plans only.,Reactivate your plan in minutes,"jailbroken fire stick, onn google tv, iptv subscription, fire stick streaming, streamstickpro",Keep pricing synchronized with live product data. Avoid mentioning buffering claims.
AD-0014,Referral Push,Google Search,Former trial users,setup simplicity,One app. Cleaner streaming experience | 36-hour subscription trial available | Referral Push,"One app. Cleaner streaming experience. 36-hour subscription trial available. 18,000+ live channels and 100,000+ movies & series. Built for mobile-first buying flows and quick checkout. Built for former trial users with a setup simplicity angle.",For IPTV subscriptions and streaming device bundles. 36-hour trial applies to subscription plans only.,Shop Fire Stick and ONN options,"jailbroken fire stick, onn google tv, iptv subscription, fire stick streaming, streamstickpro",Keep pricing synchronized with live product data. Avoid mentioning buffering claims.
AD-0015,Prospecting,Native Ads,Budget-conscious streamers,support confidence,Upgrade your streaming setup | Secure Stripe checkout with card + wallet options | Prospecting,Upgrade your streaming setup. Secure Stripe checkout with card + wallet options. Secure Stripe checkout with card + wallet options. Created for first-time and returning IPTV users. Built for budget-conscious streamers with a support confidence angle.,For IPTV subscriptions and streaming device bundles. 36-hour trial applies to subscription plans only.,Visit StreamStickPro now,"jailbroken fire stick, onn google tv, iptv subscription, fire stick streaming, streamstickpro",Keep pricing synchronized with live product data. Avoid mentioning buffering claims.
AD-0016,Trial-to-Paid,Facebook,Cord-cutters,device compatibility,"Stop paying cable prices | 18,000+ live channels | Trial-to-Paid","Stop paying cable prices. 18,000+ live channels and 100,000+ movies & series. 36-hour subscription trial available. Trusted by thousands of streamers. Built for cord-cutters with a device compatibility angle.",For IPTV subscriptions and streaming device bundles. 36-hour trial applies to subscription plans only.,Start your 36-hour subscription trial,"jailbroken fire stick, onn google tv, iptv subscription, fire stick streaming, streamstickpro",Keep pricing synchronized with live product data. Avoid mentioning buffering claims.
AD-0017,Referral Push,YouTube,Returning IPTV users,subscription flexibility,Skip app-hunting and start with guided setup | 24/7 support | Referral Push,Skip app-hunting and start with guided setup. 24/7 support and setup tutorials included. Fast activation and clear onboarding flow. Fast setup with clear step-by-step guidance. Built for returning iptv users with a subscription flexibility angle.,For IPTV subscriptions and streaming device bundles. 36-hour trial applies to subscription plans only.,See pricing and start today,"jailbroken fire stick, onn google tv, iptv subscription, fire stick streaming, streamstickpro",Keep pricing synchronized with live product data. Avoid mentioning buffering claims.
AD-0018,Prospecting,Email Retargeting,ONN Google TV users,speed,Bring your own device or choose a bundle | Referral rewards for qualified yearly purchases | Prospecting,Bring your own device or choose a bundle. Referral rewards for qualified yearly purchases. Shipping included on device bundles. Works with IPTV Smarters Pro and TiviMate. Built for onn google tv users with a speed angle.,For IPTV subscriptions and streaming device bundles. 36-hour trial applies to subscription plans only.,Claim referral rewards details,"jailbroken fire stick, onn google tv, iptv subscription, fire stick streaming, streamstickpro",Keep pricing synchronized with live product data. Avoid mentioning buffering claims.
AD-0019,Trial-to-Paid,Instagram,Lapsed subscribers,value,Get premium channels without cable contracts | 1-year service included on device bundles | Trial-to-Paid,"Get premium channels without cable contracts. 1-year service included on device bundles. 1-year service included on device bundles. Built for Fire Stick HD, 4K, 4K Max, and ONN devices. Built for lapsed subscribers with a value angle.",For IPTV subscriptions and streaming device bundles. 36-hour trial applies to subscription plans only.,Compare plans and device bundles,"jailbroken fire stick, onn google tv, iptv subscription, fire stick streaming, streamstickpro",Keep pricing synchronized with live product data. Avoid mentioning buffering claims.
AD-0020,Referral Push,TikTok,Families replacing cable,setup simplicity,Ready in about 10 minutes | Shipping included on device bundles | Referral Push,Ready in about 10 minutes. Shipping included on device bundles. Referral rewards for qualified yearly purchases. No long contracts required for subscription plans. Built for families replacing cable with a setup simplicity angle.,For IPTV subscriptions and streaming device bundles. 36-hour trial applies to subscription plans only.,Get setup support and stream tonight,"jailbroken fire stick, onn google tv, iptv subscription, fire stick streaming, streamstickpro",Keep pricing synchronized with live product data. Avoid mentioning buffering claims.
AD-0021,Prospecting,SMS Follow-up,Fire Stick users,support confidence,Built for Fire Stick and ONN | Fast activation | Prospecting,Built for Fire Stick and ONN. Fast activation and clear onboarding flow. 24/7 support and setup tutorials included. Easy renewals and support when you need it. Built for fire stick users with a support confidence angle.,For IPTV subscriptions and streaming device bundles. 36-hour trial applies to subscription plans only.,Reactivate your plan in minutes,"jailbroken fire stick, onn google tv, iptv subscription, fire stick streaming, streamstickpro",Keep pricing synchronized with live product data. Avoid mentioning buffering claims.
AD-0022,Trial-to-Paid,Google Search,Former trial users,device compatibility,One app. Cleaner streaming experience | 36-hour subscription trial available | Trial-to-Paid,"One app. Cleaner streaming experience. 36-hour subscription trial available. 18,000+ live channels and 100,000+ movies & series. Built for mobile-first buying flows and quick checkout. Built for former trial users with a device compatibility angle.",For IPTV subscriptions and streaming device bundles. 36-hour trial applies to subscription plans only.,Shop Fire Stick and ONN options,"jailbroken fire stick, onn google tv, iptv subscription, fire stick streaming, streamstickpro",Keep pricing synchronized with live product data. Avoid mentioning buffering claims.
AD-0023,Referral Push,Native Ads,Budget-conscious streamers,subscription flexibility,Upgrade your streaming setup | Secure Stripe checkout with card + wallet options | Referral Push,Upgrade your streaming setup. Secure Stripe checkout with card + wallet options. Secure Stripe checkout with card + wallet options. Created for first-time and returning IPTV users. Built for budget-conscious streamers with a subscription flexibility angle.,For IPTV subscriptions and streaming device bundles. 36-hour trial applies to subscription plans only.,Visit StreamStickPro now,"jailbroken fire stick, onn google tv, iptv subscription, fire stick streaming, streamstickpro",Keep pricing synchronized with live product data. Avoid mentioning buffering claims.
AD-0024,Prospecting,Facebook,Cord-cutters,speed,"Stop paying cable prices | 18,000+ live channels | Prospecting","Stop paying cable prices. 18,000+ live channels and 100,000+ movies & series. 36-hour subscription trial available. Trusted by thousands of streamers. Built for cord-cutters with a speed angle.",For IPTV subscriptions and streaming device bundles. 36-hour trial applies to subscription plans only.,Start your 36-hour subscription trial,"jailbroken fire stick, onn google tv, iptv subscription, fire stick streaming, streamstickpro",Keep pricing synchronized with live product data. Avoid mentioning buffering claims.
AD-0025,Trial-to-Paid,YouTube,Returning IPTV users,value,Skip app-hunting and start with guided setup | 24/7 support | Trial-to-Paid,Skip app-hunting and start with guided setup. 24/7 support and setup tutorials included. Fast activation and clear onboarding flow. Fast setup with clear step-by-step guidance. Built for returning iptv users with a value angle.,For IPTV subscriptions and streaming device bundles. 36-hour trial applies to subscription plans only.,See pricing and start today,"jailbroken fire stick, onn google tv, iptv subscription, fire stick streaming, streamstickpro",Keep pricing synchronized with live product data. Avoid mentioning buffering claims.
AD-0026,Referral Push,Email Retargeting,ONN Google TV users,setup simplicity,Bring your own device or choose a bundle | Referral rewards for qualified yearly purchases | Referral Push,Bring your own device or choose a bundle. Referral rewards for qualified yearly purchases. Shipping included on device bundles. Works with IPTV Smarters Pro and TiviMate. Built for onn google tv users with a setup simplicity angle.,For IPTV subscriptions and streaming device bundles. 36-hour trial applies to subscription plans only.,Claim referral rewards details,"jailbroken fire stick, onn google tv, iptv subscription, fire stick streaming, streamstickpro",Keep pricing synchronized with live product data. Avoid mentioning buffering claims.
AD-0027,Prospecting,Instagram,Lapsed subscribers,support confidence,Get premium channels without cable contracts | 1-year service included on device bundles | Prospecting,"Get premium channels without cable contracts. 1-year service included on device bundles. 1-year service included on device bundles. Built for Fire Stick HD, 4K, 4K Max, and ONN devices. Built for lapsed subscribers with a support confidence angle.",For IPTV subscriptions and streaming device bundles. 36-hour trial applies to subscription plans only.,Compare plans and device bundles,"jailbroken fire stick, onn google tv, iptv subscription, fire stick streaming, streamstickpro",Keep pricing synchronized with live product data. Avoid mentioning buffering claims.
AD-0028,Trial-to-Paid,TikTok,Families replacing cable,device compatibility,Ready in about 10 minutes | Shipping included on device bundles | Trial-to-Paid,Ready in about 10 minutes. Shipping included on device bundles. Referral rewards for qualified yearly purchases. No long contracts required for subscription plans. Built for families replacing cable with a device compatibility angle.,For IPTV subscriptions and streaming device bundles. 36-hour trial applies to subscription plans only.,Get setup support and stream tonight,"jailbroken fire stick, onn google tv, iptv subscription, fire stick streaming, streamstickpro",Keep pricing synchronized with live product data. Avoid mentioning buffering claims.
AD-0029,Referral Push,SMS Follow-up,Fire Stick users,subscription flexibility,Built for Fire Stick and ONN | Fast activation | Referral Push,Built for Fire Stick and ONN. Fast activation and clear onboarding flow. 24/7 support and setup tutorials included. Easy renewals and support when you need it. Built for fire stick users with a subscription flexibility angle.,For IPTV subscriptions and streaming device bundles. 36-hour trial applies to subscription plans only.,Reactivate your plan in minutes,"jailbroken fire stick, onn google tv, iptv subscription, fire stick streaming, streamstickpro",Keep pricing synchronized with live product data. Avoid mentioning buffering claims.
AD-0030,Prospecting,Google Search,Former trial users,speed,One app. Cleaner streaming experience | 36-hour subscription trial available | Prospecting,"One app. Cleaner streaming experience. 36-hour subscription trial available. 18,000+ live channels and 100,000+ movies & series. Built for mobile-first buying flows and quick checkout. Built for former trial users with a speed angle.",For IPTV subscriptions and streaming device bundles. 36-hour trial applies to subscription plans only.,Shop Fire Stick and ONN options,"jailbroken fire stick, onn google tv, iptv subscription, fire stick streaming, streamstickpro",Keep pricing synchronized with live product data. Avoid mentioning buffering claims.
AD-0031,Trial-to-Paid,Native Ads,Budget-conscious streamers,value,Upgrade your streaming setup | Secure Stripe checkout with card + wallet options | Trial-to-Paid,Upgrade your streaming setup. Secure Stripe checkout with card + wallet options. Secure Stripe checkout with card + wallet options. Created for first-time and returning IPTV users. Built for budget-conscious streamers with a value angle.,For IPTV subscriptions and streaming device bundles. 36-hour trial applies to subscription plans only.,Visit StreamStickPro now,"jailbroken fire stick, onn google tv, iptv subscription, fire stick streaming, streamstickpro",Keep pricing synchronized with live product data. Avoid mentioning buffering claims.
AD-0032,Referral Push,Facebook,Cord-cutters,setup simplicity,"Stop paying cable prices | 18,000+ live channels | Referral Push","Stop paying cable prices. 18,000+ live channels and 100,000+ movies & series. 36-hour subscription trial available. Trusted by thousands of streamers. Built for cord-cutters with a setup simplicity angle.",For IPTV subscriptions and streaming device bundles. 36-hour trial applies to subscription plans only.,Start your 36-hour subscription trial,"jailbroken fire stick, onn google tv, iptv subscription, fire stick streaming, streamstickpro",Keep pricing synchronized with live product data. Avoid mentioning buffering claims.
AD-0033,Prospecting,YouTube,Returning IPTV users,support confidence,Skip app-hunting and start with guided setup | 24/7 support | Prospecting,Skip app-hunting and start with guided setup. 24/7 support and setup tutorials included. Fast activation and clear onboarding flow. Fast setup with clear step-by-step guidance. Built for returning iptv users with a support confidence angle.,For IPTV subscriptions and streaming device bundles. 36-hour trial applies to subscription plans only.,See pricing and start today,"jailbroken fire stick, onn google tv, iptv subscription, fire stick streaming, streamstickpro",Keep pricing synchronized with live product data. Avoid mentioning buffering claims.
AD-0034,Trial-to-Paid,Email Retargeting,ONN Google TV users,device compatibility,Bring your own device or choose a bundle | Referral rewards for qualified yearly purchases | Trial-to-Paid,Bring your own device or choose a bundle. Referral rewards for qualified yearly purchases. Shipping included on device bundles. Works with IPTV Smarters Pro and TiviMate. Built for onn google tv users with a device compatibility angle.,For IPTV subscriptions and streaming device bundles. 36-hour trial applies to subscription plans only.,Claim referral rewards details,"jailbroken fire stick, onn google tv, iptv subscription, fire stick streaming, streamstickpro",Keep pricing synchronized with live product data. Avoid mentioning buffering claims.
AD-0035,Referral Push,Instagram,Lapsed subscribers,subscription flexibility,Get premium channels without cable contracts | 1-year service included on device bundles | Referral Push,"Get premium channels without cable contracts. 1-year service included on device bundles. 1-year service included on device bundles. Built for Fire Stick HD, 4K, 4K Max, and ONN devices. Built for lapsed subscribers with a subscription flexibility angle.",For IPTV subscriptions and streaming device bundles. 36-hour trial applies to subscription plans only.,Compare plans and device bundles,"jailbroken fire stick, onn google tv, iptv subscription, fire stick streaming, streamstickpro",Keep pricing synchronized with live product data. Avoid mentioning buffering claims.
AD-0036,Prospecting,TikTok,Families replacing cable,speed,Ready in about 10 minutes | Shipping included on device bundles | Prospecting,Ready in about 10 minutes. Shipping included on device bundles. Referral rewards for qualified yearly purchases. No long contracts required for subscription plans. Built for families replacing cable with a speed angle.,For IPTV subscriptions and streaming device bundles. 36-hour trial applies to subscription plans only.,Get setup support and stream tonight,"jailbroken fire stick, onn google tv, iptv subscription, fire stick streaming, streamstickpro",Keep pricing synchronized with live product data. Avoid mentioning buffering claims.
AD-0037,Trial-to-Paid,SMS Follow-up,Fire Stick users,value,Built for Fire Stick and ONN | Fast activation | Trial-to-Paid,Built for Fire Stick and ONN. Fast activation and clear onboarding flow. 24/7 support and setup tutorials included. Easy renewals and support when you need it. Built for fire stick users with a value angle.,For IPTV subscriptions and streaming device bundles. 36-hour trial applies to subscription plans only.,Reactivate your plan in minutes,"jailbroken fire stick, onn google tv, iptv subscription, fire stick streaming, streamstickpro",Keep pricing synchronized with live product data. Avoid mentioning buffering claims.
AD-0038,Referral Push,Google Search,Former trial users,setup simplicity,One app. Cleaner streaming experience | 36-hour subscription trial available | Referral Push,"One app. Cleaner streaming experience. 36-hour subscription trial available. 18,000+ live channels and 100,000+ movies & series. Built for mobile-first buying flows and quick checkout. Built for former trial users with a setup simplicity angle.",For IPTV subscriptions and streaming device bundles. 36-hour trial applies to subscription plans only.,Shop Fire Stick and ONN options,"jailbroken fire stick, onn google tv, iptv subscription, fire stick streaming, streamstickpro",Keep pricing synchronized with live product data. Avoid mentioning buffering claims.
AD-0039,Prospecting,Native Ads,Budget-conscious streamers,support confidence,Upgrade your streaming setup | Secure Stripe checkout with card + wallet options | Prospecting,Upgrade your streaming setup. Secure Stripe checkout with card + wallet options. Secure Stripe checkout with card + wallet options. Created for first-time and returning IPTV users. Built for budget-conscious streamers with a support confidence angle.,For IPTV subscriptions and streaming device bundles. 36-hour trial applies to subscription plans only.,Visit StreamStickPro now,"jailbroken fire stick, onn google tv, iptv subscription, fire stick streaming, streamstickpro",Keep pricing synchronized with live product data. Avoid mentioning buffering claims.
AD-0040,Trial-to-Paid,Facebook,Cord-cutters,device compatibility,"Stop paying cable prices | 18,000+ live channels | Trial-to-Paid","Stop paying cable prices. 18,000+ live channels and 100,000+ movies & series. 36-hour subscription trial available. Trusted by thousands of streamers. Built for cord-cutters with a device compatibility angle.",For IPTV subscriptions and streaming device bundles. 36-hour trial applies to subscription plans only.,Start your 36-hour subscription trial,"jailbroken fire stick, onn google tv, iptv subscription, fire stick streaming, streamstickpro",Keep pricing synchronized with live product data. Avoid mentioning buffering claims.
AD-0041,Referral Push,YouTube,Returning IPTV users,subscription flexibility,Skip app-hunting and start with guided setup | 24/7 support | Referral Push,Skip app-hunting and start with guided setup. 24/7 support and setup tutorials included. Fast activation and clear onboarding flow. Fast setup with clear step-by-step guidance. Built for returning iptv users with a subscription flexibility angle.,For IPTV subscriptions and streaming device bundles. 36-hour trial applies to subscription plans only.,See pricing and start today,"jailbroken fire stick, onn google tv, iptv subscription, fire stick streaming, streamstickpro",Keep pricing synchronized with live product data. Avoid mentioning buffering claims.
AD-0042,Prospecting,Email Retargeting,ONN Google TV users,speed,Bring your own device or choose a bundle | Referral rewards for qualified yearly purchases | Prospecting,Bring your own device or choose a bundle. Referral rewards for qualified yearly purchases. Shipping included on device bundles. Works with IPTV Smarters Pro and TiviMate. Built for onn google tv users with a speed angle.,For IPTV subscriptions and streaming device bundles. 36-hour trial applies to subscription plans only.,Claim referral rewards details,"jailbroken fire stick, onn google tv, iptv subscription, fire stick streaming, streamstickpro",Keep pricing synchronized with live product data. Avoid mentioning buffering claims.
AD-0043,Trial-to-Paid,Instagram,Lapsed subscribers,value,Get premium channels without cable contracts | 1-year service included on device bundles | Trial-to-Paid,"Get premium channels without cable contracts. 1-year service included on device bundles. 1-year service included on device bundles. Built for Fire Stick HD, 4K, 4K Max, and ONN devices. Built for lapsed subscribers with a value angle.",For IPTV subscriptions and streaming device bundles. 36-hour trial applies to subscription plans only.,Compare plans and device bundles,"jailbroken fire stick, onn google tv, iptv subscription, fire stick streaming, streamstickpro",Keep pricing synchronized with live product data. Avoid mentioning buffering claims.
AD-0044,Referral Push,TikTok,Families replacing cable,setup simplicity,Ready in about 10 minutes | Shipping included on device bundles | Referral Push,Ready in about 10 minutes. Shipping included on device bundles. Referral rewards for qualified yearly purchases. No long contracts required for subscription plans. Built for families replacing cable with a setup simplicity angle.,For IPTV subscriptions and streaming device bundles. 36-hour trial applies to subscription plans only.,Get setup support and stream tonight,"jailbroken fire stick, onn google tv, iptv subscription, fire stick streaming, streamstickpro",Keep pricing synchronized with live product data. Avoid mentioning buffering claims.
AD-0045,Prospecting,SMS Follow-up,Fire Stick users,support confidence,Built for Fire Stick and ONN | Fast activation | Prospecting,Built for Fire Stick and ONN. Fast activation and clear onboarding flow. 24/7 support and setup tutorials included. Easy renewals and support when you need it. Built for fire stick users with a support confidence angle.,For IPTV subscriptions and streaming device bundles. 36-hour trial applies to subscription plans only.,Reactivate your plan in minutes,"jailbroken fire stick, onn google tv, iptv subscription, fire stick streaming, streamstickpro",Keep pricing synchronized with live product data. Avoid mentioning buffering claims.
AD-0046,Trial-to-Paid,Google Search,Former trial users,device compatibility,One app. Cleaner streaming experience | 36-hour subscription trial available | Trial-to-Paid,"One app. Cleaner streaming experience. 36-hour subscription trial available. 18,000+ live channels and 100,000+ movies & series. Built for mobile-first buying flows and quick checkout. Built for former trial users with a device compatibility angle.",For IPTV subscriptions and streaming device bundles. 36-hour trial applies to subscription plans only.,Shop Fire Stick and ONN options,"jailbroken fire stick, onn google tv, iptv subscription, fire stick streaming, streamstickpro",Keep pricing synchronized with live product data. Avoid mentioning buffering claims.
AD-0047,Referral Push,Native Ads,Budget-conscious streamers,subscription flexibility,Upgrade your streaming setup | Secure Stripe checkout with card + wallet options | Referral Push,Upgrade your streaming setup. Secure Stripe checkout with card + wallet options. Secure Stripe checkout with card + wallet options. Created for first-time and returning IPTV users. Built for budget-conscious streamers with a subscription flexibility angle.,For IPTV subscriptions and streaming device bundles. 36-hour trial applies to subscription plans only.,Visit StreamStickPro now,"jailbroken fire stick, onn google tv, iptv subscription, fire stick streaming, streamstickpro",Keep pricing synchronized with live product data. Avoid mentioning buffering claims.
AD-0048,Prospecting,Facebook,Cord-cutters,speed,"Stop paying cable prices | 18,000+ live channels | Prospecting","Stop paying cable prices. 18,000+ live channels and 100,000+ movies & series. 36-hour subscription trial available. Trusted by thousands of streamers. Built for cord-cutters with a speed angle.",For IPTV subscriptions and streaming device bundles. 36-hour trial applies to subscription plans only.,Start your 36-hour subscription trial,"jailbroken fire stick, onn google tv, iptv subscription, fire stick streaming, streamstickpro",Keep pricing synchronized with live product data. Avoid mentioning buffering claims.
AD-0049,Trial-to-Paid,YouTube,Returning IPTV users,value,Skip app-hunting and start with guided setup | 24/7 support | Trial-to-Paid,Skip app-hunting and start with guided setup. 24/7 support and setup tutorials included. Fast activation and clear onboarding flow. Fast setup with clear step-by-step guidance. Built for returning iptv users with a value angle.,For IPTV subscriptions and streaming device bundles. 36-hour trial applies to subscription plans only.,See pricing and start today,"jailbroken fire stick, onn google tv, iptv subscription, fire stick streaming, streamstickpro",Keep pricing synchronized with live product data. Avoid mentioning buffering claims.
AD-0050,Referral Push,Email Retargeting,ONN Google TV users,setup simplicity,Bring your own device or choose a bundle | Referral rewards for qualified yearly purchases | Referral Push,Bring your own device or choose a bundle. Referral rewards for qualified yearly purchases. Shipping included on device bundles. Works with IPTV Smarters Pro and TiviMate. Built for onn google tv users with a setup simplicity angle.,For IPTV subscriptions and streaming device bundles. 36-hour trial applies to subscription plans only.,Claim referral rewards details,"jailbroken fire stick, onn google tv, iptv subscription, fire stick streaming, streamstickpro",Keep pricing synchronized with live product data. Avoid mentioning buffering claims.
AD-0051,Prospecting,Instagram,Lapsed subscribers,support confidence,Get premium channels without cable contracts | 1-year service included on device bundles | Prospecting,"Get premium channels without cable contracts. 1-year service included on device bundles. 1-year service included on device bundles. Built for Fire Stick HD, 4K, 4K Max, and ONN devices. Built for lapsed subscribers with a support confidence angle.",For IPTV subscriptions and streaming device bundles. 36-hour trial applies to subscription plans only.,Compare plans and device bundles,"jailbroken fire stick, onn google tv, iptv subscription, fire stick streaming, streamstickpro",Keep pricing synchronized with live product data. Avoid mentioning buffering claims.
AD-0052,Trial-to-Paid,TikTok,Families replacing cable,device compatibility,Ready in about 10 minutes | Shipping included on device bundles | Trial-to-Paid,Ready in about 10 minutes. Shipping included on device bundles. Referral rewards for qualified yearly purchases. No long contracts required for subscription plans. Built for families replacing cable with a device compatibility angle.,For IPTV subscriptions and streaming device bundles. 36-hour trial applies to subscription plans only.,Get setup support and stream tonight,"jailbroken fire stick, onn google tv, iptv subscription, fire stick streaming, streamstickpro",Keep pricing synchronized with live product data. Avoid mentioning buffering claims.
AD-0053,Referral Push,SMS Follow-up,Fire Stick users,subscription flexibility,Built for Fire Stick and ONN | Fast activation | Referral Push,Built for Fire Stick and ONN. Fast activation and clear onboarding flow. 24/7 support and setup tutorials included. Easy renewals and support when you need it. Built for fire stick users with a subscription flexibility angle.,For IPTV subscriptions and streaming device bundles. 36-hour trial applies to subscription plans only.,Reactivate your plan in minutes,"jailbroken fire stick, onn google tv, iptv subscription, fire stick streaming, streamstickpro",Keep pricing synchronized with live product data. Avoid mentioning buffering claims.
AD-0054,Prospecting,Google Search,Former trial users,speed,One app. Cleaner streaming experience | 36-hour subscription trial available | Prospecting,"One app. Cleaner streaming experience. 36-hour subscription trial available. 18,000+ live channels and 100,000+ movies & series. Built for mobile-first buying flows and quick checkout. Built for former trial users with a speed angle.",For IPTV subscriptions and streaming device bundles. 36-hour trial applies to subscription plans only.,Shop Fire Stick and ONN options,"jailbroken fire stick, onn google tv, iptv subscription, fire stick streaming, streamstickpro",Keep pricing synchronized with live product data. Avoid mentioning buffering claims.
AD-0055,Trial-to-Paid,Native Ads,Budget-conscious streamers,value,Upgrade your streaming setup | Secure Stripe checkout with card + wallet options | Trial-to-Paid,Upgrade your streaming setup. Secure Stripe checkout with card + wallet options. Secure Stripe checkout with card + wallet options. Created for first-time and returning IPTV users. Built for budget-conscious streamers with a value angle.,For IPTV subscriptions and streaming device bundles. 36-hour trial applies to subscription plans only.,Visit StreamStickPro now,"jailbroken fire stick, onn google tv, iptv subscription, fire stick streaming, streamstickpro",Keep pricing synchronized with live product data. Avoid mentioning buffering claims.
AD-0056,Referral Push,Facebook,Cord-cutters,setup simplicity,"Stop paying cable prices | 18,000+ live channels | Referral Push","Stop paying cable prices. 18,000+ live channels and 100,000+ movies & series. 36-hour subscription trial available. Trusted by thousands of streamers. Built for cord-cutters with a setup simplicity angle.",For IPTV subscriptions and streaming device bundles. 36-hour trial applies to subscription plans only.,Start your 36-hour subscription trial,"jailbroken fire stick, onn google tv, iptv subscription, fire stick streaming, streamstickpro",Keep pricing synchronized with live product data. Avoid mentioning buffering claims.
AD-0057,Prospecting,YouTube,Returning IPTV users,support confidence,Skip app-hunting and start with guided setup | 24/7 support | Prospecting,Skip app-hunting and start with guided setup. 24/7 support and setup tutorials included. Fast activation and clear onboarding flow. Fast setup with clear step-by-step guidance. Built for returning iptv users with a support confidence angle.,For IPTV subscriptions and streaming device bundles. 36-hour trial applies to subscription plans only.,See pricing and start today,"jailbroken fire stick, onn google tv, iptv subscription, fire stick streaming, streamstickpro",Keep pricing synchronized with live product data. Avoid mentioning buffering claims.
AD-0058,Trial-to-Paid,Email Retargeting,ONN Google TV users,device compatibility,Bring your own device or choose a bundle | Referral rewards for qualified yearly purchases | Trial-to-Paid,Bring your own device or choose a bundle. Referral rewards for qualified yearly purchases. Shipping included on device bundles. Works with IPTV Smarters Pro and TiviMate. Built for onn google tv users with a device compatibility angle.,For IPTV subscriptions and streaming device bundles. 36-hour trial applies to subscription plans only.,Claim referral rewards details,"jailbroken fire stick, onn google tv, iptv subscription, fire stick streaming, streamstickpro",Keep pricing synchronized with live product data. Avoid mentioning buffering claims.
AD-0059,Referral Push,Instagram,Lapsed subscribers,subscription flexibility,Get premium channels without cable contracts | 1-year service included on device bundles | Referral Push,"Get premium channels without cable contracts. 1-year service included on device bundles. 1-year service included on device bundles. Built for Fire Stick HD, 4K, 4K Max, and ONN devices. Built for lapsed subscribers with a subscription flexibility angle.",For IPTV subscriptions and streaming device bundles. 36-hour trial applies to subscription plans only.,Compare plans and device bundles,"jailbroken fire stick, onn google tv, iptv subscription, fire stick streaming, streamstickpro",Keep pricing synchronized with live product data. Avoid mentioning buffering claims.
AD-0060,Prospecting,TikTok,Families replacing cable,speed,Ready in about 10 minutes | Shipping included on device bundles | Prospecting,Ready in about 10 minutes. Shipping included on device bundles. Referral rewards for qualified yearly purchases. No long contracts required for subscription plans. Built for families replacing cable with a speed angle.,For IPTV subscriptions and streaming device bundles. 36-hour trial applies to subscription plans only.,Get setup support and stream tonight,"jailbroken fire stick, onn google tv, iptv subscription, fire stick streaming, streamstickpro",Keep pricing synchronized with live product data. Avoid mentioning buffering claims.
AD-0061,Trial-to-Paid,SMS Follow-up,Fire Stick users,value,Built for Fire Stick and ONN | Fast activation | Trial-to-Paid,Built for Fire Stick and ONN. Fast activation and clear onboarding flow. 24/7 support and setup tutorials included. Easy renewals and support when you need it. Built for fire stick users with a value angle.,For IPTV subscriptions and streaming device bundles. 36-hour trial applies to subscription plans only.,Reactivate your plan in minutes,"jailbroken fire stick, onn google tv, iptv subscription, fire stick streaming, streamstickpro",Keep pricing synchronized with live product data. Avoid mentioning buffering claims.
AD-0062,Referral Push,Google Search,Former trial users,setup simplicity,One app. Cleaner streaming experience | 36-hour subscription trial available | Referral Push,"One app. Cleaner streaming experience. 36-hour subscription trial available. 18,000+ live channels and 100,000+ movies & series. Built for mobile-first buying flows and quick checkout. Built for former trial users with a setup simplicity angle.",For IPTV subscriptions and streaming device bundles. 36-hour trial applies to subscription plans only.,Shop Fire Stick and ONN options,"jailbroken fire stick, onn google tv, iptv subscription, fire stick streaming, streamstickpro",Keep pricing synchronized with live product data. Avoid mentioning buffering claims.
AD-0063,Prospecting,Native Ads,Budget-conscious streamers,support confidence,Upgrade your streaming setup | Secure Stripe checkout with card + wallet options | Prospecting,Upgrade your streaming setup. Secure Stripe checkout with card + wallet options. Secure Stripe checkout with card + wallet options. Created for first-time and returning IPTV users. Built for budget-conscious streamers with a support confidence angle.,For IPTV subscriptions and streaming device bundles. 36-hour trial applies to subscription plans only.,Visit StreamStickPro now,"jailbroken fire stick, onn google tv, iptv subscription, fire stick streaming, streamstickpro",Keep pricing synchronized with live product data. Avoid mentioning buffering claims.
AD-0064,Trial-to-Paid,Facebook,Cord-cutters,device compatibility,"Stop paying cable prices | 18,000+ live channels | Trial-to-Paid","Stop paying cable prices. 18,000+ live channels and 100,000+ movies & series. 36-hour subscription trial available. Trusted by thousands of streamers. Built for cord-cutters with a device compatibility angle.",For IPTV subscriptions and streaming device bundles. 36-hour trial applies to subscription plans only.,Start your 36-hour subscription trial,"jailbroken fire stick, onn google tv, iptv subscription, fire stick streaming, streamstickpro",Keep pricing synchronized with live product data. Avoid mentioning buffering claims.
AD-0065,Referral Push,YouTube,Returning IPTV users,subscription flexibility,Skip app-hunting and start with guided setup | 24/7 support | Referral Push,Skip app-hunting and start with guided setup. 24/7 support and setup tutorials included. Fast activation and clear onboarding flow. Fast setup with clear step-by-step guidance. Built for returning iptv users with a subscription flexibility angle.,For IPTV subscriptions and streaming device bundles. 36-hour trial applies to subscription plans only.,See pricing and start today,"jailbroken fire stick, onn google tv, iptv subscription, fire stick streaming, streamstickpro",Keep pricing synchronized with live product data. Avoid mentioning buffering claims.
AD-0066,Prospecting,Email Retargeting,ONN Google TV users,speed,Bring your own device or choose a bundle | Referral rewards for qualified yearly purchases | Prospecting,Bring your own device or choose a bundle. Referral rewards for qualified yearly purchases. Shipping included on device bundles. Works with IPTV Smarters Pro and TiviMate. Built for onn google tv users with a speed angle.,For IPTV subscriptions and streaming device bundles. 36-hour trial applies to subscription plans only.,Claim referral rewards details,"jailbroken fire stick, onn google tv, iptv subscription, fire stick streaming, streamstickpro",Keep pricing synchronized with live product data. Avoid mentioning buffering claims.
AD-0067,Trial-to-Paid,Instagram,Lapsed subscribers,value,Get premium channels without cable contracts | 1-year service included on device bundles | Trial-to-Paid,"Get premium channels without cable contracts. 1-year service included on device bundles. 1-year service included on device bundles. Built for Fire Stick HD, 4K, 4K Max, and ONN devices. Built for lapsed subscribers with a value angle.",For IPTV subscriptions and streaming device bundles. 36-hour trial applies to subscription plans only.,Compare plans and device bundles,"jailbroken fire stick, onn google tv, iptv subscription, fire stick streaming, streamstickpro",Keep pricing synchronized with live product data. Avoid mentioning buffering claims.
AD-0068,Referral Push,TikTok,Families replacing cable,setup simplicity,Ready in about 10 minutes | Shipping included on device bundles | Referral Push,Ready in about 10 minutes. Shipping included on device bundles. Referral rewards for qualified yearly purchases. No long contracts required for subscription plans. Built for families replacing cable with a setup simplicity angle.,For IPTV subscriptions and streaming device bundles. 36-hour trial applies to subscription plans only.,Get setup support and stream tonight,"jailbroken fire stick, onn google tv, iptv subscription, fire stick streaming, streamstickpro",Keep pricing synchronized with live product data. Avoid mentioning buffering claims.
AD-0069,Prospecting,SMS Follow-up,Fire Stick users,support confidence,Built for Fire Stick and ONN | Fast activation | Prospecting,Built for Fire Stick and ONN. Fast activation and clear onboarding flow. 24/7 support and setup tutorials included. Easy renewals and support when you need it. Built for fire stick users with a support confidence angle.,For IPTV subscriptions and streaming device bundles. 36-hour trial applies to subscription plans only.,Reactivate your plan in minutes,"jailbroken fire stick, onn google tv, iptv subscription, fire stick streaming, streamstickpro",Keep pricing synchronized with live product data. Avoid mentioning buffering claims.
AD-0070,Trial-to-Paid,Google Search,Former trial users,device compatibility,One app. Cleaner streaming experience | 36-hour subscription trial available | Trial-to-Paid,"One app. Cleaner streaming experience. 36-hour subscription trial available. 18,000+ live channels and 100,000+ movies & series. Built for mobile-first buying flows and quick checkout. Built for former trial users with a device compatibility angle.",For IPTV subscriptions and streaming device bundles. 36-hour trial applies to subscription plans only.,Shop Fire Stick and ONN options,"jailbroken fire stick, onn google tv, iptv subscription, fire stick streaming, streamstickpro",Keep pricing synchronized with live product data. Avoid mentioning buffering claims.
AD-0071,Referral Push,Native Ads,Budget-conscious streamers,subscription flexibility,Upgrade your streaming setup | Secure Stripe checkout with card + wallet options | Referral Push,Upgrade your streaming setup. Secure Stripe checkout with card + wallet options. Secure Stripe checkout with card + wallet options. Created for first-time and returning IPTV users. Built for budget-conscious streamers with a subscription flexibility angle.,For IPTV subscriptions and streaming device bundles. 36-hour trial applies to subscription plans only.,Visit StreamStickPro now,"jailbroken fire stick, onn google tv, iptv subscription, fire stick streaming, streamstickpro",Keep pricing synchronized with live product data. Avoid mentioning buffering claims.
AD-0072,Prospecting,Facebook,Cord-cutters,speed,"Stop paying cable prices | 18,000+ live channels | Prospecting","Stop paying cable prices. 18,000+ live channels and 100,000+ movies & series. 36-hour subscription trial available. Trusted by thousands of streamers. Built for cord-cutters with a speed angle.",For IPTV subscriptions and streaming device bundles. 36-hour trial applies to subscription plans only.,Start your 36-hour subscription trial,"jailbroken fire stick, onn google tv, iptv subscription, fire stick streaming, streamstickpro",Keep pricing synchronized with live product data. Avoid mentioning buffering claims.
AD-0073,Trial-to-Paid,YouTube,Returning IPTV users,value,Skip app-hunting and start with guided setup | 24/7 support | Trial-to-Paid,Skip app-hunting and start with guided setup. 24/7 support and setup tutorials included. Fast activation and clear onboarding flow. Fast setup with clear step-by-step guidance. Built for returning iptv users with a value angle.,For IPTV subscriptions and streaming device bundles. 36-hour trial applies to subscription plans only.,See pricing and start today,"jailbroken fire stick, onn google tv, iptv subscription, fire stick streaming, streamstickpro",Keep pricing synchronized with live product data. Avoid mentioning buffering claims.
AD-0074,Referral Push,Email Retargeting,ONN Google TV users,setup simplicity,Bring your own device or choose a bundle | Referral rewards for qualified yearly purchases | Referral Push,Bring your own device or choose a bundle. Referral rewards for qualified yearly purchases. Shipping included on device bundles. Works with IPTV Smarters Pro and TiviMate. Built for onn google tv users with a setup simplicity angle.,For IPTV subscriptions and streaming device bundles. 36-hour trial applies to subscription plans only.,Claim referral rewards details,"jailbroken fire stick, onn google tv, iptv subscription, fire stick streaming, streamstickpro",Keep pricing synchronized with live product data. Avoid mentioning buffering claims.
AD-0075,Prospecting,Instagram,Lapsed subscribers,support confidence,Get premium channels without cable contracts | 1-year service included on device bundles | Prospecting,"Get premium channels without cable contracts. 1-year service included on device bundles. 1-year service included on device bundles. Built for Fire Stick HD, 4K, 4K Max, and ONN devices. Built for lapsed subscribers with a support confidence angle.",For IPTV subscriptions and streaming device bundles. 36-hour trial applies to subscription plans only.,Compare plans and device bundles,"jailbroken fire stick, onn google tv, iptv subscription, fire stick streaming, streamstickpro",Keep pricing synchronized with live product data. Avoid mentioning buffering claims.
AD-0076,Trial-to-Paid,TikTok,Families replacing cable,device compatibility,Ready in about 10 minutes | Shipping included on device bundles | Trial-to-Paid,Ready in about 10 minutes. Shipping included on device bundles. Referral rewards for qualified yearly purchases. No long contracts required for subscription plans. Built for families replacing cable with a device compatibility angle.,For IPTV subscriptions and streaming device bundles. 36-hour trial applies to subscription plans only.,Get setup support and stream tonight,"jailbroken fire stick, onn google tv, iptv subscription, fire stick streaming, streamstickpro",Keep pricing synchronized with live product data. Avoid mentioning buffering claims.
AD-0077,Referral Push,SMS Follow-up,Fire Stick users,subscription flexibility,Built for Fire Stick and ONN | Fast activation | Referral Push,Built for Fire Stick and ONN. Fast activation and clear onboarding flow. 24/7 support and setup tutorials included. Easy renewals and support when you need it. Built for fire stick users with a subscription flexibility angle.,For IPTV subscriptions and streaming device bundles. 36-hour trial applies to subscription plans only.,Reactivate your plan in minutes,"jailbroken fire stick, onn google tv, iptv subscription, fire stick streaming, streamstickpro",Keep pricing synchronized with live product data. Avoid mentioning buffering claims.
AD-0078,Prospecting,Google Search,Former trial users,speed,One app. Cleaner streaming experience | 36-hour subscription trial available | Prospecting,"One app. Cleaner streaming experience. 36-hour subscription trial available. 18,000+ live channels and 100,000+ movies & series. Built for mobile-first buying flows and quick checkout. Built for former trial users with a speed angle.",For IPTV subscriptions and streaming device bundles. 36-hour trial applies to subscription plans only.,Shop Fire Stick and ONN options,"jailbroken fire stick, onn google tv, iptv subscription, fire stick streaming, streamstickpro",Keep pricing synchronized with live product data. Avoid mentioning buffering claims.
AD-0079,Trial-to-Paid,Native Ads,Budget-conscious streamers,value,Upgrade your streaming setup | Secure Stripe checkout with card + wallet options | Trial-to-Paid,Upgrade your streaming setup. Secure Stripe checkout with card + wallet options. Secure Stripe checkout with card + wallet options. Created for first-time and returning IPTV users. Built for budget-conscious streamers with a value angle.,For IPTV subscriptions and streaming device bundles. 36-hour trial applies to subscription plans only.,Visit StreamStickPro now,"jailbroken fire stick, onn google tv, iptv subscription, fire stick streaming, streamstickpro",Keep pricing synchronized with live product data. Avoid mentioning buffering claims.
AD-0080,Referral Push,Facebook,Cord-cutters,setup simplicity,"Stop paying cable prices | 18,000+ live channels | Referral Push","Stop paying cable prices. 18,000+ live channels and 100,000+ movies & series. 36-hour subscription trial available. Trusted by thousands of streamers. Built for cord-cutters with a setup simplicity angle.",For IPTV subscriptions and streaming device bundles. 36-hour trial applies to subscription plans only.,Start your 36-hour subscription trial,"jailbroken fire stick, onn google tv, iptv subscription, fire stick streaming, streamstickpro",Keep pricing synchronized with live product data. Avoid mentioning buffering claims.
AD-0081,Prospecting,YouTube,Returning IPTV users,support confidence,Skip app-hunting and start with guided setup | 24/7 support | Prospecting,Skip app-hunting and start with guided setup. 24/7 support and setup tutorials included. Fast activation and clear onboarding flow. Fast setup with clear step-by-step guidance. Built for returning iptv users with a support confidence angle.,For IPTV subscriptions and streaming device bundles. 36-hour trial applies to subscription plans only.,See pricing and start today,"jailbroken fire stick, onn google tv, iptv subscription, fire stick streaming, streamstickpro",Keep pricing synchronized with live product data. Avoid mentioning buffering claims.
AD-0082,Trial-to-Paid,Email Retargeting,ONN Google TV users,device compatibility,Bring your own device or choose a bundle | Referral rewards for qualified yearly purchases | Trial-to-Paid,Bring your own device or choose a bundle. Referral rewards for qualified yearly purchases. Shipping included on device bundles. Works with IPTV Smarters Pro and TiviMate. Built for onn google tv users with a device compatibility angle.,For IPTV subscriptions and streaming device bundles. 36-hour trial applies to subscription plans only.,Claim referral rewards details,"jailbroken fire stick, onn google tv, iptv subscription, fire stick streaming, streamstickpro",Keep pricing synchronized with live product data. Avoid mentioning buffering claims.
AD-0083,Referral Push,Instagram,Lapsed subscribers,subscription flexibility,Get premium channels without cable contracts | 1-year service included on device bundles | Referral Push,"Get premium channels without cable contracts. 1-year service included on device bundles. 1-year service included on device bundles. Built for Fire Stick HD, 4K, 4K Max, and ONN devices. Built for lapsed subscribers with a subscription flexibility angle.",For IPTV subscriptions and streaming device bundles. 36-hour trial applies to subscription plans only.,Compare plans and device bundles,"jailbroken fire stick, onn google tv, iptv subscription, fire stick streaming, streamstickpro",Keep pricing synchronized with live product data. Avoid mentioning buffering claims.
AD-0084,Prospecting,TikTok,Families replacing cable,speed,Ready in about 10 minutes | Shipping included on device bundles | Prospecting,Ready in about 10 minutes. Shipping included on device bundles. Referral rewards for qualified yearly purchases. No long contracts required for subscription plans. Built for families replacing cable with a speed angle.,For IPTV subscriptions and streaming device bundles. 36-hour trial applies to subscription plans only.,Get setup support and stream tonight,"jailbroken fire stick, onn google tv, iptv subscription, fire stick streaming, streamstickpro",Keep pricing synchronized with live product data. Avoid mentioning buffering claims.
AD-0085,Trial-to-Paid,SMS Follow-up,Fire Stick users,value,Built for Fire Stick and ONN | Fast activation | Trial-to-Paid,Built for Fire Stick and ONN. Fast activation and clear onboarding flow. 24/7 support and setup tutorials included. Easy renewals and support when you need it. Built for fire stick users with a value angle.,For IPTV subscriptions and streaming device bundles. 36-hour trial applies to subscription plans only.,Reactivate your plan in minutes,"jailbroken fire stick, onn google tv, iptv subscription, fire stick streaming, streamstickpro",Keep pricing synchronized with live product data. Avoid mentioning buffering claims.
AD-0086,Referral Push,Google Search,Former trial users,setup simplicity,One app. Cleaner streaming experience | 36-hour subscription trial available | Referral Push,"One app. Cleaner streaming experience. 36-hour subscription trial available. 18,000+ live channels and 100,000+ movies & series. Built for mobile-first buying flows and quick checkout. Built for former trial users with a setup simplicity angle.",For IPTV subscriptions and streaming device bundles. 36-hour trial applies to subscription plans only.,Shop Fire Stick and ONN options,"jailbroken fire stick, onn google tv, iptv subscription, fire stick streaming, streamstickpro",Keep pricing synchronized with live product data. Avoid mentioning buffering claims.
AD-0087,Prospecting,Native Ads,Budget-conscious streamers,support confidence,Upgrade your streaming setup | Secure Stripe checkout with card + wallet options | Prospecting,Upgrade your streaming setup. Secure Stripe checkout with card + wallet options. Secure Stripe checkout with card + wallet options. Created for first-time and returning IPTV users. Built for budget-conscious streamers with a support confidence angle.,For IPTV subscriptions and streaming device bundles. 36-hour trial applies to subscription plans only.,Visit StreamStickPro now,"jailbroken fire stick, onn google tv, iptv subscription, fire stick streaming, streamstickpro",Keep pricing synchronized with live product data. Avoid mentioning buffering claims.
AD-0088,Trial-to-Paid,Facebook,Cord-cutters,device compatibility,"Stop paying cable prices | 18,000+ live channels | Trial-to-Paid","Stop paying cable prices. 18,000+ live channels and 100,000+ movies & series. 36-hour subscription trial available. Trusted by thousands of streamers. Built for cord-cutters with a device compatibility angle.",For IPTV subscriptions and streaming device bundles. 36-hour trial applies to subscription plans only.,Start your 36-hour subscription trial,"jailbroken fire stick, onn google tv, iptv subscription, fire stick streaming, streamstickpro",Keep pricing synchronized with live product data. Avoid mentioning buffering claims.
AD-0089,Referral Push,YouTube,Returning IPTV users,subscription flexibility,Skip app-hunting and start with guided setup | 24/7 support | Referral Push,Skip app-hunting and start with guided setup. 24/7 support and setup tutorials included. Fast activation and clear onboarding flow. Fast setup with clear step-by-step guidance. Built for returning iptv users with a subscription flexibility angle.,For IPTV subscriptions and streaming device bundles. 36-hour trial applies to subscription plans only.,See pricing and start today,"jailbroken fire stick, onn google tv, iptv subscription, fire stick streaming, streamstickpro",Keep pricing synchronized with live product data. Avoid mentioning buffering claims.
AD-0090,Prospecting,Email Retargeting,ONN Google TV users,speed,Bring your own device or choose a bundle | Referral rewards for qualified yearly purchases | Prospecting,Bring your own device or choose a bundle. Referral rewards for qualified yearly purchases. Shipping included on device bundles. Works with IPTV Smarters Pro and TiviMate. Built for onn google tv users with a speed angle.,For IPTV subscriptions and streaming device bundles. 36-hour trial applies to subscription plans only.,Claim referral rewards details,"jailbroken fire stick, onn google tv, iptv subscription, fire stick streaming, streamstickpro",Keep pricing synchronized with live product data. Avoid mentioning buffering claims.
AD-0091,Trial-to-Paid,Instagram,Lapsed subscribers,value,Get premium channels without cable contracts | 1-year service included on device bundles | Trial-to-Paid,"Get premium channels without cable contracts. 1-year service included on device bundles. 1-year service included on device bundles. Built for Fire Stick HD, 4K, 4K Max, and ONN devices. Built for lapsed subscribers with a value angle.",For IPTV subscriptions and streaming device bundles. 36-hour trial applies to subscription plans only.,Compare plans and device bundles,"jailbroken fire stick, onn google tv, iptv subscription, fire stick streaming, streamstickpro",Keep pricing synchronized with live product data. Avoid mentioning buffering claims.
AD-0092,Referral Push,TikTok,Families replacing cable,setup simplicity,Ready in about 10 minutes | Shipping included on device bundles | Referral Push,Ready in about 10 minutes. Shipping included on device bundles. Referral rewards for qualified yearly purchases. No long contracts required for subscription plans. Built for families replacing cable with a setup simplicity angle.,For IPTV subscriptions and streaming device bundles. 36-hour trial applies to subscription plans only.,Get setup support and stream tonight,"jailbroken fire stick, onn google tv, iptv subscription, fire stick streaming, streamstickpro",Keep pricing synchronized with live product data. Avoid mentioning buffering claims.
AD-0093,Prospecting,SMS Follow-up,Fire Stick users,support confidence,Built for Fire Stick and ONN | Fast activation | Prospecting,Built for Fire Stick and ONN. Fast activation and clear onboarding flow. 24/7 support and setup tutorials included. Easy renewals and support when you need it. Built for fire stick users with a support confidence angle.,For IPTV subscriptions and streaming device bundles. 36-hour trial applies to subscription plans only.,Reactivate your plan in minutes,"jailbroken fire stick, onn google tv, iptv subscription, fire stick streaming, streamstickpro",Keep pricing synchronized with live product data. Avoid mentioning buffering claims.
AD-0094,Trial-to-Paid,Google Search,Former trial users,device compatibility,One app. Cleaner streaming experience | 36-hour subscription trial available | Trial-to-Paid,"One app. Cleaner streaming experience. 36-hour subscription trial available. 18,000+ live channels and 100,000+ movies & series. Built for mobile-first buying flows and quick checkout. Built for former trial users with a device compatibility angle.",For IPTV subscriptions and streaming device bundles. 36-hour trial applies to subscription plans only.,Shop Fire Stick and ONN options,"jailbroken fire stick, onn google tv, iptv subscription, fire stick streaming, streamstickpro",Keep pricing synchronized with live product data. Avoid mentioning buffering claims.
AD-0095,Referral Push,Native Ads,Budget-conscious streamers,subscription flexibility,Upgrade your streaming setup | Secure Stripe checkout with card + wallet options | Referral Push,Upgrade your streaming setup. Secure Stripe checkout with card + wallet options. Secure Stripe checkout with card + wallet options. Created for first-time and returning IPTV users. Built for budget-conscious streamers with a subscription flexibility angle.,For IPTV subscriptions and streaming device bundles. 36-hour trial applies to subscription plans only.,Visit StreamStickPro now,"jailbroken fire stick, onn google tv, iptv subscription, fire stick streaming, streamstickpro",Keep pricing synchronized with live product data. Avoid mentioning buffering claims.
AD-0096,Prospecting,Facebook,Cord-cutters,speed,"Stop paying cable prices | 18,000+ live channels | Prospecting","Stop paying cable prices. 18,000+ live channels and 100,000+ movies & series. 36-hour subscription trial available. Trusted by thousands of streamers. Built for cord-cutters with a speed angle.",For IPTV subscriptions and streaming device bundles. 36-hour trial applies to subscription plans only.,Start your 36-hour subscription trial,"jailbroken fire stick, onn google tv, iptv subscription, fire stick streaming, streamstickpro",Keep pricing synchronized with live product data. Avoid mentioning buffering claims.
AD-0097,Trial-to-Paid,YouTube,Returning IPTV users,value,Skip app-hunting and start with guided setup | 24/7 support | Trial-to-Paid,Skip app-hunting and start with guided setup. 24/7 support and setup tutorials included. Fast activation and clear onboarding flow. Fast setup with clear step-by-step guidance. Built for returning iptv users with a value angle.,For IPTV subscriptions and streaming device bundles. 36-hour trial applies to subscription plans only.,See pricing and start today,"jailbroken fire stick, onn google tv, iptv subscription, fire stick streaming, streamstickpro",Keep pricing synchronized with live product data. Avoid mentioning buffering claims.
AD-0098,Referral Push,Email Retargeting,ONN Google TV users,setup simplicity,Bring your own device or choose a bundle | Referral rewards for qualified yearly purchases | Referral Push,Bring your own device or choose a bundle. Referral rewards for qualified yearly purchases. Shipping included on device bundles. Works with IPTV Smarters Pro and TiviMate. Built for onn google tv users with a setup simplicity angle.,For IPTV subscriptions and streaming device bundles. 36-hour trial applies to subscription plans only.,Claim referral rewards details,"jailbroken fire stick, onn google tv, iptv subscription, fire stick streaming, streamstickpro",Keep pricing synchronized with live product data. Avoid mentioning buffering claims.
AD-0099,Prospecting,Instagram,Lapsed subscribers,support confidence,Get premium channels without cable contracts | 1-year service included on device bundles | Prospecting,"Get premium channels without cable contracts. 1-year service included on device bundles. 1-year service included on device bundles. Built for Fire Stick HD, 4K, 4K Max, and ONN devices. Built for lapsed subscribers with a support confidence angle.",For IPTV subscriptions and streaming device bundles. 36-hour trial applies to subscription plans only.,Compare plans and device bundles,"jailbroken fire stick, onn google tv, iptv subscription, fire stick streaming, streamstickpro",Keep pricing synchronized with live product data. Avoid mentioning buffering claims.
AD-0100,Trial-to-Paid,TikTok,Families replacing cable,device compatibility,Ready in about 10 minutes | Shipping included on device bundles | Trial-to-Paid,Ready in about 10 minutes. Shipping included on device bundles. Referral rewards for qualified yearly purchases. No long contracts required for subscription plans. Built for families replacing cable with a device compatibility angle.,For IPTV subscriptions and streaming device bundles. 36-hour trial applies to subscription plans only.,Get setup support and stream tonight,"jailbroken fire stick, onn google tv, iptv subscription, fire stick streaming, streamstickpro",Keep pricing synchronized with live product data. Avoid mentioning buffering claims.
AD-0101,Referral Push,SMS Follow-up,Fire Stick users,subscription flexibility,Built for Fire Stick and ONN | Fast activation | Referral Push,Built for Fire Stick and ONN. Fast activation and clear onboarding flow. 24/7 support and setup tutorials included. Easy renewals and support when you need it. Built for fire stick users with a subscription flexibility angle.,For IPTV subscriptions and streaming device bundles. 36-hour trial applies to subscription plans only.,Reactivate your plan in minutes,"jailbroken fire stick, onn google tv, iptv subscription, fire stick streaming, streamstickpro",Keep pricing synchronized with live product data. Avoid mentioning buffering claims.
AD-0102,Prospecting,Google Search,Former trial users,speed,One app. Cleaner streaming experience | 36-hour subscription trial available | Prospecting,"One app. Cleaner streaming experience. 36-hour subscription trial available. 18,000+ live channels and 100,000+ movies & series. Built for mobile-first buying flows and quick checkout. Built for former trial users with a speed angle.",For IPTV subscriptions and streaming device bundles. 36-hour trial applies to subscription plans only.,Shop Fire Stick and ONN options,"jailbroken fire stick, onn google tv, iptv subscription, fire stick streaming, streamstickpro",Keep pricing synchronized with live product data. Avoid mentioning buffering claims.
AD-0103,Trial-to-Paid,Native Ads,Budget-conscious streamers,value,Upgrade your streaming setup | Secure Stripe checkout with card + wallet options | Trial-to-Paid,Upgrade your streaming setup. Secure Stripe checkout with card + wallet options. Secure Stripe checkout with card + wallet options. Created for first-time and returning IPTV users. Built for budget-conscious streamers with a value angle.,For IPTV subscriptions and streaming device bundles. 36-hour trial applies to subscription plans only.,Visit StreamStickPro now,"jailbroken fire stick, onn google tv, iptv subscription, fire stick streaming, streamstickpro",Keep pricing synchronized with live product data. Avoid mentioning buffering claims.
AD-0104,Referral Push,Facebook,Cord-cutters,setup simplicity,"Stop paying cable prices | 18,000+ live channels | Referral Push","Stop paying cable prices. 18,000+ live channels and 100,000+ movies & series. 36-hour subscription trial available. Trusted by thousands of streamers. Built for cord-cutters with a setup simplicity angle.",For IPTV subscriptions and streaming device bundles. 36-hour trial applies to subscription plans only.,Start your 36-hour subscription trial,"jailbroken fire stick, onn google tv, iptv subscription, fire stick streaming, streamstickpro",Keep pricing synchronized with live product data. Avoid mentioning buffering claims.
AD-0105,Prospecting,YouTube,Returning IPTV users,support confidence,Skip app-hunting and start with guided setup | 24/7 support | Prospecting,Skip app-hunting and start with guided setup. 24/7 support and setup tutorials included. Fast activation and clear onboarding flow. Fast setup with clear step-by-step guidance. Built for returning iptv users with a support confidence angle.,For IPTV subscriptions and streaming device bundles. 36-hour trial applies to subscription plans only.,See pricing and start today,"jailbroken fire stick, onn google tv, iptv subscription, fire stick streaming, streamstickpro",Keep pricing synchronized with live product data. Avoid mentioning buffering claims.
AD-0106,Trial-to-Paid,Email Retargeting,ONN Google TV users,device compatibility,Bring your own device or choose a bundle | Referral rewards for qualified yearly purchases | Trial-to-Paid,Bring your own device or choose a bundle. Referral rewards for qualified yearly purchases. Shipping included on device bundles. Works with IPTV Smarters Pro and TiviMate. Built for onn google tv users with a device compatibility angle.,For IPTV subscriptions and streaming device bundles. 36-hour trial applies to subscription plans only.,Claim referral rewards details,"jailbroken fire stick, onn google tv, iptv subscription, fire stick streaming, streamstickpro",Keep pricing synchronized with live product data. Avoid mentioning buffering claims.
AD-0107,Referral Push,Instagram,Lapsed subscribers,subscription flexibility,Get premium channels without cable contracts | 1-year service included on device bundles | Referral Push,"Get premium channels without cable contracts. 1-year service included on device bundles. 1-year service included on device bundles. Built for Fire Stick HD, 4K, 4K Max, and ONN devices. Built for lapsed subscribers with a subscription flexibility angle.",For IPTV subscriptions and streaming device bundles. 36-hour trial applies to subscription plans only.,Compare plans and device bundles,"jailbroken fire stick, onn google tv, iptv subscription, fire stick streaming, streamstickpro",Keep pricing synchronized with live product data. Avoid mentioning buffering claims.
AD-0108,Prospecting,TikTok,Families replacing cable,speed,Ready in about 10 minutes | Shipping included on device bundles | Prospecting,Ready in about 10 minutes. Shipping included on device bundles. Referral rewards for qualified yearly purchases. No long contracts required for subscription plans. Built for families replacing cable with a speed angle.,For IPTV subscriptions and streaming device bundles. 36-hour trial applies to subscription plans only.,Get setup support and stream tonight,"jailbroken fire stick, onn google tv, iptv subscription, fire stick streaming, streamstickpro",Keep pricing synchronized with live product data. Avoid mentioning buffering claims.
AD-0109,Trial-to-Paid,SMS Follow-up,Fire Stick users,value,Built for Fire Stick and ONN | Fast activation | Trial-to-Paid,Built for Fire Stick and ONN. Fast activation and clear onboarding flow. 24/7 support and setup tutorials included. Easy renewals and support when you need it. Built for fire stick users with a value angle.,For IPTV subscriptions and streaming device bundles. 36-hour trial applies to subscription plans only.,Reactivate your plan in minutes,"jailbroken fire stick, onn google tv, iptv subscription, fire stick streaming, streamstickpro",Keep pricing synchronized with live product data. Avoid mentioning buffering claims.
AD-0110,Referral Push,Google Search,Former trial users,setup simplicity,One app. Cleaner streaming experience | 36-hour subscription trial available | Referral Push,"One app. Cleaner streaming experience. 36-hour subscription trial available. 18,000+ live channels and 100,000+ movies & series. Built for mobile-first buying flows and quick checkout. Built for former trial users with a setup simplicity angle.",For IPTV subscriptions and streaming device bundles. 36-hour trial applies to subscription plans only.,Shop Fire Stick and ONN options,"jailbroken fire stick, onn google tv, iptv subscription, fire stick streaming, streamstickpro",Keep pricing synchronized with live product data. Avoid mentioning buffering claims.
AD-0111,Prospecting,Native Ads,Budget-conscious streamers,support confidence,Upgrade your streaming setup | Secure Stripe checkout with card + wallet options | Prospecting,Upgrade your streaming setup. Secure Stripe checkout with card + wallet options. Secure Stripe checkout with card + wallet options. Created for first-time and returning IPTV users. Built for budget-conscious streamers with a support confidence angle.,For IPTV subscriptions and streaming device bundles. 36-hour trial applies to subscription plans only.,Visit StreamStickPro now,"jailbroken fire stick, onn google tv, iptv subscription, fire stick streaming, streamstickpro",Keep pricing synchronized with live product data. Avoid mentioning buffering claims.
AD-0112,Trial-to-Paid,Facebook,Cord-cutters,device compatibility,"Stop paying cable prices | 18,000+ live channels | Trial-to-Paid","Stop paying cable prices. 18,000+ live channels and 100,000+ movies & series. 36-hour subscription trial available. Trusted by thousands of streamers. Built for cord-cutters with a device compatibility angle.",For IPTV subscriptions and streaming device bundles. 36-hour trial applies to subscription plans only.,Start your 36-hour subscription trial,"jailbroken fire stick, onn google tv, iptv subscription, fire stick streaming, streamstickpro",Keep pricing synchronized with live product data. Avoid mentioning buffering claims.
AD-0113,Referral Push,YouTube,Returning IPTV users,subscription flexibility,Skip app-hunting and start with guided setup | 24/7 support | Referral Push,Skip app-hunting and start with guided setup. 24/7 support and setup tutorials included. Fast activation and clear onboarding flow. Fast setup with clear step-by-step guidance. Built for returning iptv users with a subscription flexibility angle.,For IPTV subscriptions and streaming device bundles. 36-hour trial applies to subscription plans only.,See pricing and start today,"jailbroken fire stick, onn google tv, iptv subscription, fire stick streaming, streamstickpro",Keep pricing synchronized with live product data. Avoid mentioning buffering claims.
AD-0114,Prospecting,Email Retargeting,ONN Google TV users,speed,Bring your own device or choose a bundle | Referral rewards for qualified yearly purchases | Prospecting,Bring your own device or choose a bundle. Referral rewards for qualified yearly purchases. Shipping included on device bundles. Works with IPTV Smarters Pro and TiviMate. Built for onn google tv users with a speed angle.,For IPTV subscriptions and streaming device bundles. 36-hour trial applies to subscription plans only.,Claim referral rewards details,"jailbroken fire stick, onn google tv, iptv subscription, fire stick streaming, streamstickpro",Keep pricing synchronized with live product data. Avoid mentioning buffering claims.
AD-0115,Trial-to-Paid,Instagram,Lapsed subscribers,value,Get premium channels without cable contracts | 1-year service included on device bundles | Trial-to-Paid,"Get premium channels without cable contracts. 1-year service included on device bundles. 1-year service included on device bundles. Built for Fire Stick HD, 4K, 4K Max, and ONN devices. Built for lapsed subscribers with a value angle.",For IPTV subscriptions and streaming device bundles. 36-hour trial applies to subscription plans only.,Compare plans and device bundles,"jailbroken fire stick, onn google tv, iptv subscription, fire stick streaming, streamstickpro",Keep pricing synchronized with live product data. Avoid mentioning buffering claims.
AD-0116,Referral Push,TikTok,Families replacing cable,setup simplicity,Ready in about 10 minutes | Shipping included on device bundles | Referral Push,Ready in about 10 minutes. Shipping included on device bundles. Referral rewards for qualified yearly purchases. No long contracts required for subscription plans. Built for families replacing cable with a setup simplicity angle.,For IPTV subscriptions and streaming device bundles. 36-hour trial applies to subscription plans only.,Get setup support and stream tonight,"jailbroken fire stick, onn google tv, iptv subscription, fire stick streaming, streamstickpro",Keep pricing synchronized with live product data. Avoid mentioning buffering claims.
AD-0117,Prospecting,SMS Follow-up,Fire Stick users,support confidence,Built for Fire Stick and ONN | Fast activation | Prospecting,Built for Fire Stick and ONN. Fast activation and clear onboarding flow. 24/7 support and setup tutorials included. Easy renewals and support when you need it. Built for fire stick users with a support confidence angle.,For IPTV subscriptions and streaming device bundles. 36-hour trial applies to subscription plans only.,Reactivate your plan in minutes,"jailbroken fire stick, onn google tv, iptv subscription, fire stick streaming, streamstickpro",Keep pricing synchronized with live product data. Avoid mentioning buffering claims.
AD-0118,Trial-to-Paid,Google Search,Former trial users,device compatibility,One app. Cleaner streaming experience | 36-hour subscription trial available | Trial-to-Paid,"One app. Cleaner streaming experience. 36-hour subscription trial available. 18,000+ live channels and 100,000+ movies & series. Built for mobile-first buying flows and quick checkout. Built for former trial users with a device compatibility angle.",For IPTV subscriptions and streaming device bundles. 36-hour trial applies to subscription plans only.,Shop Fire Stick and ONN options,"jailbroken fire stick, onn google tv, iptv subscription, fire stick streaming, streamstickpro",Keep pricing synchronized with live product data. Avoid mentioning buffering claims.
AD-0119,Referral Push,Native Ads,Budget-conscious streamers,subscription flexibility,Upgrade your streaming setup | Secure Stripe checkout with card + wallet options | Referral Push,Upgrade your streaming setup. Secure Stripe checkout with card + wallet options. Secure Stripe checkout with card + wallet options. Created for first-time and returning IPTV users. Built for budget-conscious streamers with a subscription flexibility angle.,For IPTV subscriptions and streaming device bundles. 36-hour trial applies to subscription plans only.,Visit StreamStickPro now,"jailbroken fire stick, onn google tv, iptv subscription, fire stick streaming, streamstickpro",Keep pricing synchronized with live product data. Avoid mentioning buffering claims.
AD-0120,Prospecting,Facebook,Cord-cutters,speed,"Stop paying cable prices | 18,000+ live channels | Prospecting","Stop paying cable prices. 18,000+ live channels and 100,000+ movies & series. 36-hour subscription trial available. Trusted by thousands of streamers. Built for cord-cutters with a speed angle.",For IPTV subscriptions and streaming device bundles. 36-hour trial applies to subscription plans only.,Start your 36-hour subscription trial,"jailbroken fire stick, onn google tv, iptv subscription, fire stick streaming, streamstickpro",Keep pricing synchronized with live product data. Avoid mentioning buffering claims.
AD-0121,Trial-to-Paid,YouTube,Returning IPTV users,value,Skip app-hunting and start with guided setup | 24/7 support | Trial-to-Paid,Skip app-hunting and start with guided setup. 24/7 support and setup tutorials included. Fast activation and clear onboarding flow. Fast setup with clear step-by-step guidance. Built for returning iptv users with a value angle.,For IPTV subscriptions and streaming device bundles. 36-hour trial applies to subscription plans only.,See pricing and start today,"jailbroken fire stick, onn google tv, iptv subscription, fire stick streaming, streamstickpro",Keep pricing synchronized with live product data. Avoid mentioning buffering claims.
AD-0122,Referral Push,Email Retargeting,ONN Google TV users,setup simplicity,Bring your own device or choose a bundle | Referral rewards for qualified yearly purchases | Referral Push,Bring your own device or choose a bundle. Referral rewards for qualified yearly purchases. Shipping included on device bundles. Works with IPTV Smarters Pro and TiviMate. Built for onn google tv users with a setup simplicity angle.,For IPTV subscriptions and streaming device bundles. 36-hour trial applies to subscription plans only.,Claim referral rewards details,"jailbroken fire stick, onn google tv, iptv subscription, fire stick streaming, streamstickpro",Keep pricing synchronized with live product data. Avoid mentioning buffering claims.
AD-0123,Prospecting,Instagram,Lapsed subscribers,support confidence,Get premium channels without cable contracts | 1-year service included on device bundles | Prospecting,"Get premium channels without cable contracts. 1-year service included on device bundles. 1-year service included on device bundles. Built for Fire Stick HD, 4K, 4K Max, and ONN devices. Built for lapsed subscribers with a support confidence angle.",For IPTV subscriptions and streaming device bundles. 36-hour trial applies to subscription plans only.,Compare plans and device bundles,"jailbroken fire stick, onn google tv, iptv subscription, fire stick streaming, streamstickpro",Keep pricing synchronized with live product data. Avoid mentioning buffering claims.
AD-0124,Trial-to-Paid,TikTok,Families replacing cable,device compatibility,Ready in about 10 minutes | Shipping included on device bundles | Trial-to-Paid,Ready in about 10 minutes. Shipping included on device bundles. Referral rewards for qualified yearly purchases. No long contracts required for subscription plans. Built for families replacing cable with a device compatibility angle.,For IPTV subscriptions and streaming device bundles. 36-hour trial applies to subscription plans only.,Get setup support and stream tonight,"jailbroken fire stick, onn google tv, iptv subscription, fire stick streaming, streamstickpro",Keep pricing synchronized with live product data. Avoid mentioning buffering claims.
AD-0125,Referral Push,SMS Follow-up,Fire Stick users,subscription flexibility,Built for Fire Stick and ONN | Fast activation | Referral Push,Built for Fire Stick and ONN. Fast activation and clear onboarding flow. 24/7 support and setup tutorials included. Easy renewals and support when you need it. Built for fire stick users with a subscription flexibility angle.,For IPTV subscriptions and streaming device bundles. 36-hour trial applies to subscription plans only.,Reactivate your plan in minutes,"jailbroken fire stick, onn google tv, iptv subscription, fire stick streaming, streamstickpro",Keep pricing synchronized with live product data. Avoid mentioning buffering claims.
AD-0126,Prospecting,Google Search,Former trial users,speed,One app. Cleaner streaming experience | 36-hour subscription trial available | Prospecting,"One app. Cleaner streaming experience. 36-hour subscription trial available. 18,000+ live channels and 100,000+ movies & series. Built for mobile-first buying flows and quick checkout. Built for former trial users with a speed angle.",For IPTV subscriptions and streaming device bundles. 36-hour trial applies to subscription plans only.,Shop Fire Stick and ONN options,"jailbroken fire stick, onn google tv, iptv subscription, fire stick streaming, streamstickpro",Keep pricing synchronized with live product data. Avoid mentioning buffering claims.
AD-0127,Trial-to-Paid,Native Ads,Budget-conscious streamers,value,Upgrade your streaming setup | Secure Stripe checkout with card + wallet options | Trial-to-Paid,Upgrade your streaming setup. Secure Stripe checkout with card + wallet options. Secure Stripe checkout with card + wallet options. Created for first-time and returning IPTV users. Built for budget-conscious streamers with a value angle.,For IPTV subscriptions and streaming device bundles. 36-hour trial applies to subscription plans only.,Visit StreamStickPro now,"jailbroken fire stick, onn google tv, iptv subscription, fire stick streaming, streamstickpro",Keep pricing synchronized with live product data. Avoid mentioning buffering claims.
AD-0128,Referral Push,Facebook,Cord-cutters,setup simplicity,"Stop paying cable prices | 18,000+ live channels | Referral Push","Stop paying cable prices. 18,000+ live channels and 100,000+ movies & series. 36-hour subscription trial available. Trusted by thousands of streamers. Built for cord-cutters with a setup simplicity angle.",For IPTV subscriptions and streaming device bundles. 36-hour trial applies to subscription plans only.,Start your 36-hour subscription trial,"jailbroken fire stick, onn google tv, iptv subscription, fire stick streaming, streamstickpro",Keep pricing synchronized with live product data. Avoid mentioning buffering claims.
AD-0129,Prospecting,YouTube,Returning IPTV users,support confidence,Skip app-hunting and start with guided setup | 24/7 support | Prospecting,Skip app-hunting and start with guided setup. 24/7 support and setup tutorials included. Fast activation and clear onboarding flow. Fast setup with clear step-by-step guidance. Built for returning iptv users with a support confidence angle.,For IPTV subscriptions and streaming device bundles. 36-hour trial applies to subscription plans only.,See pricing and start today,"jailbroken fire stick, onn google tv, iptv subscription, fire stick streaming, streamstickpro",Keep pricing synchronized with live product data. Avoid mentioning buffering claims.
AD-0130,Trial-to-Paid,Email Retargeting,ONN Google TV users,device compatibility,Bring your own device or choose a bundle | Referral rewards for qualified yearly purchases | Trial-to-Paid,Bring your own device or choose a bundle. Referral rewards for qualified yearly purchases. Shipping included on device bundles. Works with IPTV Smarters Pro and TiviMate. Built for onn google tv users with a device compatibility angle.,For IPTV subscriptions and streaming device bundles. 36-hour trial applies to subscription plans only.,Claim referral rewards details,"jailbroken fire stick, onn google tv, iptv subscription, fire stick streaming, streamstickpro",Keep pricing synchronized with live product data. Avoid mentioning buffering claims.
AD-0131,Referral Push,Instagram,Lapsed subscribers,subscription flexibility,Get premium channels without cable contracts | 1-year service included on device bundles | Referral Push,"Get premium channels without cable contracts. 1-year service included on device bundles. 1-year service included on device bundles. Built for Fire Stick HD, 4K, 4K Max, and ONN devices. Built for lapsed subscribers with a subscription flexibility angle.",For IPTV subscriptions and streaming device bundles. 36-hour trial applies to subscription plans only.,Compare plans and device bundles,"jailbroken fire stick, onn google tv, iptv subscription, fire stick streaming, streamstickpro",Keep pricing synchronized with live product data. Avoid mentioning buffering claims.
AD-0132,Prospecting,TikTok,Families replacing cable,speed,Ready in about 10 minutes | Shipping included on device bundles | Prospecting,Ready in about 10 minutes. Shipping included on device bundles. Referral rewards for qualified yearly purchases. No long contracts required for subscription plans. Built for families replacing cable with a speed angle.,For IPTV subscriptions and streaming device bundles. 36-hour trial applies to subscription plans only.,Get setup support and stream tonight,"jailbroken fire stick, onn google tv, iptv subscription, fire stick streaming, streamstickpro",Keep pricing synchronized with live product data. Avoid mentioning buffering claims.
AD-0133,Trial-to-Paid,SMS Follow-up,Fire Stick users,value,Built for Fire Stick and ONN | Fast activation | Trial-to-Paid,Built for Fire Stick and ONN. Fast activation and clear onboarding flow. 24/7 support and setup tutorials included. Easy renewals and support when you need it. Built for fire stick users with a value angle.,For IPTV subscriptions and streaming device bundles. 36-hour trial applies to subscription plans only.,Reactivate your plan in minutes,"jailbroken fire stick, onn google tv, iptv subscription, fire stick streaming, streamstickpro",Keep pricing synchronized with live product data. Avoid mentioning buffering claims.
AD-0134,Referral Push,Google Search,Former trial users,setup simplicity,One app. Cleaner streaming experience | 36-hour subscription trial available | Referral Push,"One app. Cleaner streaming experience. 36-hour subscription trial available. 18,000+ live channels and 100,000+ movies & series. Built for mobile-first buying flows and quick checkout. Built for former trial users with a setup simplicity angle.",For IPTV subscriptions and streaming device bundles. 36-hour trial applies to subscription plans only.,Shop Fire Stick and ONN options,"jailbroken fire stick, onn google tv, iptv subscription, fire stick streaming, streamstickpro",Keep pricing synchronized with live product data. Avoid mentioning buffering claims.
AD-0135,Prospecting,Native Ads,Budget-conscious streamers,support confidence,Upgrade your streaming setup | Secure Stripe checkout with card + wallet options | Prospecting,Upgrade your streaming setup. Secure Stripe checkout with card + wallet options. Secure Stripe checkout with card + wallet options. Created for first-time and returning IPTV users. Built for budget-conscious streamers with a support confidence angle.,For IPTV subscriptions and streaming device bundles. 36-hour trial applies to subscription plans only.,Visit StreamStickPro now,"jailbroken fire stick, onn google tv, iptv subscription, fire stick streaming, streamstickpro",Keep pricing synchronized with live product data. Avoid mentioning buffering claims.
AD-0136,Trial-to-Paid,Facebook,Cord-cutters,device compatibility,"Stop paying cable prices | 18,000+ live channels | Trial-to-Paid","Stop paying cable prices. 18,000+ live channels and 100,000+ movies & series. 36-hour subscription trial available. Trusted by thousands of streamers. Built for cord-cutters with a device compatibility angle.",For IPTV subscriptions and streaming device bundles. 36-hour trial applies to subscription plans only.,Start your 36-hour subscription trial,"jailbroken fire stick, onn google tv, iptv subscription, fire stick streaming, streamstickpro",Keep pricing synchronized with live product data. Avoid mentioning buffering claims.
AD-0137,Referral Push,YouTube,Returning IPTV users,subscription flexibility,Skip app-hunting and start with guided setup | 24/7 support | Referral Push,Skip app-hunting and start with guided setup. 24/7 support and setup tutorials included. Fast activation and clear onboarding flow. Fast setup with clear step-by-step guidance. Built for returning iptv users with a subscription flexibility angle.,For IPTV subscriptions and streaming device bundles. 36-hour trial applies to subscription plans only.,See pricing and start today,"jailbroken fire stick, onn google tv, iptv subscription, fire stick streaming, streamstickpro",Keep pricing synchronized with live product data. Avoid mentioning buffering claims.
AD-0138,Prospecting,Email Retargeting,ONN Google TV users,speed,Bring your own device or choose a bundle | Referral rewards for qualified yearly purchases | Prospecting,Bring your own device or choose a bundle. Referral rewards for qualified yearly purchases. Shipping included on device bundles. Works with IPTV Smarters Pro and TiviMate. Built for onn google tv users with a speed angle.,For IPTV subscriptions and streaming device bundles. 36-hour trial applies to subscription plans only.,Claim referral rewards details,"jailbroken fire stick, onn google tv, iptv subscription, fire stick streaming, streamstickpro",Keep pricing synchronized with live product data. Avoid mentioning buffering claims.
AD-0139,Trial-to-Paid,Instagram,Lapsed subscribers,value,Get premium channels without cable contracts | 1-year service included on device bundles | Trial-to-Paid,"Get premium channels without cable contracts. 1-year service included on device bundles. 1-year service included on device bundles. Built for Fire Stick HD, 4K, 4K Max, and ONN devices. Built for lapsed subscribers with a value angle.",For IPTV subscriptions and streaming device bundles. 36-hour trial applies to subscription plans only.,Compare plans and device bundles,"jailbroken fire stick, onn google tv, iptv subscription, fire stick streaming, streamstickpro",Keep pricing synchronized with live product data. Avoid mentioning buffering claims.
AD-0140,Referral Push,TikTok,Families replacing cable,setup simplicity,Ready in about 10 minutes | Shipping included on device bundles | Referral Push,Ready in about 10 minutes. Shipping included on device bundles. Referral rewards for qualified yearly purchases. No long contracts required for subscription plans. Built for families replacing cable with a setup simplicity angle.,For IPTV subscriptions and streaming device bundles. 36-hour trial applies to subscription plans only.,Get setup support and stream tonight,"jailbroken fire stick, onn google tv, iptv subscription, fire stick streaming, streamstickpro",Keep pricing synchronized with live product data. Avoid mentioning buffering claims.
AD-0141,Prospecting,SMS Follow-up,Fire Stick users,support confidence,Built for Fire Stick and ONN | Fast activation | Prospecting,Built for Fire Stick and ONN. Fast activation and clear onboarding flow. 24/7 support and setup tutorials included. Easy renewals and support when you need it. Built for fire stick users with a support confidence angle.,For IPTV subscriptions and streaming device bundles. 36-hour trial applies to subscription plans only.,Reactivate your plan in minutes,"jailbroken fire stick, onn google tv, iptv subscription, fire stick streaming, streamstickpro",Keep pricing synchronized with live product data. Avoid mentioning buffering claims.
AD-0142,Trial-to-Paid,Google Search,Former trial users,device compatibility,One app. Cleaner streaming experience | 36-hour subscription trial available | Trial-to-Paid,"One app. Cleaner streaming experience. 36-hour subscription trial available. 18,000+ live channels and 100,000+ movies & series. Built for mobile-first buying flows and quick checkout. Built for former trial users with a device compatibility angle.",For IPTV subscriptions and streaming device bundles. 36-hour trial applies to subscription plans only.,Shop Fire Stick and ONN options,"jailbroken fire stick, onn google tv, iptv subscription, fire stick streaming, streamstickpro",Keep pricing synchronized with live product data. Avoid mentioning buffering claims.
AD-0143,Referral Push,Native Ads,Budget-conscious streamers,subscription flexibility,Upgrade your streaming setup | Secure Stripe checkout with card + wallet options | Referral Push,Upgrade your streaming setup. Secure Stripe checkout with card + wallet options. Secure Stripe checkout with card + wallet options. Created for first-time and returning IPTV users. Built for budget-conscious streamers with a subscription flexibility angle.,For IPTV subscriptions and streaming device bundles. 36-hour trial applies to subscription plans only.,Visit StreamStickPro now,"jailbroken fire stick, onn google tv, iptv subscription, fire stick streaming, streamstickpro",Keep pricing synchronized with live product data. Avoid mentioning buffering claims.
AD-0144,Prospecting,Facebook,Cord-cutters,speed,"Stop paying cable prices | 18,000+ live channels | Prospecting","Stop paying cable prices. 18,000+ live channels and 100,000+ movies & series. 36-hour subscription trial available. Trusted by thousands of streamers. Built for cord-cutters with a speed angle.",For IPTV subscriptions and streaming device bundles. 36-hour trial applies to subscription plans only.,Start your 36-hour subscription trial,"jailbroken fire stick, onn google tv, iptv subscription, fire stick streaming, streamstickpro",Keep pricing synchronized with live product data. Avoid mentioning buffering claims.
AD-0145,Trial-to-Paid,YouTube,Returning IPTV users,value,Skip app-hunting and start with guided setup | 24/7 support | Trial-to-Paid,Skip app-hunting and start with guided setup. 24/7 support and setup tutorials included. Fast activation and clear onboarding flow. Fast setup with clear step-by-step guidance. Built for returning iptv users with a value angle.,For IPTV subscriptions and streaming device bundles. 36-hour trial applies to subscription plans only.,See pricing and start today,"jailbroken fire stick, onn google tv, iptv subscription, fire stick streaming, streamstickpro",Keep pricing synchronized with live product data. Avoid mentioning buffering claims.
AD-0146,Referral Push,Email Retargeting,ONN Google TV users,setup simplicity,Bring your own device or choose a bundle | Referral rewards for qualified yearly purchases | Referral Push,Bring your own device or choose a bundle. Referral rewards for qualified yearly purchases. Shipping included on device bundles. Works with IPTV Smarters Pro and TiviMate. Built for onn google tv users with a setup simplicity angle.,For IPTV subscriptions and streaming device bundles. 36-hour trial applies to subscription plans only.,Claim referral rewards details,"jailbroken fire stick, onn google tv, iptv subscription, fire stick streaming, streamstickpro",Keep pricing synchronized with live product data. Avoid mentioning buffering claims.
AD-0147,Prospecting,Instagram,Lapsed subscribers,support confidence,Get premium channels without cable contracts | 1-year service included on device bundles | Prospecting,"Get premium channels without cable contracts. 1-year service included on device bundles. 1-year service included on device bundles. Built for Fire Stick HD, 4K, 4K Max, and ONN devices. Built for lapsed subscribers with a support confidence angle.",For IPTV subscriptions and streaming device bundles. 36-hour trial applies to subscription plans only.,Compare plans and device bundles,"jailbroken fire stick, onn google tv, iptv subscription, fire stick streaming, streamstickpro",Keep pricing synchronized with live product data. Avoid mentioning buffering claims.
AD-0148,Trial-to-Paid,TikTok,Families replacing cable,device compatibility,Ready in about 10 minutes | Shipping included on device bundles | Trial-to-Paid,Ready in about 10 minutes. Shipping included on device bundles. Referral rewards for qualified yearly purchases. No long contracts required for subscription plans. Built for families replacing cable with a device compatibility angle.,For IPTV subscriptions and streaming device bundles. 36-hour trial applies to subscription plans only.,Get setup support and stream tonight,"jailbroken fire stick, onn google tv, iptv subscription, fire stick streaming, streamstickpro",Keep pricing synchronized with live product data. Avoid mentioning buffering claims.
AD-0149,Referral Push,SMS Follow-up,Fire Stick users,subscription flexibility,Built for Fire Stick and ONN | Fast activation | Referral Push,Built for Fire Stick and ONN. Fast activation and clear onboarding flow. 24/7 support and setup tutorials included. Easy renewals and support when you need it. Built for fire stick users with a subscription flexibility angle.,For IPTV subscriptions and streaming device bundles. 36-hour trial applies to subscription plans only.,Reactivate your plan in minutes,"jailbroken fire stick, onn google tv, iptv subscription, fire stick streaming, streamstickpro",Keep pricing synchronized with live product data. Avoid mentioning buffering claims.
AD-0150,Prospecting,Google Search,Former trial users,speed,One app. Cleaner streaming experience | 36-hour subscription trial available | Prospecting,"One app. Cleaner streaming experience. 36-hour subscription trial available. 18,000+ live channels and 100,000+ movies & series. Built for mobile-first buying flows and quick checkout. Built for former trial users with a speed angle.",For IPTV subscriptions and streaming device bundles. 36-hour trial applies to subscription plans only.,Shop Fire Stick and ONN options,"jailbroken fire stick, onn google tv, iptv subscription, fire stick streaming, streamstickpro",Keep pricing synchronized with live product data. Avoid mentioning buffering claims.
AD-0151,Trial-to-Paid,Native Ads,Budget-conscious streamers,value,Upgrade your streaming setup | Secure Stripe checkout with card + wallet options | Trial-to-Paid,Upgrade your streaming setup. Secure Stripe checkout with card + wallet options. Secure Stripe checkout with card + wallet options. Created for first-time and returning IPTV users. Built for budget-conscious streamers with a value angle.,For IPTV subscriptions and streaming device bundles. 36-hour trial applies to subscription plans only.,Visit StreamStickPro now,"jailbroken fire stick, onn google tv, iptv subscription, fire stick streaming, streamstickpro",Keep pricing synchronized with live product data. Avoid mentioning buffering claims.
AD-0152,Referral Push,Facebook,Cord-cutters,setup simplicity,"Stop paying cable prices | 18,000+ live channels | Referral Push","Stop paying cable prices. 18,000+ live channels and 100,000+ movies & series. 36-hour subscription trial available. Trusted by thousands of streamers. Built for cord-cutters with a setup simplicity angle.",For IPTV subscriptions and streaming device bundles. 36-hour trial applies to subscription plans only.,Start your 36-hour subscription trial,"jailbroken fire stick, onn google tv, iptv subscription, fire stick streaming, streamstickpro",Keep pricing synchronized with live product data. Avoid mentioning buffering claims.
AD-0153,Prospecting,YouTube,Returning IPTV users,support confidence,Skip app-hunting and start with guided setup | 24/7 support | Prospecting,Skip app-hunting and start with guided setup. 24/7 support and setup tutorials included. Fast activation and clear onboarding flow. Fast setup with clear step-by-step guidance. Built for returning iptv users with a support confidence angle.,For IPTV subscriptions and streaming device bundles. 36-hour trial applies to subscription plans only.,See pricing and start today,"jailbroken fire stick, onn google tv, iptv subscription, fire stick streaming, streamstickpro",Keep pricing synchronized with live product data. Avoid mentioning buffering claims.
AD-0154,Trial-to-Paid,Email Retargeting,ONN Google TV users,device compatibility,Bring your own device or choose a bundle | Referral rewards for qualified yearly purchases | Trial-to-Paid,Bring your own device or choose a bundle. Referral rewards for qualified yearly purchases. Shipping included on device bundles. Works with IPTV Smarters Pro and TiviMate. Built for onn google tv users with a device compatibility angle.,For IPTV subscriptions and streaming device bundles. 36-hour trial applies to subscription plans only.,Claim referral rewards details,"jailbroken fire stick, onn google tv, iptv subscription, fire stick streaming, streamstickpro",Keep pricing synchronized with live product data. Avoid mentioning buffering claims.
AD-0155,Referral Push,Instagram,Lapsed subscribers,subscription flexibility,Get premium channels without cable contracts | 1-year service included on device bundles | Referral Push,"Get premium channels without cable contracts. 1-year service included on device bundles. 1-year service included on device bundles. Built for Fire Stick HD, 4K, 4K Max, and ONN devices. Built for lapsed subscribers with a subscription flexibility angle.",For IPTV subscriptions and streaming device bundles. 36-hour trial applies to subscription plans only.,Compare plans and device bundles,"jailbroken fire stick, onn google tv, iptv subscription, fire stick streaming, streamstickpro",Keep pricing synchronized with live product data. Avoid mentioning buffering claims.
AD-0156,Prospecting,TikTok,Families replacing cable,speed,Ready in about 10 minutes | Shipping included on device bundles | Prospecting,Ready in about 10 minutes. Shipping included on device bundles. Referral rewards for qualified yearly purchases. No long contracts required for subscription plans. Built for families replacing cable with a speed angle.,For IPTV subscriptions and streaming device bundles. 36-hour trial applies to subscription plans only.,Get setup support and stream tonight,"jailbroken fire stick, onn google tv, iptv subscription, fire stick streaming, streamstickpro",Keep pricing synchronized with live product data. Avoid mentioning buffering claims.
AD-0157,Trial-to-Paid,SMS Follow-up,Fire Stick users,value,Built for Fire Stick and ONN | Fast activation | Trial-to-Paid,Built for Fire Stick and ONN. Fast activation and clear onboarding flow. 24/7 support and setup tutorials included. Easy renewals and support when you need it. Built for fire stick users with a value angle.,For IPTV subscriptions and streaming device bundles. 36-hour trial applies to subscription plans only.,Reactivate your plan in minutes,"jailbroken fire stick, onn google tv, iptv subscription, fire stick streaming, streamstickpro",Keep pricing synchronized with live product data. Avoid mentioning buffering claims.
AD-0158,Referral Push,Google Search,Former trial users,setup simplicity,One app. Cleaner streaming experience | 36-hour subscription trial available | Referral Push,"One app. Cleaner streaming experience. 36-hour subscription trial available. 18,000+ live channels and 100,000+ movies & series. Built for mobile-first buying flows and quick checkout. Built for former trial users with a setup simplicity angle.",For IPTV subscriptions and streaming device bundles. 36-hour trial applies to subscription plans only.,Shop Fire Stick and ONN options,"jailbroken fire stick, onn google tv, iptv subscription, fire stick streaming, streamstickpro",Keep pricing synchronized with live product data. Avoid mentioning buffering claims.
AD-0159,Prospecting,Native Ads,Budget-conscious streamers,support confidence,Upgrade your streaming setup | Secure Stripe checkout with card + wallet options | Prospecting,Upgrade your streaming setup. Secure Stripe checkout with card + wallet options. Secure Stripe checkout with card + wallet options. Created for first-time and returning IPTV users. Built for budget-conscious streamers with a support confidence angle.,For IPTV subscriptions and streaming device bundles. 36-hour trial applies to subscription plans only.,Visit StreamStickPro now,"jailbroken fire stick, onn google tv, iptv subscription, fire stick streaming, streamstickpro",Keep pricing synchronized with live product data. Avoid mentioning buffering claims.
AD-0160,Trial-to-Paid,Facebook,Cord-cutters,device compatibility,"Stop paying cable prices | 18,000+ live channels | Trial-to-Paid","Stop paying cable prices. 18,000+ live channels and 100,000+ movies & series. 36-hour subscription trial available. Trusted by thousands of streamers. Built for cord-cutters with a device compatibility angle.",For IPTV subscriptions and streaming device bundles. 36-hour trial applies to subscription plans only.,Start your 36-hour subscription trial,"jailbroken fire stick, onn google tv, iptv subscription, fire stick streaming, streamstickpro",Keep pricing synchronized with live product data. Avoid mentioning buffering claims.
AD-0161,Referral Push,YouTube,Returning IPTV users,subscription flexibility,Skip app-hunting and start with guided setup | 24/7 support | Referral Push,Skip app-hunting and start with guided setup. 24/7 support and setup tutorials included. Fast activation and clear onboarding flow. Fast setup with clear step-by-step guidance. Built for returning iptv users with a subscription flexibility angle.,For IPTV subscriptions and streaming device bundles. 36-hour trial applies to subscription plans only.,See pricing and start today,"jailbroken fire stick, onn google tv, iptv subscription, fire stick streaming, streamstickpro",Keep pricing synchronized with live product data. Avoid mentioning buffering claims.
AD-0162,Prospecting,Email Retargeting,ONN Google TV users,speed,Bring your own device or choose a bundle | Referral rewards for qualified yearly purchases | Prospecting,Bring your own device or choose a bundle. Referral rewards for qualified yearly purchases. Shipping included on device bundles. Works with IPTV Smarters Pro and TiviMate. Built for onn google tv users with a speed angle.,For IPTV subscriptions and streaming device bundles. 36-hour trial applies to subscription plans only.,Claim referral rewards details,"jailbroken fire stick, onn google tv, iptv subscription, fire stick streaming, streamstickpro",Keep pricing synchronized with live product data. Avoid mentioning buffering claims.
AD-0163,Trial-to-Paid,Instagram,Lapsed subscribers,value,Get premium channels without cable contracts | 1-year service included on device bundles | Trial-to-Paid,"Get premium channels without cable contracts. 1-year service included on device bundles. 1-year service included on device bundles. Built for Fire Stick HD, 4K, 4K Max, and ONN devices. Built for lapsed subscribers with a value angle.",For IPTV subscriptions and streaming device bundles. 36-hour trial applies to subscription plans only.,Compare plans and device bundles,"jailbroken fire stick, onn google tv, iptv subscription, fire stick streaming, streamstickpro",Keep pricing synchronized with live product data. Avoid mentioning buffering claims.
AD-0164,Referral Push,TikTok,Families replacing cable,setup simplicity,Ready in about 10 minutes | Shipping included on device bundles | Referral Push,Ready in about 10 minutes. Shipping included on device bundles. Referral rewards for qualified yearly purchases. No long contracts required for subscription plans. Built for families replacing cable with a setup simplicity angle.,For IPTV subscriptions and streaming device bundles. 36-hour trial applies to subscription plans only.,Get setup support and stream tonight,"jailbroken fire stick, onn google tv, iptv subscription, fire stick streaming, streamstickpro",Keep pricing synchronized with live product data. Avoid mentioning buffering claims.
AD-0165,Prospecting,SMS Follow-up,Fire Stick users,support confidence,Built for Fire Stick and ONN | Fast activation | Prospecting,Built for Fire Stick and ONN. Fast activation and clear onboarding flow. 24/7 support and setup tutorials included. Easy renewals and support when you need it. Built for fire stick users with a support confidence angle.,For IPTV subscriptions and streaming device bundles. 36-hour trial applies to subscription plans only.,Reactivate your plan in minutes,"jailbroken fire stick, onn google tv, iptv subscription, fire stick streaming, streamstickpro",Keep pricing synchronized with live product data. Avoid mentioning buffering claims.
AD-0166,Trial-to-Paid,Google Search,Former trial users,device compatibility,One app. Cleaner streaming experience | 36-hour subscription trial available | Trial-to-Paid,"One app. Cleaner streaming experience. 36-hour subscription trial available. 18,000+ live channels and 100,000+ movies & series. Built for mobile-first buying flows and quick checkout. Built for former trial users with a device compatibility angle.",For IPTV subscriptions and streaming device bundles. 36-hour trial applies to subscription plans only.,Shop Fire Stick and ONN options,"jailbroken fire stick, onn google tv, iptv subscription, fire stick streaming, streamstickpro",Keep pricing synchronized with live product data. Avoid mentioning buffering claims.
AD-0167,Referral Push,Native Ads,Budget-conscious streamers,subscription flexibility,Upgrade your streaming setup | Secure Stripe checkout with card + wallet options | Referral Push,Upgrade your streaming setup. Secure Stripe checkout with card + wallet options. Secure Stripe checkout with card + wallet options. Created for first-time and returning IPTV users. Built for budget-conscious streamers with a subscription flexibility angle.,For IPTV subscriptions and streaming device bundles. 36-hour trial applies to subscription plans only.,Visit StreamStickPro now,"jailbroken fire stick, onn google tv, iptv subscription, fire stick streaming, streamstickpro",Keep pricing synchronized with live product data. Avoid mentioning buffering claims.
AD-0168,Prospecting,Facebook,Cord-cutters,speed,"Stop paying cable prices | 18,000+ live channels | Prospecting","Stop paying cable prices. 18,000+ live channels and 100,000+ movies & series. 36-hour subscription trial available. Trusted by thousands of streamers. Built for cord-cutters with a speed angle.",For IPTV subscriptions and streaming device bundles. 36-hour trial applies to subscription plans only.,Start your 36-hour subscription trial,"jailbroken fire stick, onn google tv, iptv subscription, fire stick streaming, streamstickpro",Keep pricing synchronized with live product data. Avoid mentioning buffering claims.
AD-0169,Trial-to-Paid,YouTube,Returning IPTV users,value,Skip app-hunting and start with guided setup | 24/7 support | Trial-to-Paid,Skip app-hunting and start with guided setup. 24/7 support and setup tutorials included. Fast activation and clear onboarding flow. Fast setup with clear step-by-step guidance. Built for returning iptv users with a value angle.,For IPTV subscriptions and streaming device bundles. 36-hour trial applies to subscription plans only.,See pricing and start today,"jailbroken fire stick, onn google tv, iptv subscription, fire stick streaming, streamstickpro",Keep pricing synchronized with live product data. Avoid mentioning buffering claims.
AD-0170,Referral Push,Email Retargeting,ONN Google TV users,setup simplicity,Bring your own device or choose a bundle | Referral rewards for qualified yearly purchases | Referral Push,Bring your own device or choose a bundle. Referral rewards for qualified yearly purchases. Shipping included on device bundles. Works with IPTV Smarters Pro and TiviMate. Built for onn google tv users with a setup simplicity angle.,For IPTV subscriptions and streaming device bundles. 36-hour trial applies to subscription plans only.,Claim referral rewards details,"jailbroken fire stick, onn google tv, iptv subscription, fire stick streaming, streamstickpro",Keep pricing synchronized with live product data. Avoid mentioning buffering claims.
AD-0171,Prospecting,Instagram,Lapsed subscribers,support confidence,Get premium channels without cable contracts | 1-year service included on device bundles | Prospecting,"Get premium channels without cable contracts. 1-year service included on device bundles. 1-year service included on device bundles. Built for Fire Stick HD, 4K, 4K Max, and ONN devices. Built for lapsed subscribers with a support confidence angle.",For IPTV subscriptions and streaming device bundles. 36-hour trial applies to subscription plans only.,Compare plans and device bundles,"jailbroken fire stick, onn google tv, iptv subscription, fire stick streaming, streamstickpro",Keep pricing synchronized with live product data. Avoid mentioning buffering claims.
AD-0172,Trial-to-Paid,TikTok,Families replacing cable,device compatibility,Ready in about 10 minutes | Shipping included on device bundles | Trial-to-Paid,Ready in about 10 minutes. Shipping included on device bundles. Referral rewards for qualified yearly purchases. No long contracts required for subscription plans. Built for families replacing cable with a device compatibility angle.,For IPTV subscriptions and streaming device bundles. 36-hour trial applies to subscription plans only.,Get setup support and stream tonight,"jailbroken fire stick, onn google tv, iptv subscription, fire stick streaming, streamstickpro",Keep pricing synchronized with live product data. Avoid mentioning buffering claims.
AD-0173,Referral Push,SMS Follow-up,Fire Stick users,subscription flexibility,Built for Fire Stick and ONN | Fast activation | Referral Push,Built for Fire Stick and ONN. Fast activation and clear onboarding flow. 24/7 support and setup tutorials included. Easy renewals and support when you need it. Built for fire stick users with a subscription flexibility angle.,For IPTV subscriptions and streaming device bundles. 36-hour trial applies to subscription plans only.,Reactivate your plan in minutes,"jailbroken fire stick, onn google tv, iptv subscription, fire stick streaming, streamstickpro",Keep pricing synchronized with live product data. Avoid mentioning buffering claims.
AD-0174,Prospecting,Google Search,Former trial users,speed,One app. Cleaner streaming experience | 36-hour subscription trial available | Prospecting,"One app. Cleaner streaming experience. 36-hour subscription trial available. 18,000+ live channels and 100,000+ movies & series. Built for mobile-first buying flows and quick checkout. Built for former trial users with a speed angle.",For IPTV subscriptions and streaming device bundles. 36-hour trial applies to subscription plans only.,Shop Fire Stick and ONN options,"jailbroken fire stick, onn google tv, iptv subscription, fire stick streaming, streamstickpro",Keep pricing synchronized with live product data. Avoid mentioning buffering claims.
AD-0175,Trial-to-Paid,Native Ads,Budget-conscious streamers,value,Upgrade your streaming setup | Secure Stripe checkout with card + wallet options | Trial-to-Paid,Upgrade your streaming setup. Secure Stripe checkout with card + wallet options. Secure Stripe checkout with card + wallet options. Created for first-time and returning IPTV users. Built for budget-conscious streamers with a value angle.,For IPTV subscriptions and streaming device bundles. 36-hour trial applies to subscription plans only.,Visit StreamStickPro now,"jailbroken fire stick, onn google tv, iptv subscription, fire stick streaming, streamstickpro",Keep pricing synchronized with live product data. Avoid mentioning buffering claims.
AD-0176,Referral Push,Facebook,Cord-cutters,setup simplicity,"Stop paying cable prices | 18,000+ live channels | Referral Push","Stop paying cable prices. 18,000+ live channels and 100,000+ movies & series. 36-hour subscription trial available. Trusted by thousands of streamers. Built for cord-cutters with a setup simplicity angle.",For IPTV subscriptions and streaming device bundles. 36-hour trial applies to subscription plans only.,Start your 36-hour subscription trial,"jailbroken fire stick, onn google tv, iptv subscription, fire stick streaming, streamstickpro",Keep pricing synchronized with live product data. Avoid mentioning buffering claims.
AD-0177,Prospecting,YouTube,Returning IPTV users,support confidence,Skip app-hunting and start with guided setup | 24/7 support | Prospecting,Skip app-hunting and start with guided setup. 24/7 support and setup tutorials included. Fast activation and clear onboarding flow. Fast setup with clear step-by-step guidance. Built for returning iptv users with a support confidence angle.,For IPTV subscriptions and streaming device bundles. 36-hour trial applies to subscription plans only.,See pricing and start today,"jailbroken fire stick, onn google tv, iptv subscription, fire stick streaming, streamstickpro",Keep pricing synchronized with live product data. Avoid mentioning buffering claims.
AD-0178,Trial-to-Paid,Email Retargeting,ONN Google TV users,device compatibility,Bring your own device or choose a bundle | Referral rewards for qualified yearly purchases | Trial-to-Paid,Bring your own device or choose a bundle. Referral rewards for qualified yearly purchases. Shipping included on device bundles. Works with IPTV Smarters Pro and TiviMate. Built for onn google tv users with a device compatibility angle.,For IPTV subscriptions and streaming device bundles. 36-hour trial applies to subscription plans only.,Claim referral rewards details,"jailbroken fire stick, onn google tv, iptv subscription, fire stick streaming, streamstickpro",Keep pricing synchronized with live product data. Avoid mentioning buffering claims.
AD-0179,Referral Push,Instagram,Lapsed subscribers,subscription flexibility,Get premium channels without cable contracts | 1-year service included on device bundles | Referral Push,"Get premium channels without cable contracts. 1-year service included on device bundles. 1-year service included on device bundles. Built for Fire Stick HD, 4K, 4K Max, and ONN devices. Built for lapsed subscribers with a subscription flexibility angle.",For IPTV subscriptions and streaming device bundles. 36-hour trial applies to subscription plans only.,Compare plans and device bundles,"jailbroken fire stick, onn google tv, iptv subscription, fire stick streaming, streamstickpro",Keep pricing synchronized with live product data. Avoid mentioning buffering claims.
AD-0180,Prospecting,TikTok,Families replacing cable,speed,Ready in about 10 minutes | Shipping included on device bundles | Prospecting,Ready in about 10 minutes. Shipping included on device bundles. Referral rewards for qualified yearly purchases. No long contracts required for subscription plans. Built for families replacing cable with a speed angle.,For IPTV subscriptions and streaming device bundles. 36-hour trial applies to subscription plans only.,Get setup support and stream tonight,"jailbroken fire stick, onn google tv, iptv subscription, fire stick streaming, streamstickpro",Keep pricing synchronized with live product data. Avoid mentioning buffering claims.
AD-0181,Trial-to-Paid,SMS Follow-up,Fire Stick users,value,Built for Fire Stick and ONN | Fast activation | Trial-to-Paid,Built for Fire Stick and ONN. Fast activation and clear onboarding flow. 24/7 support and setup tutorials included. Easy renewals and support when you need it. Built for fire stick users with a value angle.,For IPTV subscriptions and streaming device bundles. 36-hour trial applies to subscription plans only.,Reactivate your plan in minutes,"jailbroken fire stick, onn google tv, iptv subscription, fire stick streaming, streamstickpro",Keep pricing synchronized with live product data. Avoid mentioning buffering claims.
AD-0182,Referral Push,Google Search,Former trial users,setup simplicity,One app. Cleaner streaming experience | 36-hour subscription trial available | Referral Push,"One app. Cleaner streaming experience. 36-hour subscription trial available. 18,000+ live channels and 100,000+ movies & series. Built for mobile-first buying flows and quick checkout. Built for former trial users with a setup simplicity angle.",For IPTV subscriptions and streaming device bundles. 36-hour trial applies to subscription plans only.,Shop Fire Stick and ONN options,"jailbroken fire stick, onn google tv, iptv subscription, fire stick streaming, streamstickpro",Keep pricing synchronized with live product data. Avoid mentioning buffering claims.
AD-0183,Prospecting,Native Ads,Budget-conscious streamers,support confidence,Upgrade your streaming setup | Secure Stripe checkout with card + wallet options | Prospecting,Upgrade your streaming setup. Secure Stripe checkout with card + wallet options. Secure Stripe checkout with card + wallet options. Created for first-time and returning IPTV users. Built for budget-conscious streamers with a support confidence angle.,For IPTV subscriptions and streaming device bundles. 36-hour trial applies to subscription plans only.,Visit StreamStickPro now,"jailbroken fire stick, onn google tv, iptv subscription, fire stick streaming, streamstickpro",Keep pricing synchronized with live product data. Avoid mentioning buffering claims.
AD-0184,Trial-to-Paid,Facebook,Cord-cutters,device compatibility,"Stop paying cable prices | 18,000+ live channels | Trial-to-Paid","Stop paying cable prices. 18,000+ live channels and 100,000+ movies & series. 36-hour subscription trial available. Trusted by thousands of streamers. Built for cord-cutters with a device compatibility angle.",For IPTV subscriptions and streaming device bundles. 36-hour trial applies to subscription plans only.,Start your 36-hour subscription trial,"jailbroken fire stick, onn google tv, iptv subscription, fire stick streaming, streamstickpro",Keep pricing synchronized with live product data. Avoid mentioning buffering claims.
AD-0185,Referral Push,YouTube,Returning IPTV users,subscription flexibility,Skip app-hunting and start with guided setup | 24/7 support | Referral Push,Skip app-hunting and start with guided setup. 24/7 support and setup tutorials included. Fast activation and clear onboarding flow. Fast setup with clear step-by-step guidance. Built for returning iptv users with a subscription flexibility angle.,For IPTV subscriptions and streaming device bundles. 36-hour trial applies to subscription plans only.,See pricing and start today,"jailbroken fire stick, onn google tv, iptv subscription, fire stick streaming, streamstickpro",Keep pricing synchronized with live product data. Avoid mentioning buffering claims.
AD-0186,Prospecting,Email Retargeting,ONN Google TV users,speed,Bring your own device or choose a bundle | Referral rewards for qualified yearly purchases | Prospecting,Bring your own device or choose a bundle. Referral rewards for qualified yearly purchases. Shipping included on device bundles. Works with IPTV Smarters Pro and TiviMate. Built for onn google tv users with a speed angle.,For IPTV subscriptions and streaming device bundles. 36-hour trial applies to subscription plans only.,Claim referral rewards details,"jailbroken fire stick, onn google tv, iptv subscription, fire stick streaming, streamstickpro",Keep pricing synchronized with live product data. Avoid mentioning buffering claims.
AD-0187,Trial-to-Paid,Instagram,Lapsed subscribers,value,Get premium channels without cable contracts | 1-year service included on device bundles | Trial-to-Paid,"Get premium channels without cable contracts. 1-year service included on device bundles. 1-year service included on device bundles. Built for Fire Stick HD, 4K, 4K Max, and ONN devices. Built for lapsed subscribers with a value angle.",For IPTV subscriptions and streaming device bundles. 36-hour trial applies to subscription plans only.,Compare plans and device bundles,"jailbroken fire stick, onn google tv, iptv subscription, fire stick streaming, streamstickpro",Keep pricing synchronized with live product data. Avoid mentioning buffering claims.
AD-0188,Referral Push,TikTok,Families replacing cable,setup simplicity,Ready in about 10 minutes | Shipping included on device bundles | Referral Push,Ready in about 10 minutes. Shipping included on device bundles. Referral rewards for qualified yearly purchases. No long contracts required for subscription plans. Built for families replacing cable with a setup simplicity angle.,For IPTV subscriptions and streaming device bundles. 36-hour trial applies to subscription plans only.,Get setup support and stream tonight,"jailbroken fire stick, onn google tv, iptv subscription, fire stick streaming, streamstickpro",Keep pricing synchronized with live product data. Avoid mentioning buffering claims.
AD-0189,Prospecting,SMS Follow-up,Fire Stick users,support confidence,Built for Fire Stick and ONN | Fast activation | Prospecting,Built for Fire Stick and ONN. Fast activation and clear onboarding flow. 24/7 support and setup tutorials included. Easy renewals and support when you need it. Built for fire stick users with a support confidence angle.,For IPTV subscriptions and streaming device bundles. 36-hour trial applies to subscription plans only.,Reactivate your plan in minutes,"jailbroken fire stick, onn google tv, iptv subscription, fire stick streaming, streamstickpro",Keep pricing synchronized with live product data. Avoid mentioning buffering claims.
AD-0190,Trial-to-Paid,Google Search,Former trial users,device compatibility,One app. Cleaner streaming experience | 36-hour subscription trial available | Trial-to-Paid,"One app. Cleaner streaming experience. 36-hour subscription trial available. 18,000+ live channels and 100,000+ movies & series. Built for mobile-first buying flows and quick checkout. Built for former trial users with a device compatibility angle.",For IPTV subscriptions and streaming device bundles. 36-hour trial applies to subscription plans only.,Shop Fire Stick and ONN options,"jailbroken fire stick, onn google tv, iptv subscription, fire stick streaming, streamstickpro",Keep pricing synchronized with live product data. Avoid mentioning buffering claims.
AD-0191,Referral Push,Native Ads,Budget-conscious streamers,subscription flexibility,Upgrade your streaming setup | Secure Stripe checkout with card + wallet options | Referral Push,Upgrade your streaming setup. Secure Stripe checkout with card + wallet options. Secure Stripe checkout with card + wallet options. Created for first-time and returning IPTV users. Built for budget-conscious streamers with a subscription flexibility angle.,For IPTV subscriptions and streaming device bundles. 36-hour trial applies to subscription plans only.,Visit StreamStickPro now,"jailbroken fire stick, onn google tv, iptv subscription, fire stick streaming, streamstickpro",Keep pricing synchronized with live product data. Avoid mentioning buffering claims.
AD-0192,Prospecting,Facebook,Cord-cutters,speed,"Stop paying cable prices | 18,000+ live channels | Prospecting","Stop paying cable prices. 18,000+ live channels and 100,000+ movies & series. 36-hour subscription trial available. Trusted by thousands of streamers. Built for cord-cutters with a speed angle.",For IPTV subscriptions and streaming device bundles. 36-hour trial applies to subscription plans only.,Start your 36-hour subscription trial,"jailbroken fire stick, onn google tv, iptv subscription, fire stick streaming, streamstickpro",Keep pricing synchronized with live product data. Avoid mentioning buffering claims.
AD-0193,Trial-to-Paid,YouTube,Returning IPTV users,value,Skip app-hunting and start with guided setup | 24/7 support | Trial-to-Paid,Skip app-hunting and start with guided setup. 24/7 support and setup tutorials included. Fast activation and clear onboarding flow. Fast setup with clear step-by-step guidance. Built for returning iptv users with a value angle.,For IPTV subscriptions and streaming device bundles. 36-hour trial applies to subscription plans only.,See pricing and start today,"jailbroken fire stick, onn google tv, iptv subscription, fire stick streaming, streamstickpro",Keep pricing synchronized with live product data. Avoid mentioning buffering claims.
AD-0194,Referral Push,Email Retargeting,ONN Google TV users,setup simplicity,Bring your own device or choose a bundle | Referral rewards for qualified yearly purchases | Referral Push,Bring your own device or choose a bundle. Referral rewards for qualified yearly purchases. Shipping included on device bundles. Works with IPTV Smarters Pro and TiviMate. Built for onn google tv users with a setup simplicity angle.,For IPTV subscriptions and streaming device bundles. 36-hour trial applies to subscription plans only.,Claim referral rewards details,"jailbroken fire stick, onn google tv, iptv subscription, fire stick streaming, streamstickpro",Keep pricing synchronized with live product data. Avoid mentioning buffering claims.
AD-0195,Prospecting,Instagram,Lapsed subscribers,support confidence,Get premium channels without cable contracts | 1-year service included on device bundles | Prospecting,"Get premium channels without cable contracts. 1-year service included on device bundles. 1-year service included on device bundles. Built for Fire Stick HD, 4K, 4K Max, and ONN devices. Built for lapsed subscribers with a support confidence angle.",For IPTV subscriptions and streaming device bundles. 36-hour trial applies to subscription plans only.,Compare plans and device bundles,"jailbroken fire stick, onn google tv, iptv subscription, fire stick streaming, streamstickpro",Keep pricing synchronized with live product data. Avoid mentioning buffering claims.
AD-0196,Trial-to-Paid,TikTok,Families replacing cable,device compatibility,Ready in about 10 minutes | Shipping included on device bundles | Trial-to-Paid,Ready in about 10 minutes. Shipping included on device bundles. Referral rewards for qualified yearly purchases. No long contracts required for subscription plans. Built for families replacing cable with a device compatibility angle.,For IPTV subscriptions and streaming device bundles. 36-hour trial applies to subscription plans only.,Get setup support and stream tonight,"jailbroken fire stick, onn google tv, iptv subscription, fire stick streaming, streamstickpro",Keep pricing synchronized with live product data. Avoid mentioning buffering claims.
AD-0197,Referral Push,SMS Follow-up,Fire Stick users,subscription flexibility,Built for Fire Stick and ONN | Fast activation | Referral Push,Built for Fire Stick and ONN. Fast activation and clear onboarding flow. 24/7 support and setup tutorials included. Easy renewals and support when you need it. Built for fire stick users with a subscription flexibility angle.,For IPTV subscriptions and streaming device bundles. 36-hour trial applies to subscription plans only.,Reactivate your plan in minutes,"jailbroken fire stick, onn google tv, iptv subscription, fire stick streaming, streamstickpro",Keep pricing synchronized with live product data. Avoid mentioning buffering claims.
AD-0198,Prospecting,Google Search,Former trial users,speed,One app. Cleaner streaming experience | 36-hour subscription trial available | Prospecting,"One app. Cleaner streaming experience. 36-hour subscription trial available. 18,000+ live channels and 100,000+ movies & series. Built for mobile-first buying flows and quick checkout. Built for former trial users with a speed angle.",For IPTV subscriptions and streaming device bundles. 36-hour trial applies to subscription plans only.,Shop Fire Stick and ONN options,"jailbroken fire stick, onn google tv, iptv subscription, fire stick streaming, streamstickpro",Keep pricing synchronized with live product data. Avoid mentioning buffering claims.
AD-0199,Trial-to-Paid,Native Ads,Budget-conscious streamers,value,Upgrade your streaming setup | Secure Stripe checkout with card + wallet options | Trial-to-Paid,Upgrade your streaming setup. Secure Stripe checkout with card + wallet options. Secure Stripe checkout with card + wallet options. Created for first-time and returning IPTV users. Built for budget-conscious streamers with a value angle.,For IPTV subscriptions and streaming device bundles. 36-hour trial applies to subscription plans only.,Visit StreamStickPro now,"jailbroken fire stick, onn google tv, iptv subscription, fire stick streaming, streamstickpro",Keep pricing synchronized with live product data. Avoid mentioning buffering claims.
AD-0200,Referral Push,Facebook,Cord-cutters,setup simplicity,"Stop paying cable prices | 18,000+ live channels | Referral Push","Stop paying cable prices. 18,000+ live channels and 100,000+ movies & series. 36-hour subscription trial available. Trusted by thousands of streamers. Built for cord-cutters with a setup simplicity angle.",For IPTV subscriptions and streaming device bundles. 36-hour trial applies to subscription plans only.,Start your 36-hour subscription trial,"jailbroken fire stick, onn google tv, iptv subscription, fire stick streaming, streamstickpro",Keep pricing synchronized with live product data. Avoid mentioning buffering claims.
AD-0201,Prospecting,YouTube,Returning IPTV users,support confidence,Skip app-hunting and start with guided setup | 24/7 support | Prospecting,Skip app-hunting and start with guided setup. 24/7 support and setup tutorials included. Fast activation and clear onboarding flow. Fast setup with clear step-by-step guidance. Built for returning iptv users with a support confidence angle.,For IPTV subscriptions and streaming device bundles. 36-hour trial applies to subscription plans only.,See pricing and start today,"jailbroken fire stick, onn google tv, iptv subscription, fire stick streaming, streamstickpro",Keep pricing synchronized with live product data. Avoid mentioning buffering claims.
AD-0202,Trial-to-Paid,Email Retargeting,ONN Google TV users,device compatibility,Bring your own device or choose a bundle | Referral rewards for qualified yearly purchases | Trial-to-Paid,Bring your own device or choose a bundle. Referral rewards for qualified yearly purchases. Shipping included on device bundles. Works with IPTV Smarters Pro and TiviMate. Built for onn google tv users with a device compatibility angle.,For IPTV subscriptions and streaming device bundles. 36-hour trial applies to subscription plans only.,Claim referral rewards details,"jailbroken fire stick, onn google tv, iptv subscription, fire stick streaming, streamstickpro",Keep pricing synchronized with live product data. Avoid mentioning buffering claims.
AD-0203,Referral Push,Instagram,Lapsed subscribers,subscription flexibility,Get premium channels without cable contracts | 1-year service included on device bundles | Referral Push,"Get premium channels without cable contracts. 1-year service included on device bundles. 1-year service included on device bundles. Built for Fire Stick HD, 4K, 4K Max, and ONN devices. Built for lapsed subscribers with a subscription flexibility angle.",For IPTV subscriptions and streaming device bundles. 36-hour trial applies to subscription plans only.,Compare plans and device bundles,"jailbroken fire stick, onn google tv, iptv subscription, fire stick streaming, streamstickpro",Keep pricing synchronized with live product data. Avoid mentioning buffering claims.
AD-0204,Prospecting,TikTok,Families replacing cable,speed,Ready in about 10 minutes | Shipping included on device bundles | Prospecting,Ready in about 10 minutes. Shipping included on device bundles. Referral rewards for qualified yearly purchases. No long contracts required for subscription plans. Built for families replacing cable with a speed angle.,For IPTV subscriptions and streaming device bundles. 36-hour trial applies to subscription plans only.,Get setup support and stream tonight,"jailbroken fire stick, onn google tv, iptv subscription, fire stick streaming, streamstickpro",Keep pricing synchronized with live product data. Avoid mentioning buffering claims.
AD-0205,Trial-to-Paid,SMS Follow-up,Fire Stick users,value,Built for Fire Stick and ONN | Fast activation | Trial-to-Paid,Built for Fire Stick and ONN. Fast activation and clear onboarding flow. 24/7 support and setup tutorials included. Easy renewals and support when you need it. Built for fire stick users with a value angle.,For IPTV subscriptions and streaming device bundles. 36-hour trial applies to subscription plans only.,Reactivate your plan in minutes,"jailbroken fire stick, onn google tv, iptv subscription, fire stick streaming, streamstickpro",Keep pricing synchronized with live product data. Avoid mentioning buffering claims.
AD-0206,Referral Push,Google Search,Former trial users,setup simplicity,One app. Cleaner streaming experience | 36-hour subscription trial available | Referral Push,"One app. Cleaner streaming experience. 36-hour subscription trial available. 18,000+ live channels and 100,000+ movies & series. Built for mobile-first buying flows and quick checkout. Built for former trial users with a setup simplicity angle.",For IPTV subscriptions and streaming device bundles. 36-hour trial applies to subscription plans only.,Shop Fire Stick and ONN options,"jailbroken fire stick, onn google tv, iptv subscription, fire stick streaming, streamstickpro",Keep pricing synchronized with live product data. Avoid mentioning buffering claims.
AD-0207,Prospecting,Native Ads,Budget-conscious streamers,support confidence,Upgrade your streaming setup | Secure Stripe checkout with card + wallet options | Prospecting,Upgrade your streaming setup. Secure Stripe checkout with card + wallet options. Secure Stripe checkout with card + wallet options. Created for first-time and returning IPTV users. Built for budget-conscious streamers with a support confidence angle.,For IPTV subscriptions and streaming device bundles. 36-hour trial applies to subscription plans only.,Visit StreamStickPro now,"jailbroken fire stick, onn google tv, iptv subscription, fire stick streaming, streamstickpro",Keep pricing synchronized with live product data. Avoid mentioning buffering claims.
AD-0208,Trial-to-Paid,Facebook,Cord-cutters,device compatibility,"Stop paying cable prices | 18,000+ live channels | Trial-to-Paid","Stop paying cable prices. 18,000+ live channels and 100,000+ movies & series. 36-hour subscription trial available. Trusted by thousands of streamers. Built for cord-cutters with a device compatibility angle.",For IPTV subscriptions and streaming device bundles. 36-hour trial applies to subscription plans only.,Start your 36-hour subscription trial,"jailbroken fire stick, onn google tv, iptv subscription, fire stick streaming, streamstickpro",Keep pricing synchronized with live product data. Avoid mentioning buffering claims.
AD-0209,Referral Push,YouTube,Returning IPTV users,subscription flexibility,Skip app-hunting and start with guided setup | 24/7 support | Referral Push,Skip app-hunting and start with guided setup. 24/7 support and setup tutorials included. Fast activation and clear onboarding flow. Fast setup with clear step-by-step guidance. Built for returning iptv users with a subscription flexibility angle.,For IPTV subscriptions and streaming device bundles. 36-hour trial applies to subscription plans only.,See pricing and start today,"jailbroken fire stick, onn google tv, iptv subscription, fire stick streaming, streamstickpro",Keep pricing synchronized with live product data. Avoid mentioning buffering claims.
AD-0210,Prospecting,Email Retargeting,ONN Google TV users,speed,Bring your own device or choose a bundle | Referral rewards for qualified yearly purchases | Prospecting,Bring your own device or choose a bundle. Referral rewards for qualified yearly purchases. Shipping included on device bundles. Works with IPTV Smarters Pro and TiviMate. Built for onn google tv users with a speed angle.,For IPTV subscriptions and streaming device bundles. 36-hour trial applies to subscription plans only.,Claim referral rewards details,"jailbroken fire stick, onn google tv, iptv subscription, fire stick streaming, streamstickpro",Keep pricing synchronized with live product data. Avoid mentioning buffering claims.
AD-0211,Trial-to-Paid,Instagram,Lapsed subscribers,value,Get premium channels without cable contracts | 1-year service included on device bundles | Trial-to-Paid,"Get premium channels without cable contracts. 1-year service included on device bundles. 1-year service included on device bundles. Built for Fire Stick HD, 4K, 4K Max, and ONN devices. Built for lapsed subscribers with a value angle.",For IPTV subscriptions and streaming device bundles. 36-hour trial applies to subscription plans only.,Compare plans and device bundles,"jailbroken fire stick, onn google tv, iptv subscription, fire stick streaming, streamstickpro",Keep pricing synchronized with live product data. Avoid mentioning buffering claims.
AD-0212,Referral Push,TikTok,Families replacing cable,setup simplicity,Ready in about 10 minutes | Shipping included on device bundles | Referral Push,Ready in about 10 minutes. Shipping included on device bundles. Referral rewards for qualified yearly purchases. No long contracts required for subscription plans. Built for families replacing cable with a setup simplicity angle.,For IPTV subscriptions and streaming device bundles. 36-hour trial applies to subscription plans only.,Get setup support and stream tonight,"jailbroken fire stick, onn google tv, iptv subscription, fire stick streaming, streamstickpro",Keep pricing synchronized with live product data. Avoid mentioning buffering claims.
AD-0213,Prospecting,SMS Follow-up,Fire Stick users,support confidence,Built for Fire Stick and ONN | Fast activation | Prospecting,Built for Fire Stick and ONN. Fast activation and clear onboarding flow. 24/7 support and setup tutorials included. Easy renewals and support when you need it. Built for fire stick users with a support confidence angle.,For IPTV subscriptions and streaming device bundles. 36-hour trial applies to subscription plans only.,Reactivate your plan in minutes,"jailbroken fire stick, onn google tv, iptv subscription, fire stick streaming, streamstickpro",Keep pricing synchronized with live product data. Avoid mentioning buffering claims.
AD-0214,Trial-to-Paid,Google Search,Former trial users,device compatibility,One app. Cleaner streaming experience | 36-hour subscription trial available | Trial-to-Paid,"One app. Cleaner streaming experience. 36-hour subscription trial available. 18,000+ live channels and 100,000+ movies & series. Built for mobile-first buying flows and quick checkout. Built for former trial users with a device compatibility angle.",For IPTV subscriptions and streaming device bundles. 36-hour trial applies to subscription plans only.,Shop Fire Stick and ONN options,"jailbroken fire stick, onn google tv, iptv subscription, fire stick streaming, streamstickpro",Keep pricing synchronized with live product data. Avoid mentioning buffering claims.
AD-0215,Referral Push,Native Ads,Budget-conscious streamers,subscription flexibility,Upgrade your streaming setup | Secure Stripe checkout with card + wallet options | Referral Push,Upgrade your streaming setup. Secure Stripe checkout with card + wallet options. Secure Stripe checkout with card + wallet options. Created for first-time and returning IPTV users. Built for budget-conscious streamers with a subscription flexibility angle.,For IPTV subscriptions and streaming device bundles. 36-hour trial applies to subscription plans only.,Visit StreamStickPro now,"jailbroken fire stick, onn google tv, iptv subscription, fire stick streaming, streamstickpro",Keep pricing synchronized with live product data. Avoid mentioning buffering claims.
AD-0216,Prospecting,Facebook,Cord-cutters,speed,"Stop paying cable prices | 18,000+ live channels | Prospecting","Stop paying cable prices. 18,000+ live channels and 100,000+ movies & series. 36-hour subscription trial available. Trusted by thousands of streamers. Built for cord-cutters with a speed angle.",For IPTV subscriptions and streaming device bundles. 36-hour trial applies to subscription plans only.,Start your 36-hour subscription trial,"jailbroken fire stick, onn google tv, iptv subscription, fire stick streaming, streamstickpro",Keep pricing synchronized with live product data. Avoid mentioning buffering claims.
AD-0217,Trial-to-Paid,YouTube,Returning IPTV users,value,Skip app-hunting and start with guided setup | 24/7 support | Trial-to-Paid,Skip app-hunting and start with guided setup. 24/7 support and setup tutorials included. Fast activation and clear onboarding flow. Fast setup with clear step-by-step guidance. Built for returning iptv users with a value angle.,For IPTV subscriptions and streaming device bundles. 36-hour trial applies to subscription plans only.,See pricing and start today,"jailbroken fire stick, onn google tv, iptv subscription, fire stick streaming, streamstickpro",Keep pricing synchronized with live product data. Avoid mentioning buffering claims.
AD-0218,Referral Push,Email Retargeting,ONN Google TV users,setup simplicity,Bring your own device or choose a bundle | Referral rewards for qualified yearly purchases | Referral Push,Bring your own device or choose a bundle. Referral rewards for qualified yearly purchases. Shipping included on device bundles. Works with IPTV Smarters Pro and TiviMate. Built for onn google tv users with a setup simplicity angle.,For IPTV subscriptions and streaming device bundles. 36-hour trial applies to subscription plans only.,Claim referral rewards details,"jailbroken fire stick, onn google tv, iptv subscription, fire stick streaming, streamstickpro",Keep pricing synchronized with live product data. Avoid mentioning buffering claims.
AD-0219,Prospecting,Instagram,Lapsed subscribers,support confidence,Get premium channels without cable contracts | 1-year service included on device bundles | Prospecting,"Get premium channels without cable contracts. 1-year service included on device bundles. 1-year service included on device bundles. Built for Fire Stick HD, 4K, 4K Max, and ONN devices. Built for lapsed subscribers with a support confidence angle.",For IPTV subscriptions and streaming device bundles. 36-hour trial applies to subscription plans only.,Compare plans and device bundles,"jailbroken fire stick, onn google tv, iptv subscription, fire stick streaming, streamstickpro",Keep pricing synchronized with live product data. Avoid mentioning buffering claims.
AD-0220,Trial-to-Paid,TikTok,Families replacing cable,device compatibility,Ready in about 10 minutes | Shipping included on device bundles | Trial-to-Paid,Ready in about 10 minutes. Shipping included on device bundles. Referral rewards for qualified yearly purchases. No long contracts required for subscription plans. Built for families replacing cable with a device compatibility angle.,For IPTV subscriptions and streaming device bundles. 36-hour trial applies to subscription plans only.,Get setup support and stream tonight,"jailbroken fire stick, onn google tv, iptv subscription, fire stick streaming, streamstickpro",Keep pricing synchronized with live product data. Avoid mentioning buffering claims.
AD-0221,Referral Push,SMS Follow-up,Fire Stick users,subscription flexibility,Built for Fire Stick and ONN | Fast activation | Referral Push,Built for Fire Stick and ONN. Fast activation and clear onboarding flow. 24/7 support and setup tutorials included. Easy renewals and support when you need it. Built for fire stick users with a subscription flexibility angle.,For IPTV subscriptions and streaming device bundles. 36-hour trial applies to subscription plans only.,Reactivate your plan in minutes,"jailbroken fire stick, onn google tv, iptv subscription, fire stick streaming, streamstickpro",Keep pricing synchronized with live product data. Avoid mentioning buffering claims.
AD-0222,Prospecting,Google Search,Former trial users,speed,One app. Cleaner streaming experience | 36-hour subscription trial available | Prospecting,"One app. Cleaner streaming experience. 36-hour subscription trial available. 18,000+ live channels and 100,000+ movies & series. Built for mobile-first buying flows and quick checkout. Built for former trial users with a speed angle.",For IPTV subscriptions and streaming device bundles. 36-hour trial applies to subscription plans only.,Shop Fire Stick and ONN options,"jailbroken fire stick, onn google tv, iptv subscription, fire stick streaming, streamstickpro",Keep pricing synchronized with live product data. Avoid mentioning buffering claims.
AD-0223,Trial-to-Paid,Native Ads,Budget-conscious streamers,value,Upgrade your streaming setup | Secure Stripe checkout with card + wallet options | Trial-to-Paid,Upgrade your streaming setup. Secure Stripe checkout with card + wallet options. Secure Stripe checkout with card + wallet options. Created for first-time and returning IPTV users. Built for budget-conscious streamers with a value angle.,For IPTV subscriptions and streaming device bundles. 36-hour trial applies to subscription plans only.,Visit StreamStickPro now,"jailbroken fire stick, onn google tv, iptv subscription, fire stick streaming, streamstickpro",Keep pricing synchronized with live product data. Avoid mentioning buffering claims.
AD-0224,Referral Push,Facebook,Cord-cutters,setup simplicity,"Stop paying cable prices | 18,000+ live channels | Referral Push","Stop paying cable prices. 18,000+ live channels and 100,000+ movies & series. 36-hour subscription trial available. Trusted by thousands of streamers. Built for cord-cutters with a setup simplicity angle.",For IPTV subscriptions and streaming device bundles. 36-hour trial applies to subscription plans only.,Start your 36-hour subscription trial,"jailbroken fire stick, onn google tv, iptv subscription, fire stick streaming, streamstickpro",Keep pricing synchronized with live product data. Avoid mentioning buffering claims.
AD-0225,Prospecting,YouTube,Returning IPTV users,support confidence,Skip app-hunting and start with guided setup | 24/7 support | Prospecting,Skip app-hunting and start with guided setup. 24/7 support and setup tutorials included. Fast activation and clear onboarding flow. Fast setup with clear step-by-step guidance. Built for returning iptv users with a support confidence angle.,For IPTV subscriptions and streaming device bundles. 36-hour trial applies to subscription plans only.,See pricing and start today,"jailbroken fire stick, onn google tv, iptv subscription, fire stick streaming, streamstickpro",Keep pricing synchronized with live product data. Avoid mentioning buffering claims.
AD-0226,Trial-to-Paid,Email Retargeting,ONN Google TV users,device compatibility,Bring your own device or choose a bundle | Referral rewards for qualified yearly purchases | Trial-to-Paid,Bring your own device or choose a bundle. Referral rewards for qualified yearly purchases. Shipping included on device bundles. Works with IPTV Smarters Pro and TiviMate. Built for onn google tv users with a device compatibility angle.,For IPTV subscriptions and streaming device bundles. 36-hour trial applies to subscription plans only.,Claim referral rewards details,"jailbroken fire stick, onn google tv, iptv subscription, fire stick streaming, streamstickpro",Keep pricing synchronized with live product data. Avoid mentioning buffering claims.
AD-0227,Referral Push,Instagram,Lapsed subscribers,subscription flexibility,Get premium channels without cable contracts | 1-year service included on device bundles | Referral Push,"Get premium channels without cable contracts. 1-year service included on device bundles. 1-year service included on device bundles. Built for Fire Stick HD, 4K, 4K Max, and ONN devices. Built for lapsed subscribers with a subscription flexibility angle.",For IPTV subscriptions and streaming device bundles. 36-hour trial applies to subscription plans only.,Compare plans and device bundles,"jailbroken fire stick, onn google tv, iptv subscription, fire stick streaming, streamstickpro",Keep pricing synchronized with live product data. Avoid mentioning buffering claims.
AD-0228,Prospecting,TikTok,Families replacing cable,speed,Ready in about 10 minutes | Shipping included on device bundles | Prospecting,Ready in about 10 minutes. Shipping included on device bundles. Referral rewards for qualified yearly purchases. No long contracts required for subscription plans. Built for families replacing cable with a speed angle.,For IPTV subscriptions and streaming device bundles. 36-hour trial applies to subscription plans only.,Get setup support and stream tonight,"jailbroken fire stick, onn google tv, iptv subscription, fire stick streaming, streamstickpro",Keep pricing synchronized with live product data. Avoid mentioning buffering claims.
AD-0229,Trial-to-Paid,SMS Follow-up,Fire Stick users,value,Built for Fire Stick and ONN | Fast activation | Trial-to-Paid,Built for Fire Stick and ONN. Fast activation and clear onboarding flow. 24/7 support and setup tutorials included. Easy renewals and support when you need it. Built for fire stick users with a value angle.,For IPTV subscriptions and streaming device bundles. 36-hour trial applies to subscription plans only.,Reactivate your plan in minutes,"jailbroken fire stick, onn google tv, iptv subscription, fire stick streaming, streamstickpro",Keep pricing synchronized with live product data. Avoid mentioning buffering claims.
AD-0230,Referral Push,Google Search,Former trial users,setup simplicity,One app. Cleaner streaming experience | 36-hour subscription trial available | Referral Push,"One app. Cleaner streaming experience. 36-hour subscription trial available. 18,000+ live channels and 100,000+ movies & series. Built for mobile-first buying flows and quick checkout. Built for former trial users with a setup simplicity angle.",For IPTV subscriptions and streaming device bundles. 36-hour trial applies to subscription plans only.,Shop Fire Stick and ONN options,"jailbroken fire stick, onn google tv, iptv subscription, fire stick streaming, streamstickpro",Keep pricing synchronized with live product data. Avoid mentioning buffering claims.
AD-0231,Prospecting,Native Ads,Budget-conscious streamers,support confidence,Upgrade your streaming setup | Secure Stripe checkout with card + wallet options | Prospecting,Upgrade your streaming setup. Secure Stripe checkout with card + wallet options. Secure Stripe checkout with card + wallet options. Created for first-time and returning IPTV users. Built for budget-conscious streamers with a support confidence angle.,For IPTV subscriptions and streaming device bundles. 36-hour trial applies to subscription plans only.,Visit StreamStickPro now,"jailbroken fire stick, onn google tv, iptv subscription, fire stick streaming, streamstickpro",Keep pricing synchronized with live product data. Avoid mentioning buffering claims.
AD-0232,Trial-to-Paid,Facebook,Cord-cutters,device compatibility,"Stop paying cable prices | 18,000+ live channels | Trial-to-Paid","Stop paying cable prices. 18,000+ live channels and 100,000+ movies & series. 36-hour subscription trial available. Trusted by thousands of streamers. Built for cord-cutters with a device compatibility angle.",For IPTV subscriptions and streaming device bundles. 36-hour trial applies to subscription plans only.,Start your 36-hour subscription trial,"jailbroken fire stick, onn google tv, iptv subscription, fire stick streaming, streamstickpro",Keep pricing synchronized with live product data. Avoid mentioning buffering claims.
AD-0233,Referral Push,YouTube,Returning IPTV users,subscription flexibility,Skip app-hunting and start with guided setup | 24/7 support | Referral Push,Skip app-hunting and start with guided setup. 24/7 support and setup tutorials included. Fast activation and clear onboarding flow. Fast setup with clear step-by-step guidance. Built for returning iptv users with a subscription flexibility angle.,For IPTV subscriptions and streaming device bundles. 36-hour trial applies to subscription plans only.,See pricing and start today,"jailbroken fire stick, onn google tv, iptv subscription, fire stick streaming, streamstickpro",Keep pricing synchronized with live product data. Avoid mentioning buffering claims.
AD-0234,Prospecting,Email Retargeting,ONN Google TV users,speed,Bring your own device or choose a bundle | Referral rewards for qualified yearly purchases | Prospecting,Bring your own device or choose a bundle. Referral rewards for qualified yearly purchases. Shipping included on device bundles. Works with IPTV Smarters Pro and TiviMate. Built for onn google tv users with a speed angle.,For IPTV subscriptions and streaming device bundles. 36-hour trial applies to subscription plans only.,Claim referral rewards details,"jailbroken fire stick, onn google tv, iptv subscription, fire stick streaming, streamstickpro",Keep pricing synchronized with live product data. Avoid mentioning buffering claims.
AD-0235,Trial-to-Paid,Instagram,Lapsed subscribers,value,Get premium channels without cable contracts | 1-year service included on device bundles | Trial-to-Paid,"Get premium channels without cable contracts. 1-year service included on device bundles. 1-year service included on device bundles. Built for Fire Stick HD, 4K, 4K Max, and ONN devices. Built for lapsed subscribers with a value angle.",For IPTV subscriptions and streaming device bundles. 36-hour trial applies to subscription plans only.,Compare plans and device bundles,"jailbroken fire stick, onn google tv, iptv subscription, fire stick streaming, streamstickpro",Keep pricing synchronized with live product data. Avoid mentioning buffering claims.
AD-0236,Referral Push,TikTok,Families replacing cable,setup simplicity,Ready in about 10 minutes | Shipping included on device bundles | Referral Push,Ready in about 10 minutes. Shipping included on device bundles. Referral rewards for qualified yearly purchases. No long contracts required for subscription plans. Built for families replacing cable with a setup simplicity angle.,For IPTV subscriptions and streaming device bundles. 36-hour trial applies to subscription plans only.,Get setup support and stream tonight,"jailbroken fire stick, onn google tv, iptv subscription, fire stick streaming, streamstickpro",Keep pricing synchronized with live product data. Avoid mentioning buffering claims.
AD-0237,Prospecting,SMS Follow-up,Fire Stick users,support confidence,Built for Fire Stick and ONN | Fast activation | Prospecting,Built for Fire Stick and ONN. Fast activation and clear onboarding flow. 24/7 support and setup tutorials included. Easy renewals and support when you need it. Built for fire stick users with a support confidence angle.,For IPTV subscriptions and streaming device bundles. 36-hour trial applies to subscription plans only.,Reactivate your plan in minutes,"jailbroken fire stick, onn google tv, iptv subscription, fire stick streaming, streamstickpro",Keep pricing synchronized with live product data. Avoid mentioning buffering claims.
AD-0238,Trial-to-Paid,Google Search,Former trial users,device compatibility,One app. Cleaner streaming experience | 36-hour subscription trial available | Trial-to-Paid,"One app. Cleaner streaming experience. 36-hour subscription trial available. 18,000+ live channels and 100,000+ movies & series. Built for mobile-first buying flows and quick checkout. Built for former trial users with a device compatibility angle.",For IPTV subscriptions and streaming device bundles. 36-hour trial applies to subscription plans only.,Shop Fire Stick and ONN options,"jailbroken fire stick, onn google tv, iptv subscription, fire stick streaming, streamstickpro",Keep pricing synchronized with live product data. Avoid mentioning buffering claims.
AD-0239,Referral Push,Native Ads,Budget-conscious streamers,subscription flexibility,Upgrade your streaming setup | Secure Stripe checkout with card + wallet options | Referral Push,Upgrade your streaming setup. Secure Stripe checkout with card + wallet options. Secure Stripe checkout with card + wallet options. Created for first-time and returning IPTV users. Built for budget-conscious streamers with a subscription flexibility angle.,For IPTV subscriptions and streaming device bundles. 36-hour trial applies to subscription plans only.,Visit StreamStickPro now,"jailbroken fire stick, onn google tv, iptv subscription, fire stick streaming, streamstickpro",Keep pricing synchronized with live product data. Avoid mentioning buffering claims.
AD-0240,Prospecting,Facebook,Cord-cutters,speed,"Stop paying cable prices | 18,000+ live channels | Prospecting","Stop paying cable prices. 18,000+ live channels and 100,000+ movies & series. 36-hour subscription trial available. Trusted by thousands of streamers. Built for cord-cutters with a speed angle.",For IPTV subscriptions and streaming device bundles. 36-hour trial applies to subscription plans only.,Start your 36-hour subscription trial,"jailbroken fire stick, onn google tv, iptv subscription, fire stick streaming, streamstickpro",Keep pricing synchronized with live product data. Avoid mentioning buffering claims.
AD-0241,Trial-to-Paid,YouTube,Returning IPTV users,value,Skip app-hunting and start with guided setup | 24/7 support | Trial-to-Paid,Skip app-hunting and start with guided setup. 24/7 support and setup tutorials included. Fast activation and clear onboarding flow. Fast setup with clear step-by-step guidance. Built for returning iptv users with a value angle.,For IPTV subscriptions and streaming device bundles. 36-hour trial applies to subscription plans only.,See pricing and start today,"jailbroken fire stick, onn google tv, iptv subscription, fire stick streaming, streamstickpro",Keep pricing synchronized with live product data. Avoid mentioning buffering claims.
AD-0242,Referral Push,Email Retargeting,ONN Google TV users,setup simplicity,Bring your own device or choose a bundle | Referral rewards for qualified yearly purchases | Referral Push,Bring your own device or choose a bundle. Referral rewards for qualified yearly purchases. Shipping included on device bundles. Works with IPTV Smarters Pro and TiviMate. Built for onn google tv users with a setup simplicity angle.,For IPTV subscriptions and streaming device bundles. 36-hour trial applies to subscription plans only.,Claim referral rewards details,"jailbroken fire stick, onn google tv, iptv subscription, fire stick streaming, streamstickpro",Keep pricing synchronized with live product data. Avoid mentioning buffering claims.
AD-0243,Prospecting,Instagram,Lapsed subscribers,support confidence,Get premium channels without cable contracts | 1-year service included on device bundles | Prospecting,"Get premium channels without cable contracts. 1-year service included on device bundles. 1-year service included on device bundles. Built for Fire Stick HD, 4K, 4K Max, and ONN devices. Built for lapsed subscribers with a support confidence angle.",For IPTV subscriptions and streaming device bundles. 36-hour trial applies to subscription plans only.,Compare plans and device bundles,"jailbroken fire stick, onn google tv, iptv subscription, fire stick streaming, streamstickpro",Keep pricing synchronized with live product data. Avoid mentioning buffering claims.
AD-0244,Trial-to-Paid,TikTok,Families replacing cable,device compatibility,Ready in about 10 minutes | Shipping included on device bundles | Trial-to-Paid,Ready in about 10 minutes. Shipping included on device bundles. Referral rewards for qualified yearly purchases. No long contracts required for subscription plans. Built for families replacing cable with a device compatibility angle.,For IPTV subscriptions and streaming device bundles. 36-hour trial applies to subscription plans only.,Get setup support and stream tonight,"jailbroken fire stick, onn google tv, iptv subscription, fire stick streaming, streamstickpro",Keep pricing synchronized with live product data. Avoid mentioning buffering claims.
AD-0245,Referral Push,SMS Follow-up,Fire Stick users,subscription flexibility,Built for Fire Stick and ONN | Fast activation | Referral Push,Built for Fire Stick and ONN. Fast activation and clear onboarding flow. 24/7 support and setup tutorials included. Easy renewals and support when you need it. Built for fire stick users with a subscription flexibility angle.,For IPTV subscriptions and streaming device bundles. 36-hour trial applies to subscription plans only.,Reactivate your plan in minutes,"jailbroken fire stick, onn google tv, iptv subscription, fire stick streaming, streamstickpro",Keep pricing synchronized with live product data. Avoid mentioning buffering claims.
AD-0246,Prospecting,Google Search,Former trial users,speed,One app. Cleaner streaming experience | 36-hour subscription trial available | Prospecting,"One app. Cleaner streaming experience. 36-hour subscription trial available. 18,000+ live channels and 100,000+ movies & series. Built for mobile-first buying flows and quick checkout. Built for former trial users with a speed angle.",For IPTV subscriptions and streaming device bundles. 36-hour trial applies to subscription plans only.,Shop Fire Stick and ONN options,"jailbroken fire stick, onn google tv, iptv subscription, fire stick streaming, streamstickpro",Keep pricing synchronized with live product data. Avoid mentioning buffering claims.
AD-0247,Trial-to-Paid,Native Ads,Budget-conscious streamers,value,Upgrade your streaming setup | Secure Stripe checkout with card + wallet options | Trial-to-Paid,Upgrade your streaming setup. Secure Stripe checkout with card + wallet options. Secure Stripe checkout with card + wallet options. Created for first-time and returning IPTV users. Built for budget-conscious streamers with a value angle.,For IPTV subscriptions and streaming device bundles. 36-hour trial applies to subscription plans only.,Visit StreamStickPro now,"jailbroken fire stick, onn google tv, iptv subscription, fire stick streaming, streamstickpro",Keep pricing synchronized with live product data. Avoid mentioning buffering claims.
AD-0248,Referral Push,Facebook,Cord-cutters,setup simplicity,"Stop paying cable prices | 18,000+ live channels | Referral Push","Stop paying cable prices. 18,000+ live channels and 100,000+ movies & series. 36-hour subscription trial available. Trusted by thousands of streamers. Built for cord-cutters with a setup simplicity angle.",For IPTV subscriptions and streaming device bundles. 36-hour trial applies to subscription plans only.,Start your 36-hour subscription trial,"jailbroken fire stick, onn google tv, iptv subscription, fire stick streaming, streamstickpro",Keep pricing synchronized with live product data. Avoid mentioning buffering claims.
AD-0249,Prospecting,YouTube,Returning IPTV users,support confidence,Skip app-hunting and start with guided setup | 24/7 support | Prospecting,Skip app-hunting and start with guided setup. 24/7 support and setup tutorials included. Fast activation and clear onboarding flow. Fast setup with clear step-by-step guidance. Built for returning iptv users with a support confidence angle.,For IPTV subscriptions and streaming device bundles. 36-hour trial applies to subscription plans only.,See pricing and start today,"jailbroken fire stick, onn google tv, iptv subscription, fire stick streaming, streamstickpro",Keep pricing synchronized with live product data. Avoid mentioning buffering claims.
AD-0250,Trial-to-Paid,Email Retargeting,ONN Google TV users,device compatibility,Bring your own device or choose a bundle | Referral rewards for qualified yearly purchases | Trial-to-Paid,Bring your own device or choose a bundle. Referral rewards for qualified yearly purchases. Shipping included on device bundles. Works with IPTV Smarters Pro and TiviMate. Built for onn google tv users with a device compatibility angle.,For IPTV subscriptions and streaming device bundles. 36-hour trial applies to subscription plans only.,Claim referral rewards details,"jailbroken fire stick, onn google tv, iptv subscription, fire stick streaming, streamstickpro",Keep pricing synchronized with live product data. Avoid mentioning buffering claims.
AD-0251,Referral Push,Instagram,Lapsed subscribers,subscription flexibility,Get premium channels without cable contracts | 1-year service included on device bundles | Referral Push,"Get premium channels without cable contracts. 1-year service included on device bundles. 1-year service included on device bundles. Built for Fire Stick HD, 4K, 4K Max, and ONN devices. Built for lapsed subscribers with a subscription flexibility angle.",For IPTV subscriptions and streaming device bundles. 36-hour trial applies to subscription plans only.,Compare plans and device bundles,"jailbroken fire stick, onn google tv, iptv subscription, fire stick streaming, streamstickpro",Keep pricing synchronized with live product data. Avoid mentioning buffering claims.
AD-0252,Prospecting,TikTok,Families replacing cable,speed,Ready in about 10 minutes | Shipping included on device bundles | Prospecting,Ready in about 10 minutes. Shipping included on device bundles. Referral rewards for qualified yearly purchases. No long contracts required for subscription plans. Built for families replacing cable with a speed angle.,For IPTV subscriptions and streaming device bundles. 36-hour trial applies to subscription plans only.,Get setup support and stream tonight,"jailbroken fire stick, onn google tv, iptv subscription, fire stick streaming, streamstickpro",Keep pricing synchronized with live product data. Avoid mentioning buffering claims.
AD-0253,Trial-to-Paid,SMS Follow-up,Fire Stick users,value,Built for Fire Stick and ONN | Fast activation | Trial-to-Paid,Built for Fire Stick and ONN. Fast activation and clear onboarding flow. 24/7 support and setup tutorials included. Easy renewals and support when you need it. Built for fire stick users with a value angle.,For IPTV subscriptions and streaming device bundles. 36-hour trial applies to subscription plans only.,Reactivate your plan in minutes,"jailbroken fire stick, onn google tv, iptv subscription, fire stick streaming, streamstickpro",Keep pricing synchronized with live product data. Avoid mentioning buffering claims.
AD-0254,Referral Push,Google Search,Former trial users,setup simplicity,One app. Cleaner streaming experience | 36-hour subscription trial available | Referral Push,"One app. Cleaner streaming experience. 36-hour subscription trial available. 18,000+ live channels and 100,000+ movies & series. Built for mobile-first buying flows and quick checkout. Built for former trial users with a setup simplicity angle.",For IPTV subscriptions and streaming device bundles. 36-hour trial applies to subscription plans only.,Shop Fire Stick and ONN options,"jailbroken fire stick, onn google tv, iptv subscription, fire stick streaming, streamstickpro",Keep pricing synchronized with live product data. Avoid mentioning buffering claims.
AD-0255,Prospecting,Native Ads,Budget-conscious streamers,support confidence,Upgrade your streaming setup | Secure Stripe checkout with card + wallet options | Prospecting,Upgrade your streaming setup. Secure Stripe checkout with card + wallet options. Secure Stripe checkout with card + wallet options. Created for first-time and returning IPTV users. Built for budget-conscious streamers with a support confidence angle.,For IPTV subscriptions and streaming device bundles. 36-hour trial applies to subscription plans only.,Visit StreamStickPro now,"jailbroken fire stick, onn google tv, iptv subscription, fire stick streaming, streamstickpro",Keep pricing synchronized with live product data. Avoid mentioning buffering claims.
AD-0256,Trial-to-Paid,Facebook,Cord-cutters,device compatibility,"Stop paying cable prices | 18,000+ live channels | Trial-to-Paid","Stop paying cable prices. 18,000+ live channels and 100,000+ movies & series. 36-hour subscription trial available. Trusted by thousands of streamers. Built for cord-cutters with a device compatibility angle.",For IPTV subscriptions and streaming device bundles. 36-hour trial applies to subscription plans only.,Start your 36-hour subscription trial,"jailbroken fire stick, onn google tv, iptv subscription, fire stick streaming, streamstickpro",Keep pricing synchronized with live product data. Avoid mentioning buffering claims.
AD-0257,Referral Push,YouTube,Returning IPTV users,subscription flexibility,Skip app-hunting and start with guided setup | 24/7 support | Referral Push,Skip app-hunting and start with guided setup. 24/7 support and setup tutorials included. Fast activation and clear onboarding flow. Fast setup with clear step-by-step guidance. Built for returning iptv users with a subscription flexibility angle.,For IPTV subscriptions and streaming device bundles. 36-hour trial applies to subscription plans only.,See pricing and start today,"jailbroken fire stick, onn google tv, iptv subscription, fire stick streaming, streamstickpro",Keep pricing synchronized with live product data. Avoid mentioning buffering claims.
AD-0258,Prospecting,Email Retargeting,ONN Google TV users,speed,Bring your own device or choose a bundle | Referral rewards for qualified yearly purchases | Prospecting,Bring your own device or choose a bundle. Referral rewards for qualified yearly purchases. Shipping included on device bundles. Works with IPTV Smarters Pro and TiviMate. Built for onn google tv users with a speed angle.,For IPTV subscriptions and streaming device bundles. 36-hour trial applies to subscription plans only.,Claim referral rewards details,"jailbroken fire stick, onn google tv, iptv subscription, fire stick streaming, streamstickpro",Keep pricing synchronized with live product data. Avoid mentioning buffering claims.
AD-0259,Trial-to-Paid,Instagram,Lapsed subscribers,value,Get premium channels without cable contracts | 1-year service included on device bundles | Trial-to-Paid,"Get premium channels without cable contracts. 1-year service included on device bundles. 1-year service included on device bundles. Built for Fire Stick HD, 4K, 4K Max, and ONN devices. Built for lapsed subscribers with a value angle.",For IPTV subscriptions and streaming device bundles. 36-hour trial applies to subscription plans only.,Compare plans and device bundles,"jailbroken fire stick, onn google tv, iptv subscription, fire stick streaming, streamstickpro",Keep pricing synchronized with live product data. Avoid mentioning buffering claims.
AD-0260,Referral Push,TikTok,Families replacing cable,setup simplicity,Ready in about 10 minutes | Shipping included on device bundles | Referral Push,Ready in about 10 minutes. Shipping included on device bundles. Referral rewards for qualified yearly purchases. No long contracts required for subscription plans. Built for families replacing cable with a setup simplicity angle.,For IPTV subscriptions and streaming device bundles. 36-hour trial applies to subscription plans only.,Get setup support and stream tonight,"jailbroken fire stick, onn google tv, iptv subscription, fire stick streaming, streamstickpro",Keep pricing synchronized with live product data. Avoid mentioning buffering claims.
AD-0261,Prospecting,SMS Follow-up,Fire Stick users,support confidence,Built for Fire Stick and ONN | Fast activation | Prospecting,Built for Fire Stick and ONN. Fast activation and clear onboarding flow. 24/7 support and setup tutorials included. Easy renewals and support when you need it. Built for fire stick users with a support confidence angle.,For IPTV subscriptions and streaming device bundles. 36-hour trial applies to subscription plans only.,Reactivate your plan in minutes,"jailbroken fire stick, onn google tv, iptv subscription, fire stick streaming, streamstickpro",Keep pricing synchronized with live product data. Avoid mentioning buffering claims.
AD-0262,Trial-to-Paid,Google Search,Former trial users,device compatibility,One app. Cleaner streaming experience | 36-hour subscription trial available | Trial-to-Paid,"One app. Cleaner streaming experience. 36-hour subscription trial available. 18,000+ live channels and 100,000+ movies & series. Built for mobile-first buying flows and quick checkout. Built for former trial users with a device compatibility angle.",For IPTV subscriptions and streaming device bundles. 36-hour trial applies to subscription plans only.,Shop Fire Stick and ONN options,"jailbroken fire stick, onn google tv, iptv subscription, fire stick streaming, streamstickpro",Keep pricing synchronized with live product data. Avoid mentioning buffering claims.
AD-0263,Referral Push,Native Ads,Budget-conscious streamers,subscription flexibility,Upgrade your streaming setup | Secure Stripe checkout with card + wallet options | Referral Push,Upgrade your streaming setup. Secure Stripe checkout with card + wallet options. Secure Stripe checkout with card + wallet options. Created for first-time and returning IPTV users. Built for budget-conscious streamers with a subscription flexibility angle.,For IPTV subscriptions and streaming device bundles. 36-hour trial applies to subscription plans only.,Visit StreamStickPro now,"jailbroken fire stick, onn google tv, iptv subscription, fire stick streaming, streamstickpro",Keep pricing synchronized with live product data. Avoid mentioning buffering claims.
AD-0264,Prospecting,Facebook,Cord-cutters,speed,"Stop paying cable prices | 18,000+ live channels | Prospecting","Stop paying cable prices. 18,000+ live channels and 100,000+ movies & series. 36-hour subscription trial available. Trusted by thousands of streamers. Built for cord-cutters with a speed angle.",For IPTV subscriptions and streaming device bundles. 36-hour trial applies to subscription plans only.,Start your 36-hour subscription trial,"jailbroken fire stick, onn google tv, iptv subscription, fire stick streaming, streamstickpro",Keep pricing synchronized with live product data. Avoid mentioning buffering claims.
AD-0265,Trial-to-Paid,YouTube,Returning IPTV users,value,Skip app-hunting and start with guided setup | 24/7 support | Trial-to-Paid,Skip app-hunting and start with guided setup. 24/7 support and setup tutorials included. Fast activation and clear onboarding flow. Fast setup with clear step-by-step guidance. Built for returning iptv users with a value angle.,For IPTV subscriptions and streaming device bundles. 36-hour trial applies to subscription plans only.,See pricing and start today,"jailbroken fire stick, onn google tv, iptv subscription, fire stick streaming, streamstickpro",Keep pricing synchronized with live product data. Avoid mentioning buffering claims.
AD-0266,Referral Push,Email Retargeting,ONN Google TV users,setup simplicity,Bring your own device or choose a bundle | Referral rewards for qualified yearly purchases | Referral Push,Bring your own device or choose a bundle. Referral rewards for qualified yearly purchases. Shipping included on device bundles. Works with IPTV Smarters Pro and TiviMate. Built for onn google tv users with a setup simplicity angle.,For IPTV subscriptions and streaming device bundles. 36-hour trial applies to subscription plans only.,Claim referral rewards details,"jailbroken fire stick, onn google tv, iptv subscription, fire stick streaming, streamstickpro",Keep pricing synchronized with live product data. Avoid mentioning buffering claims.
AD-0267,Prospecting,Instagram,Lapsed subscribers,support confidence,Get premium channels without cable contracts | 1-year service included on device bundles | Prospecting,"Get premium channels without cable contracts. 1-year service included on device bundles. 1-year service included on device bundles. Built for Fire Stick HD, 4K, 4K Max, and ONN devices. Built for lapsed subscribers with a support confidence angle.",For IPTV subscriptions and streaming device bundles. 36-hour trial applies to subscription plans only.,Compare plans and device bundles,"jailbroken fire stick, onn google tv, iptv subscription, fire stick streaming, streamstickpro",Keep pricing synchronized with live product data. Avoid mentioning buffering claims.
AD-0268,Trial-to-Paid,TikTok,Families replacing cable,device compatibility,Ready in about 10 minutes | Shipping included on device bundles | Trial-to-Paid,Ready in about 10 minutes. Shipping included on device bundles. Referral rewards for qualified yearly purchases. No long contracts required for subscription plans. Built for families replacing cable with a device compatibility angle.,For IPTV subscriptions and streaming device bundles. 36-hour trial applies to subscription plans only.,Get setup support and stream tonight,"jailbroken fire stick, onn google tv, iptv subscription, fire stick streaming, streamstickpro",Keep pricing synchronized with live product data. Avoid mentioning buffering claims.
AD-0269,Referral Push,SMS Follow-up,Fire Stick users,subscription flexibility,Built for Fire Stick and ONN | Fast activation | Referral Push,Built for Fire Stick and ONN. Fast activation and clear onboarding flow. 24/7 support and setup tutorials included. Easy renewals and support when you need it. Built for fire stick users with a subscription flexibility angle.,For IPTV subscriptions and streaming device bundles. 36-hour trial applies to subscription plans only.,Reactivate your plan in minutes,"jailbroken fire stick, onn google tv, iptv subscription, fire stick streaming, streamstickpro",Keep pricing synchronized with live product data. Avoid mentioning buffering claims.
AD-0270,Prospecting,Google Search,Former trial users,speed,One app. Cleaner streaming experience | 36-hour subscription trial available | Prospecting,"One app. Cleaner streaming experience. 36-hour subscription trial available. 18,000+ live channels and 100,000+ movies & series. Built for mobile-first buying flows and quick checkout. Built for former trial users with a speed angle.",For IPTV subscriptions and streaming device bundles. 36-hour trial applies to subscription plans only.,Shop Fire Stick and ONN options,"jailbroken fire stick, onn google tv, iptv subscription, fire stick streaming, streamstickpro",Keep pricing synchronized with live product data. Avoid mentioning buffering claims.
AD-0271,Trial-to-Paid,Native Ads,Budget-conscious streamers,value,Upgrade your streaming setup | Secure Stripe checkout with card + wallet options | Trial-to-Paid,Upgrade your streaming setup. Secure Stripe checkout with card + wallet options. Secure Stripe checkout with card + wallet options. Created for first-time and returning IPTV users. Built for budget-conscious streamers with a value angle.,For IPTV subscriptions and streaming device bundles. 36-hour trial applies to subscription plans only.,Visit StreamStickPro now,"jailbroken fire stick, onn google tv, iptv subscription, fire stick streaming, streamstickpro",Keep pricing synchronized with live product data. Avoid mentioning buffering claims.
AD-0272,Referral Push,Facebook,Cord-cutters,setup simplicity,"Stop paying cable prices | 18,000+ live channels | Referral Push","Stop paying cable prices. 18,000+ live channels and 100,000+ movies & series. 36-hour subscription trial available. Trusted by thousands of streamers. Built for cord-cutters with a setup simplicity angle.",For IPTV subscriptions and streaming device bundles. 36-hour trial applies to subscription plans only.,Start your 36-hour subscription trial,"jailbroken fire stick, onn google tv, iptv subscription, fire stick streaming, streamstickpro",Keep pricing synchronized with live product data. Avoid mentioning buffering claims.
AD-0273,Prospecting,YouTube,Returning IPTV users,support confidence,Skip app-hunting and start with guided setup | 24/7 support | Prospecting,Skip app-hunting and start with guided setup. 24/7 support and setup tutorials included. Fast activation and clear onboarding flow. Fast setup with clear step-by-step guidance. Built for returning iptv users with a support confidence angle.,For IPTV subscriptions and streaming device bundles. 36-hour trial applies to subscription plans only.,See pricing and start today,"jailbroken fire stick, onn google tv, iptv subscription, fire stick streaming, streamstickpro",Keep pricing synchronized with live product data. Avoid mentioning buffering claims.
AD-0274,Trial-to-Paid,Email Retargeting,ONN Google TV users,device compatibility,Bring your own device or choose a bundle | Referral rewards for qualified yearly purchases | Trial-to-Paid,Bring your own device or choose a bundle. Referral rewards for qualified yearly purchases. Shipping included on device bundles. Works with IPTV Smarters Pro and TiviMate. Built for onn google tv users with a device compatibility angle.,For IPTV subscriptions and streaming device bundles. 36-hour trial applies to subscription plans only.,Claim referral rewards details,"jailbroken fire stick, onn google tv, iptv subscription, fire stick streaming, streamstickpro",Keep pricing synchronized with live product data. Avoid mentioning buffering claims.
AD-0275,Referral Push,Instagram,Lapsed subscribers,subscription flexibility,Get premium channels without cable contracts | 1-year service included on device bundles | Referral Push,"Get premium channels without cable contracts. 1-year service included on device bundles. 1-year service included on device bundles. Built for Fire Stick HD, 4K, 4K Max, and ONN devices. Built for lapsed subscribers with a subscription flexibility angle.",For IPTV subscriptions and streaming device bundles. 36-hour trial applies to subscription plans only.,Compare plans and device bundles,"jailbroken fire stick, onn google tv, iptv subscription, fire stick streaming, streamstickpro",Keep pricing synchronized with live product data. Avoid mentioning buffering claims.
AD-0276,Prospecting,TikTok,Families replacing cable,speed,Ready in about 10 minutes | Shipping included on device bundles | Prospecting,Ready in about 10 minutes. Shipping included on device bundles. Referral rewards for qualified yearly purchases. No long contracts required for subscription plans. Built for families replacing cable with a speed angle.,For IPTV subscriptions and streaming device bundles. 36-hour trial applies to subscription plans only.,Get setup support and stream tonight,"jailbroken fire stick, onn google tv, iptv subscription, fire stick streaming, streamstickpro",Keep pricing synchronized with live product data. Avoid mentioning buffering claims.
AD-0277,Trial-to-Paid,SMS Follow-up,Fire Stick users,value,Built for Fire Stick and ONN | Fast activation | Trial-to-Paid,Built for Fire Stick and ONN. Fast activation and clear onboarding flow. 24/7 support and setup tutorials included. Easy renewals and support when you need it. Built for fire stick users with a value angle.,For IPTV subscriptions and streaming device bundles. 36-hour trial applies to subscription plans only.,Reactivate your plan in minutes,"jailbroken fire stick, onn google tv, iptv subscription, fire stick streaming, streamstickpro",Keep pricing synchronized with live product data. Avoid mentioning buffering claims.
AD-0278,Referral Push,Google Search,Former trial users,setup simplicity,One app. Cleaner streaming experience | 36-hour subscription trial available | Referral Push,"One app. Cleaner streaming experience. 36-hour subscription trial available. 18,000+ live channels and 100,000+ movies & series. Built for mobile-first buying flows and quick checkout. Built for former trial users with a setup simplicity angle.",For IPTV subscriptions and streaming device bundles. 36-hour trial applies to subscription plans only.,Shop Fire Stick and ONN options,"jailbroken fire stick, onn google tv, iptv subscription, fire stick streaming, streamstickpro",Keep pricing synchronized with live product data. Avoid mentioning buffering claims.
AD-0279,Prospecting,Native Ads,Budget-conscious streamers,support confidence,Upgrade your streaming setup | Secure Stripe checkout with card + wallet options | Prospecting,Upgrade your streaming setup. Secure Stripe checkout with card + wallet options. Secure Stripe checkout with card + wallet options. Created for first-time and returning IPTV users. Built for budget-conscious streamers with a support confidence angle.,For IPTV subscriptions and streaming device bundles. 36-hour trial applies to subscription plans only.,Visit StreamStickPro now,"jailbroken fire stick, onn google tv, iptv subscription, fire stick streaming, streamstickpro",Keep pricing synchronized with live product data. Avoid mentioning buffering claims.
AD-0280,Trial-to-Paid,Facebook,Cord-cutters,device compatibility,"Stop paying cable prices | 18,000+ live channels | Trial-to-Paid","Stop paying cable prices. 18,000+ live channels and 100,000+ movies & series. 36-hour subscription trial available. Trusted by thousands of streamers. Built for cord-cutters with a device compatibility angle.",For IPTV subscriptions and streaming device bundles. 36-hour trial applies to subscription plans only.,Start your 36-hour subscription trial,"jailbroken fire stick, onn google tv, iptv subscription, fire stick streaming, streamstickpro",Keep pricing synchronized with live product data. Avoid mentioning buffering claims.
AD-0281,Referral Push,YouTube,Returning IPTV users,subscription flexibility,Skip app-hunting and start with guided setup | 24/7 support | Referral Push,Skip app-hunting and start with guided setup. 24/7 support and setup tutorials included. Fast activation and clear onboarding flow. Fast setup with clear step-by-step guidance. Built for returning iptv users with a subscription flexibility angle.,For IPTV subscriptions and streaming device bundles. 36-hour trial applies to subscription plans only.,See pricing and start today,"jailbroken fire stick, onn google tv, iptv subscription, fire stick streaming, streamstickpro",Keep pricing synchronized with live product data. Avoid mentioning buffering claims.
AD-0282,Prospecting,Email Retargeting,ONN Google TV users,speed,Bring your own device or choose a bundle | Referral rewards for qualified yearly purchases | Prospecting,Bring your own device or choose a bundle. Referral rewards for qualified yearly purchases. Shipping included on device bundles. Works with IPTV Smarters Pro and TiviMate. Built for onn google tv users with a speed angle.,For IPTV subscriptions and streaming device bundles. 36-hour trial applies to subscription plans only.,Claim referral rewards details,"jailbroken fire stick, onn google tv, iptv subscription, fire stick streaming, streamstickpro",Keep pricing synchronized with live product data. Avoid mentioning buffering claims.
AD-0283,Trial-to-Paid,Instagram,Lapsed subscribers,value,Get premium channels without cable contracts | 1-year service included on device bundles | Trial-to-Paid,"Get premium channels without cable contracts. 1-year service included on device bundles. 1-year service included on device bundles. Built for Fire Stick HD, 4K, 4K Max, and ONN devices. Built for lapsed subscribers with a value angle.",For IPTV subscriptions and streaming device bundles. 36-hour trial applies to subscription plans only.,Compare plans and device bundles,"jailbroken fire stick, onn google tv, iptv subscription, fire stick streaming, streamstickpro",Keep pricing synchronized with live product data. Avoid mentioning buffering claims.
AD-0284,Referral Push,TikTok,Families replacing cable,setup simplicity,Ready in about 10 minutes | Shipping included on device bundles | Referral Push,Ready in about 10 minutes. Shipping included on device bundles. Referral rewards for qualified yearly purchases. No long contracts required for subscription plans. Built for families replacing cable with a setup simplicity angle.,For IPTV subscriptions and streaming device bundles. 36-hour trial applies to subscription plans only.,Get setup support and stream tonight,"jailbroken fire stick, onn google tv, iptv subscription, fire stick streaming, streamstickpro",Keep pricing synchronized with live product data. Avoid mentioning buffering claims.
AD-0285,Prospecting,SMS Follow-up,Fire Stick users,support confidence,Built for Fire Stick and ONN | Fast activation | Prospecting,Built for Fire Stick and ONN. Fast activation and clear onboarding flow. 24/7 support and setup tutorials included. Easy renewals and support when you need it. Built for fire stick users with a support confidence angle.,For IPTV subscriptions and streaming device bundles. 36-hour trial applies to subscription plans only.,Reactivate your plan in minutes,"jailbroken fire stick, onn google tv, iptv subscription, fire stick streaming, streamstickpro",Keep pricing synchronized with live product data. Avoid mentioning buffering claims.
AD-0286,Trial-to-Paid,Google Search,Former trial users,device compatibility,One app. Cleaner streaming experience | 36-hour subscription trial available | Trial-to-Paid,"One app. Cleaner streaming experience. 36-hour subscription trial available. 18,000+ live channels and 100,000+ movies & series. Built for mobile-first buying flows and quick checkout. Built for former trial users with a device compatibility angle.",For IPTV subscriptions and streaming device bundles. 36-hour trial applies to subscription plans only.,Shop Fire Stick and ONN options,"jailbroken fire stick, onn google tv, iptv subscription, fire stick streaming, streamstickpro",Keep pricing synchronized with live product data. Avoid mentioning buffering claims.
AD-0287,Referral Push,Native Ads,Budget-conscious streamers,subscription flexibility,Upgrade your streaming setup | Secure Stripe checkout with card + wallet options | Referral Push,Upgrade your streaming setup. Secure Stripe checkout with card + wallet options. Secure Stripe checkout with card + wallet options. Created for first-time and returning IPTV users. Built for budget-conscious streamers with a subscription flexibility angle.,For IPTV subscriptions and streaming device bundles. 36-hour trial applies to subscription plans only.,Visit StreamStickPro now,"jailbroken fire stick, onn google tv, iptv subscription, fire stick streaming, streamstickpro",Keep pricing synchronized with live product data. Avoid mentioning buffering claims.
AD-0288,Prospecting,Facebook,Cord-cutters,speed,"Stop paying cable prices | 18,000+ live channels | Prospecting","Stop paying cable prices. 18,000+ live channels and 100,000+ movies & series. 36-hour subscription trial available. Trusted by thousands of streamers. Built for cord-cutters with a speed angle.",For IPTV subscriptions and streaming device bundles. 36-hour trial applies to subscription plans only.,Start your 36-hour subscription trial,"jailbroken fire stick, onn google tv, iptv subscription, fire stick streaming, streamstickpro",Keep pricing synchronized with live product data. Avoid mentioning buffering claims.
AD-0289,Trial-to-Paid,YouTube,Returning IPTV users,value,Skip app-hunting and start with guided setup | 24/7 support | Trial-to-Paid,Skip app-hunting and start with guided setup. 24/7 support and setup tutorials included. Fast activation and clear onboarding flow. Fast setup with clear step-by-step guidance. Built for returning iptv users with a value angle.,For IPTV subscriptions and streaming device bundles. 36-hour trial applies to subscription plans only.,See pricing and start today,"jailbroken fire stick, onn google tv, iptv subscription, fire stick streaming, streamstickpro",Keep pricing synchronized with live product data. Avoid mentioning buffering claims.
AD-0290,Referral Push,Email Retargeting,ONN Google TV users,setup simplicity,Bring your own device or choose a bundle | Referral rewards for qualified yearly purchases | Referral Push,Bring your own device or choose a bundle. Referral rewards for qualified yearly purchases. Shipping included on device bundles. Works with IPTV Smarters Pro and TiviMate. Built for onn google tv users with a setup simplicity angle.,For IPTV subscriptions and streaming device bundles. 36-hour trial applies to subscription plans only.,Claim referral rewards details,"jailbroken fire stick, onn google tv, iptv subscription, fire stick streaming, streamstickpro",Keep pricing synchronized with live product data. Avoid mentioning buffering claims.
AD-0291,Prospecting,Instagram,Lapsed subscribers,support confidence,Get premium channels without cable contracts | 1-year service included on device bundles | Prospecting,"Get premium channels without cable contracts. 1-year service included on device bundles. 1-year service included on device bundles. Built for Fire Stick HD, 4K, 4K Max, and ONN devices. Built for lapsed subscribers with a support confidence angle.",For IPTV subscriptions and streaming device bundles. 36-hour trial applies to subscription plans only.,Compare plans and device bundles,"jailbroken fire stick, onn google tv, iptv subscription, fire stick streaming, streamstickpro",Keep pricing synchronized with live product data. Avoid mentioning buffering claims.
AD-0292,Trial-to-Paid,TikTok,Families replacing cable,device compatibility,Ready in about 10 minutes | Shipping included on device bundles | Trial-to-Paid,Ready in about 10 minutes. Shipping included on device bundles. Referral rewards for qualified yearly purchases. No long contracts required for subscription plans. Built for families replacing cable with a device compatibility angle.,For IPTV subscriptions and streaming device bundles. 36-hour trial applies to subscription plans only.,Get setup support and stream tonight,"jailbroken fire stick, onn google tv, iptv subscription, fire stick streaming, streamstickpro",Keep pricing synchronized with live product data. Avoid mentioning buffering claims.
AD-0293,Referral Push,SMS Follow-up,Fire Stick users,subscription flexibility,Built for Fire Stick and ONN | Fast activation | Referral Push,Built for Fire Stick and ONN. Fast activation and clear onboarding flow. 24/7 support and setup tutorials included. Easy renewals and support when you need it. Built for fire stick users with a subscription flexibility angle.,For IPTV subscriptions and streaming device bundles. 36-hour trial applies to subscription plans only.,Reactivate your plan in minutes,"jailbroken fire stick, onn google tv, iptv subscription, fire stick streaming, streamstickpro",Keep pricing synchronized with live product data. Avoid mentioning buffering claims.
AD-0294,Prospecting,Google Search,Former trial users,speed,One app. Cleaner streaming experience | 36-hour subscription trial available | Prospecting,"One app. Cleaner streaming experience. 36-hour subscription trial available. 18,000+ live channels and 100,000+ movies & series. Built for mobile-first buying flows and quick checkout. Built for former trial users with a speed angle.",For IPTV subscriptions and streaming device bundles. 36-hour trial applies to subscription plans only.,Shop Fire Stick and ONN options,"jailbroken fire stick, onn google tv, iptv subscription, fire stick streaming, streamstickpro",Keep pricing synchronized with live product data. Avoid mentioning buffering claims.
AD-0295,Trial-to-Paid,Native Ads,Budget-conscious streamers,value,Upgrade your streaming setup | Secure Stripe checkout with card + wallet options | Trial-to-Paid,Upgrade your streaming setup. Secure Stripe checkout with card + wallet options. Secure Stripe checkout with card + wallet options. Created for first-time and returning IPTV users. Built for budget-conscious streamers with a value angle.,For IPTV subscriptions and streaming device bundles. 36-hour trial applies to subscription plans only.,Visit StreamStickPro now,"jailbroken fire stick, onn google tv, iptv subscription, fire stick streaming, streamstickpro",Keep pricing synchronized with live product data. Avoid mentioning buffering claims.
AD-0296,Referral Push,Facebook,Cord-cutters,setup simplicity,"Stop paying cable prices | 18,000+ live channels | Referral Push","Stop paying cable prices. 18,000+ live channels and 100,000+ movies & series. 36-hour subscription trial available. Trusted by thousands of streamers. Built for cord-cutters with a setup simplicity angle.",For IPTV subscriptions and streaming device bundles. 36-hour trial applies to subscription plans only.,Start your 36-hour subscription trial,"jailbroken fire stick, onn google tv, iptv subscription, fire stick streaming, streamstickpro",Keep pricing synchronized with live product data. Avoid mentioning buffering claims.
AD-0297,Prospecting,YouTube,Returning IPTV users,support confidence,Skip app-hunting and start with guided setup | 24/7 support | Prospecting,Skip app-hunting and start with guided setup. 24/7 support and setup tutorials included. Fast activation and clear onboarding flow. Fast setup with clear step-by-step guidance. Built for returning iptv users with a support confidence angle.,For IPTV subscriptions and streaming device bundles. 36-hour trial applies to subscription plans only.,See pricing and start today,"jailbroken fire stick, onn google tv, iptv subscription, fire stick streaming, streamstickpro",Keep pricing synchronized with live product data. Avoid mentioning buffering claims.
AD-0298,Trial-to-Paid,Email Retargeting,ONN Google TV users,device compatibility,Bring your own device or choose a bundle | Referral rewards for qualified yearly purchases | Trial-to-Paid,Bring your own device or choose a bundle. Referral rewards for qualified yearly purchases. Shipping included on device bundles. Works with IPTV Smarters Pro and TiviMate. Built for onn google tv users with a device compatibility angle.,For IPTV subscriptions and streaming device bundles. 36-hour trial applies to subscription plans only.,Claim referral rewards details,"jailbroken fire stick, onn google tv, iptv subscription, fire stick streaming, streamstickpro",Keep pricing synchronized with live product data. Avoid mentioning buffering claims.
AD-0299,Referral Push,Instagram,Lapsed subscribers,subscription flexibility,Get premium channels without cable contracts | 1-year service included on device bundles | Referral Push,"Get premium channels without cable contracts. 1-year service included on device bundles. 1-year service included on device bundles. Built for Fire Stick HD, 4K, 4K Max, and ONN devices. Built for lapsed subscribers with a subscription flexibility angle.",For IPTV subscriptions and streaming device bundles. 36-hour trial applies to subscription plans only.,Compare plans and device bundles,"jailbroken fire stick, onn google tv, iptv subscription, fire stick streaming, streamstickpro",Keep pricing synchronized with live product data. Avoid mentioning buffering claims.
AD-0300,Prospecting,TikTok,Families replacing cable,speed,Ready in about 10 minutes | Shipping included on device bundles | Prospecting,Ready in about 10 minutes. Shipping included on device bundles. Referral rewards for qualified yearly purchases. No long contracts required for subscription plans. Built for families replacing cable with a speed angle.,For IPTV subscriptions and streaming device bundles. 36-hour trial applies to subscription plans only.,Get setup support and stream tonight,"jailbroken fire stick, onn google tv, iptv subscription, fire stick streaming, streamstickpro",Keep pricing synchronized with live product data. Avoid mentioning buffering claims.
AD-0301,Trial-to-Paid,SMS Follow-up,Fire Stick users,value,Built for Fire Stick and ONN | Fast activation | Trial-to-Paid,Built for Fire Stick and ONN. Fast activation and clear onboarding flow. 24/7 support and setup tutorials included. Easy renewals and support when you need it. Built for fire stick users with a value angle.,For IPTV subscriptions and streaming device bundles. 36-hour trial applies to subscription plans only.,Reactivate your plan in minutes,"jailbroken fire stick, onn google tv, iptv subscription, fire stick streaming, streamstickpro",Keep pricing synchronized with live product data. Avoid mentioning buffering claims.
AD-0302,Referral Push,Google Search,Former trial users,setup simplicity,One app. Cleaner streaming experience | 36-hour subscription trial available | Referral Push,"One app. Cleaner streaming experience. 36-hour subscription trial available. 18,000+ live channels and 100,000+ movies & series. Built for mobile-first buying flows and quick checkout. Built for former trial users with a setup simplicity angle.",For IPTV subscriptions and streaming device bundles. 36-hour trial applies to subscription plans only.,Shop Fire Stick and ONN options,"jailbroken fire stick, onn google tv, iptv subscription, fire stick streaming, streamstickpro",Keep pricing synchronized with live product data. Avoid mentioning buffering claims.
AD-0303,Prospecting,Native Ads,Budget-conscious streamers,support confidence,Upgrade your streaming setup | Secure Stripe checkout with card + wallet options | Prospecting,Upgrade your streaming setup. Secure Stripe checkout with card + wallet options. Secure Stripe checkout with card + wallet options. Created for first-time and returning IPTV users. Built for budget-conscious streamers with a support confidence angle.,For IPTV subscriptions and streaming device bundles. 36-hour trial applies to subscription plans only.,Visit StreamStickPro now,"jailbroken fire stick, onn google tv, iptv subscription, fire stick streaming, streamstickpro",Keep pricing synchronized with live product data. Avoid mentioning buffering claims.
AD-0304,Trial-to-Paid,Facebook,Cord-cutters,device compatibility,"Stop paying cable prices | 18,000+ live channels | Trial-to-Paid","Stop paying cable prices. 18,000+ live channels and 100,000+ movies & series. 36-hour subscription trial available. Trusted by thousands of streamers. Built for cord-cutters with a device compatibility angle.",For IPTV subscriptions and streaming device bundles. 36-hour trial applies to subscription plans only.,Start your 36-hour subscription trial,"jailbroken fire stick, onn google tv, iptv subscription, fire stick streaming, streamstickpro",Keep pricing synchronized with live product data. Avoid mentioning buffering claims.
AD-0305,Referral Push,YouTube,Returning IPTV users,subscription flexibility,Skip app-hunting and start with guided setup | 24/7 support | Referral Push,Skip app-hunting and start with guided setup. 24/7 support and setup tutorials included. Fast activation and clear onboarding flow. Fast setup with clear step-by-step guidance. Built for returning iptv users with a subscription flexibility angle.,For IPTV subscriptions and streaming device bundles. 36-hour trial applies to subscription plans only.,See pricing and start today,"jailbroken fire stick, onn google tv, iptv subscription, fire stick streaming, streamstickpro",Keep pricing synchronized with live product data. Avoid mentioning buffering claims.
AD-0306,Prospecting,Email Retargeting,ONN Google TV users,speed,Bring your own device or choose a bundle | Referral rewards for qualified yearly purchases | Prospecting,Bring your own device or choose a bundle. Referral rewards for qualified yearly purchases. Shipping included on device bundles. Works with IPTV Smarters Pro and TiviMate. Built for onn google tv users with a speed angle.,For IPTV subscriptions and streaming device bundles. 36-hour trial applies to subscription plans only.,Claim referral rewards details,"jailbroken fire stick, onn google tv, iptv subscription, fire stick streaming, streamstickpro",Keep pricing synchronized with live product data. Avoid mentioning buffering claims.
AD-0307,Trial-to-Paid,Instagram,Lapsed subscribers,value,Get premium channels without cable contracts | 1-year service included on device bundles | Trial-to-Paid,"Get premium channels without cable contracts. 1-year service included on device bundles. 1-year service included on device bundles. Built for Fire Stick HD, 4K, 4K Max, and ONN devices. Built for lapsed subscribers with a value angle.",For IPTV subscriptions and streaming device bundles. 36-hour trial applies to subscription plans only.,Compare plans and device bundles,"jailbroken fire stick, onn google tv, iptv subscription, fire stick streaming, streamstickpro",Keep pricing synchronized with live product data. Avoid mentioning buffering claims.
AD-0308,Referral Push,TikTok,Families replacing cable,setup simplicity,Ready in about 10 minutes | Shipping included on device bundles | Referral Push,Ready in about 10 minutes. Shipping included on device bundles. Referral rewards for qualified yearly purchases. No long contracts required for subscription plans. Built for families replacing cable with a setup simplicity angle.,For IPTV subscriptions and streaming device bundles. 36-hour trial applies to subscription plans only.,Get setup support and stream tonight,"jailbroken fire stick, onn google tv, iptv subscription, fire stick streaming, streamstickpro",Keep pricing synchronized with live product data. Avoid mentioning buffering claims.
AD-0309,Prospecting,SMS Follow-up,Fire Stick users,support confidence,Built for Fire Stick and ONN | Fast activation | Prospecting,Built for Fire Stick and ONN. Fast activation and clear onboarding flow. 24/7 support and setup tutorials included. Easy renewals and support when you need it. Built for fire stick users with a support confidence angle.,For IPTV subscriptions and streaming device bundles. 36-hour trial applies to subscription plans only.,Reactivate your plan in minutes,"jailbroken fire stick, onn google tv, iptv subscription, fire stick streaming, streamstickpro",Keep pricing synchronized with live product data. Avoid mentioning buffering claims.
AD-0310,Trial-to-Paid,Google Search,Former trial users,device compatibility,One app. Cleaner streaming experience | 36-hour subscription trial available | Trial-to-Paid,"One app. Cleaner streaming experience. 36-hour subscription trial available. 18,000+ live channels and 100,000+ movies & series. Built for mobile-first buying flows and quick checkout. Built for former trial users with a device compatibility angle.",For IPTV subscriptions and streaming device bundles. 36-hour trial applies to subscription plans only.,Shop Fire Stick and ONN options,"jailbroken fire stick, onn google tv, iptv subscription, fire stick streaming, streamstickpro",Keep pricing synchronized with live product data. Avoid mentioning buffering claims.
AD-0311,Referral Push,Native Ads,Budget-conscious streamers,subscription flexibility,Upgrade your streaming setup | Secure Stripe checkout with card + wallet options | Referral Push,Upgrade your streaming setup. Secure Stripe checkout with card + wallet options. Secure Stripe checkout with card + wallet options. Created for first-time and returning IPTV users. Built for budget-conscious streamers with a subscription flexibility angle.,For IPTV subscriptions and streaming device bundles. 36-hour trial applies to subscription plans only.,Visit StreamStickPro now,"jailbroken fire stick, onn google tv, iptv subscription, fire stick streaming, streamstickpro",Keep pricing synchronized with live product data. Avoid mentioning buffering claims.
AD-0312,Prospecting,Facebook,Cord-cutters,speed,"Stop paying cable prices | 18,000+ live channels | Prospecting","Stop paying cable prices. 18,000+ live channels and 100,000+ movies & series. 36-hour subscription trial available. Trusted by thousands of streamers. Built for cord-cutters with a speed angle.",For IPTV subscriptions and streaming device bundles. 36-hour trial applies to subscription plans only.,Start your 36-hour subscription trial,"jailbroken fire stick, onn google tv, iptv subscription, fire stick streaming, streamstickpro",Keep pricing synchronized with live product data. Avoid mentioning buffering claims.
AD-0313,Trial-to-Paid,YouTube,Returning IPTV users,value,Skip app-hunting and start with guided setup | 24/7 support | Trial-to-Paid,Skip app-hunting and start with guided setup. 24/7 support and setup tutorials included. Fast activation and clear onboarding flow. Fast setup with clear step-by-step guidance. Built for returning iptv users with a value angle.,For IPTV subscriptions and streaming device bundles. 36-hour trial applies to subscription plans only.,See pricing and start today,"jailbroken fire stick, onn google tv, iptv subscription, fire stick streaming, streamstickpro",Keep pricing synchronized with live product data. Avoid mentioning buffering claims.
AD-0314,Referral Push,Email Retargeting,ONN Google TV users,setup simplicity,Bring your own device or choose a bundle | Referral rewards for qualified yearly purchases | Referral Push,Bring your own device or choose a bundle. Referral rewards for qualified yearly purchases. Shipping included on device bundles. Works with IPTV Smarters Pro and TiviMate. Built for onn google tv users with a setup simplicity angle.,For IPTV subscriptions and streaming device bundles. 36-hour trial applies to subscription plans only.,Claim referral rewards details,"jailbroken fire stick, onn google tv, iptv subscription, fire stick streaming, streamstickpro",Keep pricing synchronized with live product data. Avoid mentioning buffering claims.
AD-0315,Prospecting,Instagram,Lapsed subscribers,support confidence,Get premium channels without cable contracts | 1-year service included on device bundles | Prospecting,"Get premium channels without cable contracts. 1-year service included on device bundles. 1-year service included on device bundles. Built for Fire Stick HD, 4K, 4K Max, and ONN devices. Built for lapsed subscribers with a support confidence angle.",For IPTV subscriptions and streaming device bundles. 36-hour trial applies to subscription plans only.,Compare plans and device bundles,"jailbroken fire stick, onn google tv, iptv subscription, fire stick streaming, streamstickpro",Keep pricing synchronized with live product data. Avoid mentioning buffering claims.
AD-0316,Trial-to-Paid,TikTok,Families replacing cable,device compatibility,Ready in about 10 minutes | Shipping included on device bundles | Trial-to-Paid,Ready in about 10 minutes. Shipping included on device bundles. Referral rewards for qualified yearly purchases. No long contracts required for subscription plans. Built for families replacing cable with a device compatibility angle.,For IPTV subscriptions and streaming device bundles. 36-hour trial applies to subscription plans only.,Get setup support and stream tonight,"jailbroken fire stick, onn google tv, iptv subscription, fire stick streaming, streamstickpro",Keep pricing synchronized with live product data. Avoid mentioning buffering claims.
AD-0317,Referral Push,SMS Follow-up,Fire Stick users,subscription flexibility,Built for Fire Stick and ONN | Fast activation | Referral Push,Built for Fire Stick and ONN. Fast activation and clear onboarding flow. 24/7 support and setup tutorials included. Easy renewals and support when you need it. Built for fire stick users with a subscription flexibility angle.,For IPTV subscriptions and streaming device bundles. 36-hour trial applies to subscription plans only.,Reactivate your plan in minutes,"jailbroken fire stick, onn google tv, iptv subscription, fire stick streaming, streamstickpro",Keep pricing synchronized with live product data. Avoid mentioning buffering claims.
AD-0318,Prospecting,Google Search,Former trial users,speed,One app. Cleaner streaming experience | 36-hour subscription trial available | Prospecting,"One app. Cleaner streaming experience. 36-hour subscription trial available. 18,000+ live channels and 100,000+ movies & series. Built for mobile-first buying flows and quick checkout. Built for former trial users with a speed angle.",For IPTV subscriptions and streaming device bundles. 36-hour trial applies to subscription plans only.,Shop Fire Stick and ONN options,"jailbroken fire stick, onn google tv, iptv subscription, fire stick streaming, streamstickpro",Keep pricing synchronized with live product data. Avoid mentioning buffering claims.
AD-0319,Trial-to-Paid,Native Ads,Budget-conscious streamers,value,Upgrade your streaming setup | Secure Stripe checkout with card + wallet options | Trial-to-Paid,Upgrade your streaming setup. Secure Stripe checkout with card + wallet options. Secure Stripe checkout with card + wallet options. Created for first-time and returning IPTV users. Built for budget-conscious streamers with a value angle.,For IPTV subscriptions and streaming device bundles. 36-hour trial applies to subscription plans only.,Visit StreamStickPro now,"jailbroken fire stick, onn google tv, iptv subscription, fire stick streaming, streamstickpro",Keep pricing synchronized with live product data. Avoid mentioning buffering claims.
AD-0320,Referral Push,Facebook,Cord-cutters,setup simplicity,"Stop paying cable prices | 18,000+ live channels | Referral Push","Stop paying cable prices. 18,000+ live channels and 100,000+ movies & series. 36-hour subscription trial available. Trusted by thousands of streamers. Built for cord-cutters with a setup simplicity angle.",For IPTV subscriptions and streaming device bundles. 36-hour trial applies to subscription plans only.,Start your 36-hour subscription trial,"jailbroken fire stick, onn google tv, iptv subscription, fire stick streaming, streamstickpro",Keep pricing synchronized with live product data. Avoid mentioning buffering claims.
AD-0321,Prospecting,YouTube,Returning IPTV users,support confidence,Skip app-hunting and start with guided setup | 24/7 support | Prospecting,Skip app-hunting and start with guided setup. 24/7 support and setup tutorials included. Fast activation and clear onboarding flow. Fast setup with clear step-by-step guidance. Built for returning iptv users with a support confidence angle.,For IPTV subscriptions and streaming device bundles. 36-hour trial applies to subscription plans only.,See pricing and start today,"jailbroken fire stick, onn google tv, iptv subscription, fire stick streaming, streamstickpro",Keep pricing synchronized with live product data. Avoid mentioning buffering claims.
AD-0322,Trial-to-Paid,Email Retargeting,ONN Google TV users,device compatibility,Bring your own device or choose a bundle | Referral rewards for qualified yearly purchases | Trial-to-Paid,Bring your own device or choose a bundle. Referral rewards for qualified yearly purchases. Shipping included on device bundles. Works with IPTV Smarters Pro and TiviMate. Built for onn google tv users with a device compatibility angle.,For IPTV subscriptions and streaming device bundles. 36-hour trial applies to subscription plans only.,Claim referral rewards details,"jailbroken fire stick, onn google tv, iptv subscription, fire stick streaming, streamstickpro",Keep pricing synchronized with live product data. Avoid mentioning buffering claims.
AD-0323,Referral Push,Instagram,Lapsed subscribers,subscription flexibility,Get premium channels without cable contracts | 1-year service included on device bundles | Referral Push,"Get premium channels without cable contracts. 1-year service included on device bundles. 1-year service included on device bundles. Built for Fire Stick HD, 4K, 4K Max, and ONN devices. Built for lapsed subscribers with a subscription flexibility angle.",For IPTV subscriptions and streaming device bundles. 36-hour trial applies to subscription plans only.,Compare plans and device bundles,"jailbroken fire stick, onn google tv, iptv subscription, fire stick streaming, streamstickpro",Keep pricing synchronized with live product data. Avoid mentioning buffering claims.
AD-0324,Prospecting,TikTok,Families replacing cable,speed,Ready in about 10 minutes | Shipping included on device bundles | Prospecting,Ready in about 10 minutes. Shipping included on device bundles. Referral rewards for qualified yearly purchases. No long contracts required for subscription plans. Built for families replacing cable with a speed angle.,For IPTV subscriptions and streaming device bundles. 36-hour trial applies to subscription plans only.,Get setup support and stream tonight,"jailbroken fire stick, onn google tv, iptv subscription, fire stick streaming, streamstickpro",Keep pricing synchronized with live product data. Avoid mentioning buffering claims.
AD-0325,Trial-to-Paid,SMS Follow-up,Fire Stick users,value,Built for Fire Stick and ONN | Fast activation | Trial-to-Paid,Built for Fire Stick and ONN. Fast activation and clear onboarding flow. 24/7 support and setup tutorials included. Easy renewals and support when you need it. Built for fire stick users with a value angle.,For IPTV subscriptions and streaming device bundles. 36-hour trial applies to subscription plans only.,Reactivate your plan in minutes,"jailbroken fire stick, onn google tv, iptv subscription, fire stick streaming, streamstickpro",Keep pricing synchronized with live product data. Avoid mentioning buffering claims.
AD-0326,Referral Push,Google Search,Former trial users,setup simplicity,One app. Cleaner streaming experience | 36-hour subscription trial available | Referral Push,"One app. Cleaner streaming experience. 36-hour subscription trial available. 18,000+ live channels and 100,000+ movies & series. Built for mobile-first buying flows and quick checkout. Built for former trial users with a setup simplicity angle.",For IPTV subscriptions and streaming device bundles. 36-hour trial applies to subscription plans only.,Shop Fire Stick and ONN options,"jailbroken fire stick, onn google tv, iptv subscription, fire stick streaming, streamstickpro",Keep pricing synchronized with live product data. Avoid mentioning buffering claims.
AD-0327,Prospecting,Native Ads,Budget-conscious streamers,support confidence,Upgrade your streaming setup | Secure Stripe checkout with card + wallet options | Prospecting,Upgrade your streaming setup. Secure Stripe checkout with card + wallet options. Secure Stripe checkout with card + wallet options. Created for first-time and returning IPTV users. Built for budget-conscious streamers with a support confidence angle.,For IPTV subscriptions and streaming device bundles. 36-hour trial applies to subscription plans only.,Visit StreamStickPro now,"jailbroken fire stick, onn google tv, iptv subscription, fire stick streaming, streamstickpro",Keep pricing synchronized with live product data. Avoid mentioning buffering claims.
AD-0328,Trial-to-Paid,Facebook,Cord-cutters,device compatibility,"Stop paying cable prices | 18,000+ live channels | Trial-to-Paid","Stop paying cable prices. 18,000+ live channels and 100,000+ movies & series. 36-hour subscription trial available. Trusted by thousands of streamers. Built for cord-cutters with a device compatibility angle.",For IPTV subscriptions and streaming device bundles. 36-hour trial applies to subscription plans only.,Start your 36-hour subscription trial,"jailbroken fire stick, onn google tv, iptv subscription, fire stick streaming, streamstickpro",Keep pricing synchronized with live product data. Avoid mentioning buffering claims.
AD-0329,Referral Push,YouTube,Returning IPTV users,subscription flexibility,Skip app-hunting and start with guided setup | 24/7 support | Referral Push,Skip app-hunting and start with guided setup. 24/7 support and setup tutorials included. Fast activation and clear onboarding flow. Fast setup with clear step-by-step guidance. Built for returning iptv users with a subscription flexibility angle.,For IPTV subscriptions and streaming device bundles. 36-hour trial applies to subscription plans only.,See pricing and start today,"jailbroken fire stick, onn google tv, iptv subscription, fire stick streaming, streamstickpro",Keep pricing synchronized with live product data. Avoid mentioning buffering claims.
AD-0330,Prospecting,Email Retargeting,ONN Google TV users,speed,Bring your own device or choose a bundle | Referral rewards for qualified yearly purchases | Prospecting,Bring your own device or choose a bundle. Referral rewards for qualified yearly purchases. Shipping included on device bundles. Works with IPTV Smarters Pro and TiviMate. Built for onn google tv users with a speed angle.,For IPTV subscriptions and streaming device bundles. 36-hour trial applies to subscription plans only.,Claim referral rewards details,"jailbroken fire stick, onn google tv, iptv subscription, fire stick streaming, streamstickpro",Keep pricing synchronized with live product data. Avoid mentioning buffering claims.
AD-0331,Trial-to-Paid,Instagram,Lapsed subscribers,value,Get premium channels without cable contracts | 1-year service included on device bundles | Trial-to-Paid,"Get premium channels without cable contracts. 1-year service included on device bundles. 1-year service included on device bundles. Built for Fire Stick HD, 4K, 4K Max, and ONN devices. Built for lapsed subscribers with a value angle.",For IPTV subscriptions and streaming device bundles. 36-hour trial applies to subscription plans only.,Compare plans and device bundles,"jailbroken fire stick, onn google tv, iptv subscription, fire stick streaming, streamstickpro",Keep pricing synchronized with live product data. Avoid mentioning buffering claims.
AD-0332,Referral Push,TikTok,Families replacing cable,setup simplicity,Ready in about 10 minutes | Shipping included on device bundles | Referral Push,Ready in about 10 minutes. Shipping included on device bundles. Referral rewards for qualified yearly purchases. No long contracts required for subscription plans. Built for families replacing cable with a setup simplicity angle.,For IPTV subscriptions and streaming device bundles. 36-hour trial applies to subscription plans only.,Get setup support and stream tonight,"jailbroken fire stick, onn google tv, iptv subscription, fire stick streaming, streamstickpro",Keep pricing synchronized with live product data. Avoid mentioning buffering claims.
AD-0333,Prospecting,SMS Follow-up,Fire Stick users,support confidence,Built for Fire Stick and ONN | Fast activation | Prospecting,Built for Fire Stick and ONN. Fast activation and clear onboarding flow. 24/7 support and setup tutorials included. Easy renewals and support when you need it. Built for fire stick users with a support confidence angle.,For IPTV subscriptions and streaming device bundles. 36-hour trial applies to subscription plans only.,Reactivate your plan in minutes,"jailbroken fire stick, onn google tv, iptv subscription, fire stick streaming, streamstickpro",Keep pricing synchronized with live product data. Avoid mentioning buffering claims.
AD-0334,Trial-to-Paid,Google Search,Former trial users,device compatibility,One app. Cleaner streaming experience | 36-hour subscription trial available | Trial-to-Paid,"One app. Cleaner streaming experience. 36-hour subscription trial available. 18,000+ live channels and 100,000+ movies & series. Built for mobile-first buying flows and quick checkout. Built for former trial users with a device compatibility angle.",For IPTV subscriptions and streaming device bundles. 36-hour trial applies to subscription plans only.,Shop Fire Stick and ONN options,"jailbroken fire stick, onn google tv, iptv subscription, fire stick streaming, streamstickpro",Keep pricing synchronized with live product data. Avoid mentioning buffering claims.
AD-0335,Referral Push,Native Ads,Budget-conscious streamers,subscription flexibility,Upgrade your streaming setup | Secure Stripe checkout with card + wallet options | Referral Push,Upgrade your streaming setup. Secure Stripe checkout with card + wallet options. Secure Stripe checkout with card + wallet options. Created for first-time and returning IPTV users. Built for budget-conscious streamers with a subscription flexibility angle.,For IPTV subscriptions and streaming device bundles. 36-hour trial applies to subscription plans only.,Visit StreamStickPro now,"jailbroken fire stick, onn google tv, iptv subscription, fire stick streaming, streamstickpro",Keep pricing synchronized with live product data. Avoid mentioning buffering claims.
AD-0336,Prospecting,Facebook,Cord-cutters,speed,"Stop paying cable prices | 18,000+ live channels | Prospecting","Stop paying cable prices. 18,000+ live channels and 100,000+ movies & series. 36-hour subscription trial available. Trusted by thousands of streamers. Built for cord-cutters with a speed angle.",For IPTV subscriptions and streaming device bundles. 36-hour trial applies to subscription plans only.,Start your 36-hour subscription trial,"jailbroken fire stick, onn google tv, iptv subscription, fire stick streaming, streamstickpro",Keep pricing synchronized with live product data. Avoid mentioning buffering claims.
AD-0337,Trial-to-Paid,YouTube,Returning IPTV users,value,Skip app-hunting and start with guided setup | 24/7 support | Trial-to-Paid,Skip app-hunting and start with guided setup. 24/7 support and setup tutorials included. Fast activation and clear onboarding flow. Fast setup with clear step-by-step guidance. Built for returning iptv users with a value angle.,For IPTV subscriptions and streaming device bundles. 36-hour trial applies to subscription plans only.,See pricing and start today,"jailbroken fire stick, onn google tv, iptv subscription, fire stick streaming, streamstickpro",Keep pricing synchronized with live product data. Avoid mentioning buffering claims.
AD-0338,Referral Push,Email Retargeting,ONN Google TV users,setup simplicity,Bring your own device or choose a bundle | Referral rewards for qualified yearly purchases | Referral Push,Bring your own device or choose a bundle. Referral rewards for qualified yearly purchases. Shipping included on device bundles. Works with IPTV Smarters Pro and TiviMate. Built for onn google tv users with a setup simplicity angle.,For IPTV subscriptions and streaming device bundles. 36-hour trial applies to subscription plans only.,Claim referral rewards details,"jailbroken fire stick, onn google tv, iptv subscription, fire stick streaming, streamstickpro",Keep pricing synchronized with live product data. Avoid mentioning buffering claims.
AD-0339,Prospecting,Instagram,Lapsed subscribers,support confidence,Get premium channels without cable contracts | 1-year service included on device bundles | Prospecting,"Get premium channels without cable contracts. 1-year service included on device bundles. 1-year service included on device bundles. Built for Fire Stick HD, 4K, 4K Max, and ONN devices. Built for lapsed subscribers with a support confidence angle.",For IPTV subscriptions and streaming device bundles. 36-hour trial applies to subscription plans only.,Compare plans and device bundles,"jailbroken fire stick, onn google tv, iptv subscription, fire stick streaming, streamstickpro",Keep pricing synchronized with live product data. Avoid mentioning buffering claims.
AD-0340,Trial-to-Paid,TikTok,Families replacing cable,device compatibility,Ready in about 10 minutes | Shipping included on device bundles | Trial-to-Paid,Ready in about 10 minutes. Shipping included on device bundles. Referral rewards for qualified yearly purchases. No long contracts required for subscription plans. Built for families replacing cable with a device compatibility angle.,For IPTV subscriptions and streaming device bundles. 36-hour trial applies to subscription plans only.,Get setup support and stream tonight,"jailbroken fire stick, onn google tv, iptv subscription, fire stick streaming, streamstickpro",Keep pricing synchronized with live product data. Avoid mentioning buffering claims.
AD-0341,Referral Push,SMS Follow-up,Fire Stick users,subscription flexibility,Built for Fire Stick and ONN | Fast activation | Referral Push,Built for Fire Stick and ONN. Fast activation and clear onboarding flow. 24/7 support and setup tutorials included. Easy renewals and support when you need it. Built for fire stick users with a subscription flexibility angle.,For IPTV subscriptions and streaming device bundles. 36-hour trial applies to subscription plans only.,Reactivate your plan in minutes,"jailbroken fire stick, onn google tv, iptv subscription, fire stick streaming, streamstickpro",Keep pricing synchronized with live product data. Avoid mentioning buffering claims.
AD-0342,Prospecting,Google Search,Former trial users,speed,One app. Cleaner streaming experience | 36-hour subscription trial available | Prospecting,"One app. Cleaner streaming experience. 36-hour subscription trial available. 18,000+ live channels and 100,000+ movies & series. Built for mobile-first buying flows and quick checkout. Built for former trial users with a speed angle.",For IPTV subscriptions and streaming device bundles. 36-hour trial applies to subscription plans only.,Shop Fire Stick and ONN options,"jailbroken fire stick, onn google tv, iptv subscription, fire stick streaming, streamstickpro",Keep pricing synchronized with live product data. Avoid mentioning buffering claims.
AD-0343,Trial-to-Paid,Native Ads,Budget-conscious streamers,value,Upgrade your streaming setup | Secure Stripe checkout with card + wallet options | Trial-to-Paid,Upgrade your streaming setup. Secure Stripe checkout with card + wallet options. Secure Stripe checkout with card + wallet options. Created for first-time and returning IPTV users. Built for budget-conscious streamers with a value angle.,For IPTV subscriptions and streaming device bundles. 36-hour trial applies to subscription plans only.,Visit StreamStickPro now,"jailbroken fire stick, onn google tv, iptv subscription, fire stick streaming, streamstickpro",Keep pricing synchronized with live product data. Avoid mentioning buffering claims.
AD-0344,Referral Push,Facebook,Cord-cutters,setup simplicity,"Stop paying cable prices | 18,000+ live channels | Referral Push","Stop paying cable prices. 18,000+ live channels and 100,000+ movies & series. 36-hour subscription trial available. Trusted by thousands of streamers. Built for cord-cutters with a setup simplicity angle.",For IPTV subscriptions and streaming device bundles. 36-hour trial applies to subscription plans only.,Start your 36-hour subscription trial,"jailbroken fire stick, onn google tv, iptv subscription, fire stick streaming, streamstickpro",Keep pricing synchronized with live product data. Avoid mentioning buffering claims.
AD-0345,Prospecting,YouTube,Returning IPTV users,support confidence,Skip app-hunting and start with guided setup | 24/7 support | Prospecting,Skip app-hunting and start with guided setup. 24/7 support and setup tutorials included. Fast activation and clear onboarding flow. Fast setup with clear step-by-step guidance. Built for returning iptv users with a support confidence angle.,For IPTV subscriptions and streaming device bundles. 36-hour trial applies to subscription plans only.,See pricing and start today,"jailbroken fire stick, onn google tv, iptv subscription, fire stick streaming, streamstickpro",Keep pricing synchronized with live product data. Avoid mentioning buffering claims.
AD-0346,Trial-to-Paid,Email Retargeting,ONN Google TV users,device compatibility,Bring your own device or choose a bundle | Referral rewards for qualified yearly purchases | Trial-to-Paid,Bring your own device or choose a bundle. Referral rewards for qualified yearly purchases. Shipping included on device bundles. Works with IPTV Smarters Pro and TiviMate. Built for onn google tv users with a device compatibility angle.,For IPTV subscriptions and streaming device bundles. 36-hour trial applies to subscription plans only.,Claim referral rewards details,"jailbroken fire stick, onn google tv, iptv subscription, fire stick streaming, streamstickpro",Keep pricing synchronized with live product data. Avoid mentioning buffering claims.
AD-0347,Referral Push,Instagram,Lapsed subscribers,subscription flexibility,Get premium channels without cable contracts | 1-year service included on device bundles | Referral Push,"Get premium channels without cable contracts. 1-year service included on device bundles. 1-year service included on device bundles. Built for Fire Stick HD, 4K, 4K Max, and ONN devices. Built for lapsed subscribers with a subscription flexibility angle.",For IPTV subscriptions and streaming device bundles. 36-hour trial applies to subscription plans only.,Compare plans and device bundles,"jailbroken fire stick, onn google tv, iptv subscription, fire stick streaming, streamstickpro",Keep pricing synchronized with live product data. Avoid mentioning buffering claims.
AD-0348,Prospecting,TikTok,Families replacing cable,speed,Ready in about 10 minutes | Shipping included on device bundles | Prospecting,Ready in about 10 minutes. Shipping included on device bundles. Referral rewards for qualified yearly purchases. No long contracts required for subscription plans. Built for families replacing cable with a speed angle.,For IPTV subscriptions and streaming device bundles. 36-hour trial applies to subscription plans only.,Get setup support and stream tonight,"jailbroken fire stick, onn google tv, iptv subscription, fire stick streaming, streamstickpro",Keep pricing synchronized with live product data. Avoid mentioning buffering claims.
AD-0349,Trial-to-Paid,SMS Follow-up,Fire Stick users,value,Built for Fire Stick and ONN | Fast activation | Trial-to-Paid,Built for Fire Stick and ONN. Fast activation and clear onboarding flow. 24/7 support and setup tutorials included. Easy renewals and support when you need it. Built for fire stick users with a value angle.,For IPTV subscriptions and streaming device bundles. 36-hour trial applies to subscription plans only.,Reactivate your plan in minutes,"jailbroken fire stick, onn google tv, iptv subscription, fire stick streaming, streamstickpro",Keep pricing synchronized with live product data. Avoid mentioning buffering claims.
AD-0350,Referral Push,Google Search,Former trial users,setup simplicity,One app. Cleaner streaming experience | 36-hour subscription trial available | Referral Push,"One app. Cleaner streaming experience. 36-hour subscription trial available. 18,000+ live channels and 100,000+ movies & series. Built for mobile-first buying flows and quick checkout. Built for former trial users with a setup simplicity angle.",For IPTV subscriptions and streaming device bundles. 36-hour trial applies to subscription plans only.,Shop Fire Stick and ONN options,"jailbroken fire stick, onn google tv, iptv subscription, fire stick streaming, streamstickpro",Keep pricing synchronized with live product data. Avoid mentioning buffering claims.
AD-0351,Prospecting,Native Ads,Budget-conscious streamers,support confidence,Upgrade your streaming setup | Secure Stripe checkout with card + wallet options | Prospecting,Upgrade your streaming setup. Secure Stripe checkout with card + wallet options. Secure Stripe checkout with card + wallet options. Created for first-time and returning IPTV users. Built for budget-conscious streamers with a support confidence angle.,For IPTV subscriptions and streaming device bundles. 36-hour trial applies to subscription plans only.,Visit StreamStickPro now,"jailbroken fire stick, onn google tv, iptv subscription, fire stick streaming, streamstickpro",Keep pricing synchronized with live product data. Avoid mentioning buffering claims.
AD-0352,Trial-to-Paid,Facebook,Cord-cutters,device compatibility,"Stop paying cable prices | 18,000+ live channels | Trial-to-Paid","Stop paying cable prices. 18,000+ live channels and 100,000+ movies & series. 36-hour subscription trial available. Trusted by thousands of streamers. Built for cord-cutters with a device compatibility angle.",For IPTV subscriptions and streaming device bundles. 36-hour trial applies to subscription plans only.,Start your 36-hour subscription trial,"jailbroken fire stick, onn google tv, iptv subscription, fire stick streaming, streamstickpro",Keep pricing synchronized with live product data. Avoid mentioning buffering claims.
AD-0353,Referral Push,YouTube,Returning IPTV users,subscription flexibility,Skip app-hunting and start with guided setup | 24/7 support | Referral Push,Skip app-hunting and start with guided setup. 24/7 support and setup tutorials included. Fast activation and clear onboarding flow. Fast setup with clear step-by-step guidance. Built for returning iptv users with a subscription flexibility angle.,For IPTV subscriptions and streaming device bundles. 36-hour trial applies to subscription plans only.,See pricing and start today,"jailbroken fire stick, onn google tv, iptv subscription, fire stick streaming, streamstickpro",Keep pricing synchronized with live product data. Avoid mentioning buffering claims.
AD-0354,Prospecting,Email Retargeting,ONN Google TV users,speed,Bring your own device or choose a bundle | Referral rewards for qualified yearly purchases | Prospecting,Bring your own device or choose a bundle. Referral rewards for qualified yearly purchases. Shipping included on device bundles. Works with IPTV Smarters Pro and TiviMate. Built for onn google tv users with a speed angle.,For IPTV subscriptions and streaming device bundles. 36-hour trial applies to subscription plans only.,Claim referral rewards details,"jailbroken fire stick, onn google tv, iptv subscription, fire stick streaming, streamstickpro",Keep pricing synchronized with live product data. Avoid mentioning buffering claims.
AD-0355,Trial-to-Paid,Instagram,Lapsed subscribers,value,Get premium channels without cable contracts | 1-year service included on device bundles | Trial-to-Paid,"Get premium channels without cable contracts. 1-year service included on device bundles. 1-year service included on device bundles. Built for Fire Stick HD, 4K, 4K Max, and ONN devices. Built for lapsed subscribers with a value angle.",For IPTV subscriptions and streaming device bundles. 36-hour trial applies to subscription plans only.,Compare plans and device bundles,"jailbroken fire stick, onn google tv, iptv subscription, fire stick streaming, streamstickpro",Keep pricing synchronized with live product data. Avoid mentioning buffering claims.
AD-0356,Referral Push,TikTok,Families replacing cable,setup simplicity,Ready in about 10 minutes | Shipping included on device bundles | Referral Push,Ready in about 10 minutes. Shipping included on device bundles. Referral rewards for qualified yearly purchases. No long contracts required for subscription plans. Built for families replacing cable with a setup simplicity angle.,For IPTV subscriptions and streaming device bundles. 36-hour trial applies to subscription plans only.,Get setup support and stream tonight,"jailbroken fire stick, onn google tv, iptv subscription, fire stick streaming, streamstickpro",Keep pricing synchronized with live product data. Avoid mentioning buffering claims.
AD-0357,Prospecting,SMS Follow-up,Fire Stick users,support confidence,Built for Fire Stick and ONN | Fast activation | Prospecting,Built for Fire Stick and ONN. Fast activation and clear onboarding flow. 24/7 support and setup tutorials included. Easy renewals and support when you need it. Built for fire stick users with a support confidence angle.,For IPTV subscriptions and streaming device bundles. 36-hour trial applies to subscription plans only.,Reactivate your plan in minutes,"jailbroken fire stick, onn google tv, iptv subscription, fire stick streaming, streamstickpro",Keep pricing synchronized with live product data. Avoid mentioning buffering claims.
AD-0358,Trial-to-Paid,Google Search,Former trial users,device compatibility,One app. Cleaner streaming experience | 36-hour subscription trial available | Trial-to-Paid,"One app. Cleaner streaming experience. 36-hour subscription trial available. 18,000+ live channels and 100,000+ movies & series. Built for mobile-first buying flows and quick checkout. Built for former trial users with a device compatibility angle.",For IPTV subscriptions and streaming device bundles. 36-hour trial applies to subscription plans only.,Shop Fire Stick and ONN options,"jailbroken fire stick, onn google tv, iptv subscription, fire stick streaming, streamstickpro",Keep pricing synchronized with live product data. Avoid mentioning buffering claims.
AD-0359,Referral Push,Native Ads,Budget-conscious streamers,subscription flexibility,Upgrade your streaming setup | Secure Stripe checkout with card + wallet options | Referral Push,Upgrade your streaming setup. Secure Stripe checkout with card + wallet options. Secure Stripe checkout with card + wallet options. Created for first-time and returning IPTV users. Built for budget-conscious streamers with a subscription flexibility angle.,For IPTV subscriptions and streaming device bundles. 36-hour trial applies to subscription plans only.,Visit StreamStickPro now,"jailbroken fire stick, onn google tv, iptv subscription, fire stick streaming, streamstickpro",Keep pricing synchronized with live product data. Avoid mentioning buffering claims.
AD-0360,Prospecting,Facebook,Cord-cutters,speed,"Stop paying cable prices | 18,000+ live channels | Prospecting","Stop paying cable prices. 18,000+ live channels and 100,000+ movies & series. 36-hour subscription trial available. Trusted by thousands of streamers. Built for cord-cutters with a speed angle.",For IPTV subscriptions and streaming device bundles. 36-hour trial applies to subscription plans only.,Start your 36-hour subscription trial,"jailbroken fire stick, onn google tv, iptv subscription, fire stick streaming, streamstickpro",Keep pricing synchronized with live product data. Avoid mentioning buffering claims.
AD-0361,Trial-to-Paid,YouTube,Returning IPTV users,value,Skip app-hunting and start with guided setup | 24/7 support | Trial-to-Paid,Skip app-hunting and start with guided setup. 24/7 support and setup tutorials included. Fast activation and clear onboarding flow. Fast setup with clear step-by-step guidance. Built for returning iptv users with a value angle.,For IPTV subscriptions and streaming device bundles. 36-hour trial applies to subscription plans only.,See pricing and start today,"jailbroken fire stick, onn google tv, iptv subscription, fire stick streaming, streamstickpro",Keep pricing synchronized with live product data. Avoid mentioning buffering claims.
AD-0362,Referral Push,Email Retargeting,ONN Google TV users,setup simplicity,Bring your own device or choose a bundle | Referral rewards for qualified yearly purchases | Referral Push,Bring your own device or choose a bundle. Referral rewards for qualified yearly purchases. Shipping included on device bundles. Works with IPTV Smarters Pro and TiviMate. Built for onn google tv users with a setup simplicity angle.,For IPTV subscriptions and streaming device bundles. 36-hour trial applies to subscription plans only.,Claim referral rewards details,"jailbroken fire stick, onn google tv, iptv subscription, fire stick streaming, streamstickpro",Keep pricing synchronized with live product data. Avoid mentioning buffering claims.
AD-0363,Prospecting,Instagram,Lapsed subscribers,support confidence,Get premium channels without cable contracts | 1-year service included on device bundles | Prospecting,"Get premium channels without cable contracts. 1-year service included on device bundles. 1-year service included on device bundles. Built for Fire Stick HD, 4K, 4K Max, and ONN devices. Built for lapsed subscribers with a support confidence angle.",For IPTV subscriptions and streaming device bundles. 36-hour trial applies to subscription plans only.,Compare plans and device bundles,"jailbroken fire stick, onn google tv, iptv subscription, fire stick streaming, streamstickpro",Keep pricing synchronized with live product data. Avoid mentioning buffering claims.
AD-0364,Trial-to-Paid,TikTok,Families replacing cable,device compatibility,Ready in about 10 minutes | Shipping included on device bundles | Trial-to-Paid,Ready in about 10 minutes. Shipping included on device bundles. Referral rewards for qualified yearly purchases. No long contracts required for subscription plans. Built for families replacing cable with a device compatibility angle.,For IPTV subscriptions and streaming device bundles. 36-hour trial applies to subscription plans only.,Get setup support and stream tonight,"jailbroken fire stick, onn google tv, iptv subscription, fire stick streaming, streamstickpro",Keep pricing synchronized with live product data. Avoid mentioning buffering claims.
AD-0365,Referral Push,SMS Follow-up,Fire Stick users,subscription flexibility,Built for Fire Stick and ONN | Fast activation | Referral Push,Built for Fire Stick and ONN. Fast activation and clear onboarding flow. 24/7 support and setup tutorials included. Easy renewals and support when you need it. Built for fire stick users with a subscription flexibility angle.,For IPTV subscriptions and streaming device bundles. 36-hour trial applies to subscription plans only.,Reactivate your plan in minutes,"jailbroken fire stick, onn google tv, iptv subscription, fire stick streaming, streamstickpro",Keep pricing synchronized with live product data. Avoid mentioning buffering claims.
AD-0366,Prospecting,Google Search,Former trial users,speed,One app. Cleaner streaming experience | 36-hour subscription trial available | Prospecting,"One app. Cleaner streaming experience. 36-hour subscription trial available. 18,000+ live channels and 100,000+ movies & series. Built for mobile-first buying flows and quick checkout. Built for former trial users with a speed angle.",For IPTV subscriptions and streaming device bundles. 36-hour trial applies to subscription plans only.,Shop Fire Stick and ONN options,"jailbroken fire stick, onn google tv, iptv subscription, fire stick streaming, streamstickpro",Keep pricing synchronized with live product data. Avoid mentioning buffering claims.
AD-0367,Trial-to-Paid,Native Ads,Budget-conscious streamers,value,Upgrade your streaming setup | Secure Stripe checkout with card + wallet options | Trial-to-Paid,Upgrade your streaming setup. Secure Stripe checkout with card + wallet options. Secure Stripe checkout with card + wallet options. Created for first-time and returning IPTV users. Built for budget-conscious streamers with a value angle.,For IPTV subscriptions and streaming device bundles. 36-hour trial applies to subscription plans only.,Visit StreamStickPro now,"jailbroken fire stick, onn google tv, iptv subscription, fire stick streaming, streamstickpro",Keep pricing synchronized with live product data. Avoid mentioning buffering claims.
AD-0368,Referral Push,Facebook,Cord-cutters,setup simplicity,"Stop paying cable prices | 18,000+ live channels | Referral Push","Stop paying cable prices. 18,000+ live channels and 100,000+ movies & series. 36-hour subscription trial available. Trusted by thousands of streamers. Built for cord-cutters with a setup simplicity angle.",For IPTV subscriptions and streaming device bundles. 36-hour trial applies to subscription plans only.,Start your 36-hour subscription trial,"jailbroken fire stick, onn google tv, iptv subscription, fire stick streaming, streamstickpro",Keep pricing synchronized with live product data. Avoid mentioning buffering claims.
AD-0369,Prospecting,YouTube,Returning IPTV users,support confidence,Skip app-hunting and start with guided setup | 24/7 support | Prospecting,Skip app-hunting and start with guided setup. 24/7 support and setup tutorials included. Fast activation and clear onboarding flow. Fast setup with clear step-by-step guidance. Built for returning iptv users with a support confidence angle.,For IPTV subscriptions and streaming device bundles. 36-hour trial applies to subscription plans only.,See pricing and start today,"jailbroken fire stick, onn google tv, iptv subscription, fire stick streaming, streamstickpro",Keep pricing synchronized with live product data. Avoid mentioning buffering claims.
AD-0370,Trial-to-Paid,Email Retargeting,ONN Google TV users,device compatibility,Bring your own device or choose a bundle | Referral rewards for qualified yearly purchases | Trial-to-Paid,Bring your own device or choose a bundle. Referral rewards for qualified yearly purchases. Shipping included on device bundles. Works with IPTV Smarters Pro and TiviMate. Built for onn google tv users with a device compatibility angle.,For IPTV subscriptions and streaming device bundles. 36-hour trial applies to subscription plans only.,Claim referral rewards details,"jailbroken fire stick, onn google tv, iptv subscription, fire stick streaming, streamstickpro",Keep pricing synchronized with live product data. Avoid mentioning buffering claims.
AD-0371,Referral Push,Instagram,Lapsed subscribers,subscription flexibility,Get premium channels without cable contracts | 1-year service included on device bundles | Referral Push,"Get premium channels without cable contracts. 1-year service included on device bundles. 1-year service included on device bundles. Built for Fire Stick HD, 4K, 4K Max, and ONN devices. Built for lapsed subscribers with a subscription flexibility angle.",For IPTV subscriptions and streaming device bundles. 36-hour trial applies to subscription plans only.,Compare plans and device bundles,"jailbroken fire stick, onn google tv, iptv subscription, fire stick streaming, streamstickpro",Keep pricing synchronized with live product data. Avoid mentioning buffering claims.
AD-0372,Prospecting,TikTok,Families replacing cable,speed,Ready in about 10 minutes | Shipping included on device bundles | Prospecting,Ready in about 10 minutes. Shipping included on device bundles. Referral rewards for qualified yearly purchases. No long contracts required for subscription plans. Built for families replacing cable with a speed angle.,For IPTV subscriptions and streaming device bundles. 36-hour trial applies to subscription plans only.,Get setup support and stream tonight,"jailbroken fire stick, onn google tv, iptv subscription, fire stick streaming, streamstickpro",Keep pricing synchronized with live product data. Avoid mentioning buffering claims.
AD-0373,Trial-to-Paid,SMS Follow-up,Fire Stick users,value,Built for Fire Stick and ONN | Fast activation | Trial-to-Paid,Built for Fire Stick and ONN. Fast activation and clear onboarding flow. 24/7 support and setup tutorials included. Easy renewals and support when you need it. Built for fire stick users with a value angle.,For IPTV subscriptions and streaming device bundles. 36-hour trial applies to subscription plans only.,Reactivate your plan in minutes,"jailbroken fire stick, onn google tv, iptv subscription, fire stick streaming, streamstickpro",Keep pricing synchronized with live product data. Avoid mentioning buffering claims.
AD-0374,Referral Push,Google Search,Former trial users,setup simplicity,One app. Cleaner streaming experience | 36-hour subscription trial available | Referral Push,"One app. Cleaner streaming experience. 36-hour subscription trial available. 18,000+ live channels and 100,000+ movies & series. Built for mobile-first buying flows and quick checkout. Built for former trial users with a setup simplicity angle.",For IPTV subscriptions and streaming device bundles. 36-hour trial applies to subscription plans only.,Shop Fire Stick and ONN options,"jailbroken fire stick, onn google tv, iptv subscription, fire stick streaming, streamstickpro",Keep pricing synchronized with live product data. Avoid mentioning buffering claims.
AD-0375,Prospecting,Native Ads,Budget-conscious streamers,support confidence,Upgrade your streaming setup | Secure Stripe checkout with card + wallet options | Prospecting,Upgrade your streaming setup. Secure Stripe checkout with card + wallet options. Secure Stripe checkout with card + wallet options. Created for first-time and returning IPTV users. Built for budget-conscious streamers with a support confidence angle.,For IPTV subscriptions and streaming device bundles. 36-hour trial applies to subscription plans only.,Visit StreamStickPro now,"jailbroken fire stick, onn google tv, iptv subscription, fire stick streaming, streamstickpro",Keep pricing synchronized with live product data. Avoid mentioning buffering claims.
AD-0376,Trial-to-Paid,Facebook,Cord-cutters,device compatibility,"Stop paying cable prices | 18,000+ live channels | Trial-to-Paid","Stop paying cable prices. 18,000+ live channels and 100,000+ movies & series. 36-hour subscription trial available. Trusted by thousands of streamers. Built for cord-cutters with a device compatibility angle.",For IPTV subscriptions and streaming device bundles. 36-hour trial applies to subscription plans only.,Start your 36-hour subscription trial,"jailbroken fire stick, onn google tv, iptv subscription, fire stick streaming, streamstickpro",Keep pricing synchronized with live product data. Avoid mentioning buffering claims.
AD-0377,Referral Push,YouTube,Returning IPTV users,subscription flexibility,Skip app-hunting and start with guided setup | 24/7 support | Referral Push,Skip app-hunting and start with guided setup. 24/7 support and setup tutorials included. Fast activation and clear onboarding flow. Fast setup with clear step-by-step guidance. Built for returning iptv users with a subscription flexibility angle.,For IPTV subscriptions and streaming device bundles. 36-hour trial applies to subscription plans only.,See pricing and start today,"jailbroken fire stick, onn google tv, iptv subscription, fire stick streaming, streamstickpro",Keep pricing synchronized with live product data. Avoid mentioning buffering claims.
AD-0378,Prospecting,Email Retargeting,ONN Google TV users,speed,Bring your own device or choose a bundle | Referral rewards for qualified yearly purchases | Prospecting,Bring your own device or choose a bundle. Referral rewards for qualified yearly purchases. Shipping included on device bundles. Works with IPTV Smarters Pro and TiviMate. Built for onn google tv users with a speed angle.,For IPTV subscriptions and streaming device bundles. 36-hour trial applies to subscription plans only.,Claim referral rewards details,"jailbroken fire stick, onn google tv, iptv subscription, fire stick streaming, streamstickpro",Keep pricing synchronized with live product data. Avoid mentioning buffering claims.
AD-0379,Trial-to-Paid,Instagram,Lapsed subscribers,value,Get premium channels without cable contracts | 1-year service included on device bundles | Trial-to-Paid,"Get premium channels without cable contracts. 1-year service included on device bundles. 1-year service included on device bundles. Built for Fire Stick HD, 4K, 4K Max, and ONN devices. Built for lapsed subscribers with a value angle.",For IPTV subscriptions and streaming device bundles. 36-hour trial applies to subscription plans only.,Compare plans and device bundles,"jailbroken fire stick, onn google tv, iptv subscription, fire stick streaming, streamstickpro",Keep pricing synchronized with live product data. Avoid mentioning buffering claims.
AD-0380,Referral Push,TikTok,Families replacing cable,setup simplicity,Ready in about 10 minutes | Shipping included on device bundles | Referral Push,Ready in about 10 minutes. Shipping included on device bundles. Referral rewards for qualified yearly purchases. No long contracts required for subscription plans. Built for families replacing cable with a setup simplicity angle.,For IPTV subscriptions and streaming device bundles. 36-hour trial applies to subscription plans only.,Get setup support and stream tonight,"jailbroken fire stick, onn google tv, iptv subscription, fire stick streaming, streamstickpro",Keep pricing synchronized with live product data. Avoid mentioning buffering claims.
AD-0381,Prospecting,SMS Follow-up,Fire Stick users,support confidence,Built for Fire Stick and ONN | Fast activation | Prospecting,Built for Fire Stick and ONN. Fast activation and clear onboarding flow. 24/7 support and setup tutorials included. Easy renewals and support when you need it. Built for fire stick users with a support confidence angle.,For IPTV subscriptions and streaming device bundles. 36-hour trial applies to subscription plans only.,Reactivate your plan in minutes,"jailbroken fire stick, onn google tv, iptv subscription, fire stick streaming, streamstickpro",Keep pricing synchronized with live product data. Avoid mentioning buffering claims.
AD-0382,Trial-to-Paid,Google Search,Former trial users,device compatibility,One app. Cleaner streaming experience | 36-hour subscription trial available | Trial-to-Paid,"One app. Cleaner streaming experience. 36-hour subscription trial available. 18,000+ live channels and 100,000+ movies & series. Built for mobile-first buying flows and quick checkout. Built for former trial users with a device compatibility angle.",For IPTV subscriptions and streaming device bundles. 36-hour trial applies to subscription plans only.,Shop Fire Stick and ONN options,"jailbroken fire stick, onn google tv, iptv subscription, fire stick streaming, streamstickpro",Keep pricing synchronized with live product data. Avoid mentioning buffering claims.
AD-0383,Referral Push,Native Ads,Budget-conscious streamers,subscription flexibility,Upgrade your streaming setup | Secure Stripe checkout with card + wallet options | Referral Push,Upgrade your streaming setup. Secure Stripe checkout with card + wallet options. Secure Stripe checkout with card + wallet options. Created for first-time and returning IPTV users. Built for budget-conscious streamers with a subscription flexibility angle.,For IPTV subscriptions and streaming device bundles. 36-hour trial applies to subscription plans only.,Visit StreamStickPro now,"jailbroken fire stick, onn google tv, iptv subscription, fire stick streaming, streamstickpro",Keep pricing synchronized with live product data. Avoid mentioning buffering claims.
AD-0384,Prospecting,Facebook,Cord-cutters,speed,"Stop paying cable prices | 18,000+ live channels | Prospecting","Stop paying cable prices. 18,000+ live channels and 100,000+ movies & series. 36-hour subscription trial available. Trusted by thousands of streamers. Built for cord-cutters with a speed angle.",For IPTV subscriptions and streaming device bundles. 36-hour trial applies to subscription plans only.,Start your 36-hour subscription trial,"jailbroken fire stick, onn google tv, iptv subscription, fire stick streaming, streamstickpro",Keep pricing synchronized with live product data. Avoid mentioning buffering claims.
AD-0385,Trial-to-Paid,YouTube,Returning IPTV users,value,Skip app-hunting and start with guided setup | 24/7 support | Trial-to-Paid,Skip app-hunting and start with guided setup. 24/7 support and setup tutorials included. Fast activation and clear onboarding flow. Fast setup with clear step-by-step guidance. Built for returning iptv users with a value angle.,For IPTV subscriptions and streaming device bundles. 36-hour trial applies to subscription plans only.,See pricing and start today,"jailbroken fire stick, onn google tv, iptv subscription, fire stick streaming, streamstickpro",Keep pricing synchronized with live product data. Avoid mentioning buffering claims.
AD-0386,Referral Push,Email Retargeting,ONN Google TV users,setup simplicity,Bring your own device or choose a bundle | Referral rewards for qualified yearly purchases | Referral Push,Bring your own device or choose a bundle. Referral rewards for qualified yearly purchases. Shipping included on device bundles. Works with IPTV Smarters Pro and TiviMate. Built for onn google tv users with a setup simplicity angle.,For IPTV subscriptions and streaming device bundles. 36-hour trial applies to subscription plans only.,Claim referral rewards details,"jailbroken fire stick, onn google tv, iptv subscription, fire stick streaming, streamstickpro",Keep pricing synchronized with live product data. Avoid mentioning buffering claims.
AD-0387,Prospecting,Instagram,Lapsed subscribers,support confidence,Get premium channels without cable contracts | 1-year service included on device bundles | Prospecting,"Get premium channels without cable contracts. 1-year service included on device bundles. 1-year service included on device bundles. Built for Fire Stick HD, 4K, 4K Max, and ONN devices. Built for lapsed subscribers with a support confidence angle.",For IPTV subscriptions and streaming device bundles. 36-hour trial applies to subscription plans only.,Compare plans and device bundles,"jailbroken fire stick, onn google tv, iptv subscription, fire stick streaming, streamstickpro",Keep pricing synchronized with live product data. Avoid mentioning buffering claims.
AD-0388,Trial-to-Paid,TikTok,Families replacing cable,device compatibility,Ready in about 10 minutes | Shipping included on device bundles | Trial-to-Paid,Ready in about 10 minutes. Shipping included on device bundles. Referral rewards for qualified yearly purchases. No long contracts required for subscription plans. Built for families replacing cable with a device compatibility angle.,For IPTV subscriptions and streaming device bundles. 36-hour trial applies to subscription plans only.,Get setup support and stream tonight,"jailbroken fire stick, onn google tv, iptv subscription, fire stick streaming, streamstickpro",Keep pricing synchronized with live product data. Avoid mentioning buffering claims.
AD-0389,Referral Push,SMS Follow-up,Fire Stick users,subscription flexibility,Built for Fire Stick and ONN | Fast activation | Referral Push,Built for Fire Stick and ONN. Fast activation and clear onboarding flow. 24/7 support and setup tutorials included. Easy renewals and support when you need it. Built for fire stick users with a subscription flexibility angle.,For IPTV subscriptions and streaming device bundles. 36-hour trial applies to subscription plans only.,Reactivate your plan in minutes,"jailbroken fire stick, onn google tv, iptv subscription, fire stick streaming, streamstickpro",Keep pricing synchronized with live product data. Avoid mentioning buffering claims.
AD-0390,Prospecting,Google Search,Former trial users,speed,One app. Cleaner streaming experience | 36-hour subscription trial available | Prospecting,"One app. Cleaner streaming experience. 36-hour subscription trial available. 18,000+ live channels and 100,000+ movies & series. Built for mobile-first buying flows and quick checkout. Built for former trial users with a speed angle.",For IPTV subscriptions and streaming device bundles. 36-hour trial applies to subscription plans only.,Shop Fire Stick and ONN options,"jailbroken fire stick, onn google tv, iptv subscription, fire stick streaming, streamstickpro",Keep pricing synchronized with live product data. Avoid mentioning buffering claims.
AD-0391,Trial-to-Paid,Native Ads,Budget-conscious streamers,value,Upgrade your streaming setup | Secure Stripe checkout with card + wallet options | Trial-to-Paid,Upgrade your streaming setup. Secure Stripe checkout with card + wallet options. Secure Stripe checkout with card + wallet options. Created for first-time and returning IPTV users. Built for budget-conscious streamers with a value angle.,For IPTV subscriptions and streaming device bundles. 36-hour trial applies to subscription plans only.,Visit StreamStickPro now,"jailbroken fire stick, onn google tv, iptv subscription, fire stick streaming, streamstickpro",Keep pricing synchronized with live product data. Avoid mentioning buffering claims.
AD-0392,Referral Push,Facebook,Cord-cutters,setup simplicity,"Stop paying cable prices | 18,000+ live channels | Referral Push","Stop paying cable prices. 18,000+ live channels and 100,000+ movies & series. 36-hour subscription trial available. Trusted by thousands of streamers. Built for cord-cutters with a setup simplicity angle.",For IPTV subscriptions and streaming device bundles. 36-hour trial applies to subscription plans only.,Start your 36-hour subscription trial,"jailbroken fire stick, onn google tv, iptv subscription, fire stick streaming, streamstickpro",Keep pricing synchronized with live product data. Avoid mentioning buffering claims.
AD-0393,Prospecting,YouTube,Returning IPTV users,support confidence,Skip app-hunting and start with guided setup | 24/7 support | Prospecting,Skip app-hunting and start with guided setup. 24/7 support and setup tutorials included. Fast activation and clear onboarding flow. Fast setup with clear step-by-step guidance. Built for returning iptv users with a support confidence angle.,For IPTV subscriptions and streaming device bundles. 36-hour trial applies to subscription plans only.,See pricing and start today,"jailbroken fire stick, onn google tv, iptv subscription, fire stick streaming, streamstickpro",Keep pricing synchronized with live product data. Avoid mentioning buffering claims.
AD-0394,Trial-to-Paid,Email Retargeting,ONN Google TV users,device compatibility,Bring your own device or choose a bundle | Referral rewards for qualified yearly purchases | Trial-to-Paid,Bring your own device or choose a bundle. Referral rewards for qualified yearly purchases. Shipping included on device bundles. Works with IPTV Smarters Pro and TiviMate. Built for onn google tv users with a device compatibility angle.,For IPTV subscriptions and streaming device bundles. 36-hour trial applies to subscription plans only.,Claim referral rewards details,"jailbroken fire stick, onn google tv, iptv subscription, fire stick streaming, streamstickpro",Keep pricing synchronized with live product data. Avoid mentioning buffering claims.
AD-0395,Referral Push,Instagram,Lapsed subscribers,subscription flexibility,Get premium channels without cable contracts | 1-year service included on device bundles | Referral Push,"Get premium channels without cable contracts. 1-year service included on device bundles. 1-year service included on device bundles. Built for Fire Stick HD, 4K, 4K Max, and ONN devices. Built for lapsed subscribers with a subscription flexibility angle.",For IPTV subscriptions and streaming device bundles. 36-hour trial applies to subscription plans only.,Compare plans and device bundles,"jailbroken fire stick, onn google tv, iptv subscription, fire stick streaming, streamstickpro",Keep pricing synchronized with live product data. Avoid mentioning buffering claims.
AD-0396,Prospecting,TikTok,Families replacing cable,speed,Ready in about 10 minutes | Shipping included on device bundles | Prospecting,Ready in about 10 minutes. Shipping included on device bundles. Referral rewards for qualified yearly purchases. No long contracts required for subscription plans. Built for families replacing cable with a speed angle.,For IPTV subscriptions and streaming device bundles. 36-hour trial applies to subscription plans only.,Get setup support and stream tonight,"jailbroken fire stick, onn google tv, iptv subscription, fire stick streaming, streamstickpro",Keep pricing synchronized with live product data. Avoid mentioning buffering claims.
AD-0397,Trial-to-Paid,SMS Follow-up,Fire Stick users,value,Built for Fire Stick and ONN | Fast activation | Trial-to-Paid,Built for Fire Stick and ONN. Fast activation and clear onboarding flow. 24/7 support and setup tutorials included. Easy renewals and support when you need it. Built for fire stick users with a value angle.,For IPTV subscriptions and streaming device bundles. 36-hour trial applies to subscription plans only.,Reactivate your plan in minutes,"jailbroken fire stick, onn google tv, iptv subscription, fire stick streaming, streamstickpro",Keep pricing synchronized with live product data. Avoid mentioning buffering claims.
AD-0398,Referral Push,Google Search,Former trial users,setup simplicity,One app. Cleaner streaming experience | 36-hour subscription trial available | Referral Push,"One app. Cleaner streaming experience. 36-hour subscription trial available. 18,000+ live channels and 100,000+ movies & series. Built for mobile-first buying flows and quick checkout. Built for former trial users with a setup simplicity angle.",For IPTV subscriptions and streaming device bundles. 36-hour trial applies to subscription plans only.,Shop Fire Stick and ONN options,"jailbroken fire stick, onn google tv, iptv subscription, fire stick streaming, streamstickpro",Keep pricing synchronized with live product data. Avoid mentioning buffering claims.
AD-0399,Prospecting,Native Ads,Budget-conscious streamers,support confidence,Upgrade your streaming setup | Secure Stripe checkout with card + wallet options | Prospecting,Upgrade your streaming setup. Secure Stripe checkout with card + wallet options. Secure Stripe checkout with card + wallet options. Created for first-time and returning IPTV users. Built for budget-conscious streamers with a support confidence angle.,For IPTV subscriptions and streaming device bundles. 36-hour trial applies to subscription plans only.,Visit StreamStickPro now,"jailbroken fire stick, onn google tv, iptv subscription, fire stick streaming, streamstickpro",Keep pricing synchronized with live product data. Avoid mentioning buffering claims.
AD-0400,Trial-to-Paid,Facebook,Cord-cutters,device compatibility,"Stop paying cable prices | 18,000+ live channels | Trial-to-Paid","Stop paying cable prices. 18,000+ live channels and 100,000+ movies & series. 36-hour subscription trial available. Trusted by thousands of streamers. Built for cord-cutters with a device compatibility angle.",For IPTV subscriptions and streaming device bundles. 36-hour trial applies to subscription plans only.,Start your 36-hour subscription trial,"jailbroken fire stick, onn google tv, iptv subscription, fire stick streaming, streamstickpro",Keep pricing synchronized with live product data. Avoid mentioning buffering claims.
AD-0401,Referral Push,YouTube,Returning IPTV users,subscription flexibility,Skip app-hunting and start with guided setup | 24/7 support | Referral Push,Skip app-hunting and start with guided setup. 24/7 support and setup tutorials included. Fast activation and clear onboarding flow. Fast setup with clear step-by-step guidance. Built for returning iptv users with a subscription flexibility angle.,For IPTV subscriptions and streaming device bundles. 36-hour trial applies to subscription plans only.,See pricing and start today,"jailbroken fire stick, onn google tv, iptv subscription, fire stick streaming, streamstickpro",Keep pricing synchronized with live product data. Avoid mentioning buffering claims.
AD-0402,Prospecting,Email Retargeting,ONN Google TV users,speed,Bring your own device or choose a bundle | Referral rewards for qualified yearly purchases | Prospecting,Bring your own device or choose a bundle. Referral rewards for qualified yearly purchases. Shipping included on device bundles. Works with IPTV Smarters Pro and TiviMate. Built for onn google tv users with a speed angle.,For IPTV subscriptions and streaming device bundles. 36-hour trial applies to subscription plans only.,Claim referral rewards details,"jailbroken fire stick, onn google tv, iptv subscription, fire stick streaming, streamstickpro",Keep pricing synchronized with live product data. Avoid mentioning buffering claims.
AD-0403,Trial-to-Paid,Instagram,Lapsed subscribers,value,Get premium channels without cable contracts | 1-year service included on device bundles | Trial-to-Paid,"Get premium channels without cable contracts. 1-year service included on device bundles. 1-year service included on device bundles. Built for Fire Stick HD, 4K, 4K Max, and ONN devices. Built for lapsed subscribers with a value angle.",For IPTV subscriptions and streaming device bundles. 36-hour trial applies to subscription plans only.,Compare plans and device bundles,"jailbroken fire stick, onn google tv, iptv subscription, fire stick streaming, streamstickpro",Keep pricing synchronized with live product data. Avoid mentioning buffering claims.
AD-0404,Referral Push,TikTok,Families replacing cable,setup simplicity,Ready in about 10 minutes | Shipping included on device bundles | Referral Push,Ready in about 10 minutes. Shipping included on device bundles. Referral rewards for qualified yearly purchases. No long contracts required for subscription plans. Built for families replacing cable with a setup simplicity angle.,For IPTV subscriptions and streaming device bundles. 36-hour trial applies to subscription plans only.,Get setup support and stream tonight,"jailbroken fire stick, onn google tv, iptv subscription, fire stick streaming, streamstickpro",Keep pricing synchronized with live product data. Avoid mentioning buffering claims.
AD-0405,Prospecting,SMS Follow-up,Fire Stick users,support confidence,Built for Fire Stick and ONN | Fast activation | Prospecting,Built for Fire Stick and ONN. Fast activation and clear onboarding flow. 24/7 support and setup tutorials included. Easy renewals and support when you need it. Built for fire stick users with a support confidence angle.,For IPTV subscriptions and streaming device bundles. 36-hour trial applies to subscription plans only.,Reactivate your plan in minutes,"jailbroken fire stick, onn google tv, iptv subscription, fire stick streaming, streamstickpro",Keep pricing synchronized with live product data. Avoid mentioning buffering claims.
AD-0406,Trial-to-Paid,Google Search,Former trial users,device compatibility,One app. Cleaner streaming experience | 36-hour subscription trial available | Trial-to-Paid,"One app. Cleaner streaming experience. 36-hour subscription trial available. 18,000+ live channels and 100,000+ movies & series. Built for mobile-first buying flows and quick checkout. Built for former trial users with a device compatibility angle.",For IPTV subscriptions and streaming device bundles. 36-hour trial applies to subscription plans only.,Shop Fire Stick and ONN options,"jailbroken fire stick, onn google tv, iptv subscription, fire stick streaming, streamstickpro",Keep pricing synchronized with live product data. Avoid mentioning buffering claims.
AD-0407,Referral Push,Native Ads,Budget-conscious streamers,subscription flexibility,Upgrade your streaming setup | Secure Stripe checkout with card + wallet options | Referral Push,Upgrade your streaming setup. Secure Stripe checkout with card + wallet options. Secure Stripe checkout with card + wallet options. Created for first-time and returning IPTV users. Built for budget-conscious streamers with a subscription flexibility angle.,For IPTV subscriptions and streaming device bundles. 36-hour trial applies to subscription plans only.,Visit StreamStickPro now,"jailbroken fire stick, onn google tv, iptv subscription, fire stick streaming, streamstickpro",Keep pricing synchronized with live product data. Avoid mentioning buffering claims.
AD-0408,Prospecting,Facebook,Cord-cutters,speed,"Stop paying cable prices | 18,000+ live channels | Prospecting","Stop paying cable prices. 18,000+ live channels and 100,000+ movies & series. 36-hour subscription trial available. Trusted by thousands of streamers. Built for cord-cutters with a speed angle.",For IPTV subscriptions and streaming device bundles. 36-hour trial applies to subscription plans only.,Start your 36-hour subscription trial,"jailbroken fire stick, onn google tv, iptv subscription, fire stick streaming, streamstickpro",Keep pricing synchronized with live product data. Avoid mentioning buffering claims.
AD-0409,Trial-to-Paid,YouTube,Returning IPTV users,value,Skip app-hunting and start with guided setup | 24/7 support | Trial-to-Paid,Skip app-hunting and start with guided setup. 24/7 support and setup tutorials included. Fast activation and clear onboarding flow. Fast setup with clear step-by-step guidance. Built for returning iptv users with a value angle.,For IPTV subscriptions and streaming device bundles. 36-hour trial applies to subscription plans only.,See pricing and start today,"jailbroken fire stick, onn google tv, iptv subscription, fire stick streaming, streamstickpro",Keep pricing synchronized with live product data. Avoid mentioning buffering claims.
AD-0410,Referral Push,Email Retargeting,ONN Google TV users,setup simplicity,Bring your own device or choose a bundle | Referral rewards for qualified yearly purchases | Referral Push,Bring your own device or choose a bundle. Referral rewards for qualified yearly purchases. Shipping included on device bundles. Works with IPTV Smarters Pro and TiviMate. Built for onn google tv users with a setup simplicity angle.,For IPTV subscriptions and streaming device bundles. 36-hour trial applies to subscription plans only.,Claim referral rewards details,"jailbroken fire stick, onn google tv, iptv subscription, fire stick streaming, streamstickpro",Keep pricing synchronized with live product data. Avoid mentioning buffering claims.
AD-0411,Prospecting,Instagram,Lapsed subscribers,support confidence,Get premium channels without cable contracts | 1-year service included on device bundles | Prospecting,"Get premium channels without cable contracts. 1-year service included on device bundles. 1-year service included on device bundles. Built for Fire Stick HD, 4K, 4K Max, and ONN devices. Built for lapsed subscribers with a support confidence angle.",For IPTV subscriptions and streaming device bundles. 36-hour trial applies to subscription plans only.,Compare plans and device bundles,"jailbroken fire stick, onn google tv, iptv subscription, fire stick streaming, streamstickpro",Keep pricing synchronized with live product data. Avoid mentioning buffering claims.
AD-0412,Trial-to-Paid,TikTok,Families replacing cable,device compatibility,Ready in about 10 minutes | Shipping included on device bundles | Trial-to-Paid,Ready in about 10 minutes. Shipping included on device bundles. Referral rewards for qualified yearly purchases. No long contracts required for subscription plans. Built for families replacing cable with a device compatibility angle.,For IPTV subscriptions and streaming device bundles. 36-hour trial applies to subscription plans only.,Get setup support and stream tonight,"jailbroken fire stick, onn google tv, iptv subscription, fire stick streaming, streamstickpro",Keep pricing synchronized with live product data. Avoid mentioning buffering claims.
AD-0413,Referral Push,SMS Follow-up,Fire Stick users,subscription flexibility,Built for Fire Stick and ONN | Fast activation | Referral Push,Built for Fire Stick and ONN. Fast activation and clear onboarding flow. 24/7 support and setup tutorials included. Easy renewals and support when you need it. Built for fire stick users with a subscription flexibility angle.,For IPTV subscriptions and streaming device bundles. 36-hour trial applies to subscription plans only.,Reactivate your plan in minutes,"jailbroken fire stick, onn google tv, iptv subscription, fire stick streaming, streamstickpro",Keep pricing synchronized with live product data. Avoid mentioning buffering claims.
AD-0414,Prospecting,Google Search,Former trial users,speed,One app. Cleaner streaming experience | 36-hour subscription trial available | Prospecting,"One app. Cleaner streaming experience. 36-hour subscription trial available. 18,000+ live channels and 100,000+ movies & series. Built for mobile-first buying flows and quick checkout. Built for former trial users with a speed angle.",For IPTV subscriptions and streaming device bundles. 36-hour trial applies to subscription plans only.,Shop Fire Stick and ONN options,"jailbroken fire stick, onn google tv, iptv subscription, fire stick streaming, streamstickpro",Keep pricing synchronized with live product data. Avoid mentioning buffering claims.
AD-0415,Trial-to-Paid,Native Ads,Budget-conscious streamers,value,Upgrade your streaming setup | Secure Stripe checkout with card + wallet options | Trial-to-Paid,Upgrade your streaming setup. Secure Stripe checkout with card + wallet options. Secure Stripe checkout with card + wallet options. Created for first-time and returning IPTV users. Built for budget-conscious streamers with a value angle.,For IPTV subscriptions and streaming device bundles. 36-hour trial applies to subscription plans only.,Visit StreamStickPro now,"jailbroken fire stick, onn google tv, iptv subscription, fire stick streaming, streamstickpro",Keep pricing synchronized with live product data. Avoid mentioning buffering claims.
AD-0416,Referral Push,Facebook,Cord-cutters,setup simplicity,"Stop paying cable prices | 18,000+ live channels | Referral Push","Stop paying cable prices. 18,000+ live channels and 100,000+ movies & series. 36-hour subscription trial available. Trusted by thousands of streamers. Built for cord-cutters with a setup simplicity angle.",For IPTV subscriptions and streaming device bundles. 36-hour trial applies to subscription plans only.,Start your 36-hour subscription trial,"jailbroken fire stick, onn google tv, iptv subscription, fire stick streaming, streamstickpro",Keep pricing synchronized with live product data. Avoid mentioning buffering claims.
AD-0417,Prospecting,YouTube,Returning IPTV users,support confidence,Skip app-hunting and start with guided setup | 24/7 support | Prospecting,Skip app-hunting and start with guided setup. 24/7 support and setup tutorials included. Fast activation and clear onboarding flow. Fast setup with clear step-by-step guidance. Built for returning iptv users with a support confidence angle.,For IPTV subscriptions and streaming device bundles. 36-hour trial applies to subscription plans only.,See pricing and start today,"jailbroken fire stick, onn google tv, iptv subscription, fire stick streaming, streamstickpro",Keep pricing synchronized with live product data. Avoid mentioning buffering claims.
AD-0418,Trial-to-Paid,Email Retargeting,ONN Google TV users,device compatibility,Bring your own device or choose a bundle | Referral rewards for qualified yearly purchases | Trial-to-Paid,Bring your own device or choose a bundle. Referral rewards for qualified yearly purchases. Shipping included on device bundles. Works with IPTV Smarters Pro and TiviMate. Built for onn google tv users with a device compatibility angle.,For IPTV subscriptions and streaming device bundles. 36-hour trial applies to subscription plans only.,Claim referral rewards details,"jailbroken fire stick, onn google tv, iptv subscription, fire stick streaming, streamstickpro",Keep pricing synchronized with live product data. Avoid mentioning buffering claims.
AD-0419,Referral Push,Instagram,Lapsed subscribers,subscription flexibility,Get premium channels without cable contracts | 1-year service included on device bundles | Referral Push,"Get premium channels without cable contracts. 1-year service included on device bundles. 1-year service included on device bundles. Built for Fire Stick HD, 4K, 4K Max, and ONN devices. Built for lapsed subscribers with a subscription flexibility angle.",For IPTV subscriptions and streaming device bundles. 36-hour trial applies to subscription plans only.,Compare plans and device bundles,"jailbroken fire stick, onn google tv, iptv subscription, fire stick streaming, streamstickpro",Keep pricing synchronized with live product data. Avoid mentioning buffering claims.
AD-0420,Prospecting,TikTok,Families replacing cable,speed,Ready in about 10 minutes | Shipping included on device bundles | Prospecting,Ready in about 10 minutes. Shipping included on device bundles. Referral rewards for qualified yearly purchases. No long contracts required for subscription plans. Built for families replacing cable with a speed angle.,For IPTV subscriptions and streaming device bundles. 36-hour trial applies to subscription plans only.,Get setup support and stream tonight,"jailbroken fire stick, onn google tv, iptv subscription, fire stick streaming, streamstickpro",Keep pricing synchronized with live product data. Avoid mentioning buffering claims.
AD-0421,Trial-to-Paid,SMS Follow-up,Fire Stick users,value,Built for Fire Stick and ONN | Fast activation | Trial-to-Paid,Built for Fire Stick and ONN. Fast activation and clear onboarding flow. 24/7 support and setup tutorials included. Easy renewals and support when you need it. Built for fire stick users with a value angle.,For IPTV subscriptions and streaming device bundles. 36-hour trial applies to subscription plans only.,Reactivate your plan in minutes,"jailbroken fire stick, onn google tv, iptv subscription, fire stick streaming, streamstickpro",Keep pricing synchronized with live product data. Avoid mentioning buffering claims.
AD-0422,Referral Push,Google Search,Former trial users,setup simplicity,One app. Cleaner streaming experience | 36-hour subscription trial available | Referral Push,"One app. Cleaner streaming experience. 36-hour subscription trial available. 18,000+ live channels and 100,000+ movies & series. Built for mobile-first buying flows and quick checkout. Built for former trial users with a setup simplicity angle.",For IPTV subscriptions and streaming device bundles. 36-hour trial applies to subscription plans only.,Shop Fire Stick and ONN options,"jailbroken fire stick, onn google tv, iptv subscription, fire stick streaming, streamstickpro",Keep pricing synchronized with live product data. Avoid mentioning buffering claims.
AD-0423,Prospecting,Native Ads,Budget-conscious streamers,support confidence,Upgrade your streaming setup | Secure Stripe checkout with card + wallet options | Prospecting,Upgrade your streaming setup. Secure Stripe checkout with card + wallet options. Secure Stripe checkout with card + wallet options. Created for first-time and returning IPTV users. Built for budget-conscious streamers with a support confidence angle.,For IPTV subscriptions and streaming device bundles. 36-hour trial applies to subscription plans only.,Visit StreamStickPro now,"jailbroken fire stick, onn google tv, iptv subscription, fire stick streaming, streamstickpro",Keep pricing synchronized with live product data. Avoid mentioning buffering claims.
AD-0424,Trial-to-Paid,Facebook,Cord-cutters,device compatibility,"Stop paying cable prices | 18,000+ live channels | Trial-to-Paid","Stop paying cable prices. 18,000+ live channels and 100,000+ movies & series. 36-hour subscription trial available. Trusted by thousands of streamers. Built for cord-cutters with a device compatibility angle.",For IPTV subscriptions and streaming device bundles. 36-hour trial applies to subscription plans only.,Start your 36-hour subscription trial,"jailbroken fire stick, onn google tv, iptv subscription, fire stick streaming, streamstickpro",Keep pricing synchronized with live product data. Avoid mentioning buffering claims.
AD-0425,Referral Push,YouTube,Returning IPTV users,subscription flexibility,Skip app-hunting and start with guided setup | 24/7 support | Referral Push,Skip app-hunting and start with guided setup. 24/7 support and setup tutorials included. Fast activation and clear onboarding flow. Fast setup with clear step-by-step guidance. Built for returning iptv users with a subscription flexibility angle.,For IPTV subscriptions and streaming device bundles. 36-hour trial applies to subscription plans only.,See pricing and start today,"jailbroken fire stick, onn google tv, iptv subscription, fire stick streaming, streamstickpro",Keep pricing synchronized with live product data. Avoid mentioning buffering claims.
AD-0426,Prospecting,Email Retargeting,ONN Google TV users,speed,Bring your own device or choose a bundle | Referral rewards for qualified yearly purchases | Prospecting,Bring your own device or choose a bundle. Referral rewards for qualified yearly purchases. Shipping included on device bundles. Works with IPTV Smarters Pro and TiviMate. Built for onn google tv users with a speed angle.,For IPTV subscriptions and streaming device bundles. 36-hour trial applies to subscription plans only.,Claim referral rewards details,"jailbroken fire stick, onn google tv, iptv subscription, fire stick streaming, streamstickpro",Keep pricing synchronized with live product data. Avoid mentioning buffering claims.
AD-0427,Trial-to-Paid,Instagram,Lapsed subscribers,value,Get premium channels without cable contracts | 1-year service included on device bundles | Trial-to-Paid,"Get premium channels without cable contracts. 1-year service included on device bundles. 1-year service included on device bundles. Built for Fire Stick HD, 4K, 4K Max, and ONN devices. Built for lapsed subscribers with a value angle.",For IPTV subscriptions and streaming device bundles. 36-hour trial applies to subscription plans only.,Compare plans and device bundles,"jailbroken fire stick, onn google tv, iptv subscription, fire stick streaming, streamstickpro",Keep pricing synchronized with live product data. Avoid mentioning buffering claims.
AD-0428,Referral Push,TikTok,Families replacing cable,setup simplicity,Ready in about 10 minutes | Shipping included on device bundles | Referral Push,Ready in about 10 minutes. Shipping included on device bundles. Referral rewards for qualified yearly purchases. No long contracts required for subscription plans. Built for families replacing cable with a setup simplicity angle.,For IPTV subscriptions and streaming device bundles. 36-hour trial applies to subscription plans only.,Get setup support and stream tonight,"jailbroken fire stick, onn google tv, iptv subscription, fire stick streaming, streamstickpro",Keep pricing synchronized with live product data. Avoid mentioning buffering claims.
AD-0429,Prospecting,SMS Follow-up,Fire Stick users,support confidence,Built for Fire Stick and ONN | Fast activation | Prospecting,Built for Fire Stick and ONN. Fast activation and clear onboarding flow. 24/7 support and setup tutorials included. Easy renewals and support when you need it. Built for fire stick users with a support confidence angle.,For IPTV subscriptions and streaming device bundles. 36-hour trial applies to subscription plans only.,Reactivate your plan in minutes,"jailbroken fire stick, onn google tv, iptv subscription, fire stick streaming, streamstickpro",Keep pricing synchronized with live product data. Avoid mentioning buffering claims.
AD-0430,Trial-to-Paid,Google Search,Former trial users,device compatibility,One app. Cleaner streaming experience | 36-hour subscription trial available | Trial-to-Paid,"One app. Cleaner streaming experience. 36-hour subscription trial available. 18,000+ live channels and 100,000+ movies & series. Built for mobile-first buying flows and quick checkout. Built for former trial users with a device compatibility angle.",For IPTV subscriptions and streaming device bundles. 36-hour trial applies to subscription plans only.,Shop Fire Stick and ONN options,"jailbroken fire stick, onn google tv, iptv subscription, fire stick streaming, streamstickpro",Keep pricing synchronized with live product data. Avoid mentioning buffering claims.
AD-0431,Referral Push,Native Ads,Budget-conscious streamers,subscription flexibility,Upgrade your streaming setup | Secure Stripe checkout with card + wallet options | Referral Push,Upgrade your streaming setup. Secure Stripe checkout with card + wallet options. Secure Stripe checkout with card + wallet options. Created for first-time and returning IPTV users. Built for budget-conscious streamers with a subscription flexibility angle.,For IPTV subscriptions and streaming device bundles. 36-hour trial applies to subscription plans only.,Visit StreamStickPro now,"jailbroken fire stick, onn google tv, iptv subscription, fire stick streaming, streamstickpro",Keep pricing synchronized with live product data. Avoid mentioning buffering claims.
AD-0432,Prospecting,Facebook,Cord-cutters,speed,"Stop paying cable prices | 18,000+ live channels | Prospecting","Stop paying cable prices. 18,000+ live channels and 100,000+ movies & series. 36-hour subscription trial available. Trusted by thousands of streamers. Built for cord-cutters with a speed angle.",For IPTV subscriptions and streaming device bundles. 36-hour trial applies to subscription plans only.,Start your 36-hour subscription trial,"jailbroken fire stick, onn google tv, iptv subscription, fire stick streaming, streamstickpro",Keep pricing synchronized with live product data. Avoid mentioning buffering claims.
AD-0433,Trial-to-Paid,YouTube,Returning IPTV users,value,Skip app-hunting and start with guided setup | 24/7 support | Trial-to-Paid,Skip app-hunting and start with guided setup. 24/7 support and setup tutorials included. Fast activation and clear onboarding flow. Fast setup with clear step-by-step guidance. Built for returning iptv users with a value angle.,For IPTV subscriptions and streaming device bundles. 36-hour trial applies to subscription plans only.,See pricing and start today,"jailbroken fire stick, onn google tv, iptv subscription, fire stick streaming, streamstickpro",Keep pricing synchronized with live product data. Avoid mentioning buffering claims.
AD-0434,Referral Push,Email Retargeting,ONN Google TV users,setup simplicity,Bring your own device or choose a bundle | Referral rewards for qualified yearly purchases | Referral Push,Bring your own device or choose a bundle. Referral rewards for qualified yearly purchases. Shipping included on device bundles. Works with IPTV Smarters Pro and TiviMate. Built for onn google tv users with a setup simplicity angle.,For IPTV subscriptions and streaming device bundles. 36-hour trial applies to subscription plans only.,Claim referral rewards details,"jailbroken fire stick, onn google tv, iptv subscription, fire stick streaming, streamstickpro",Keep pricing synchronized with live product data. Avoid mentioning buffering claims.
AD-0435,Prospecting,Instagram,Lapsed subscribers,support confidence,Get premium channels without cable contracts | 1-year service included on device bundles | Prospecting,"Get premium channels without cable contracts. 1-year service included on device bundles. 1-year service included on device bundles. Built for Fire Stick HD, 4K, 4K Max, and ONN devices. Built for lapsed subscribers with a support confidence angle.",For IPTV subscriptions and streaming device bundles. 36-hour trial applies to subscription plans only.,Compare plans and device bundles,"jailbroken fire stick, onn google tv, iptv subscription, fire stick streaming, streamstickpro",Keep pricing synchronized with live product data. Avoid mentioning buffering claims.
AD-0436,Trial-to-Paid,TikTok,Families replacing cable,device compatibility,Ready in about 10 minutes | Shipping included on device bundles | Trial-to-Paid,Ready in about 10 minutes. Shipping included on device bundles. Referral rewards for qualified yearly purchases. No long contracts required for subscription plans. Built for families replacing cable with a device compatibility angle.,For IPTV subscriptions and streaming device bundles. 36-hour trial applies to subscription plans only.,Get setup support and stream tonight,"jailbroken fire stick, onn google tv, iptv subscription, fire stick streaming, streamstickpro",Keep pricing synchronized with live product data. Avoid mentioning buffering claims.
AD-0437,Referral Push,SMS Follow-up,Fire Stick users,subscription flexibility,Built for Fire Stick and ONN | Fast activation | Referral Push,Built for Fire Stick and ONN. Fast activation and clear onboarding flow. 24/7 support and setup tutorials included. Easy renewals and support when you need it. Built for fire stick users with a subscription flexibility angle.,For IPTV subscriptions and streaming device bundles. 36-hour trial applies to subscription plans only.,Reactivate your plan in minutes,"jailbroken fire stick, onn google tv, iptv subscription, fire stick streaming, streamstickpro",Keep pricing synchronized with live product data. Avoid mentioning buffering claims.
AD-0438,Prospecting,Google Search,Former trial users,speed,One app. Cleaner streaming experience | 36-hour subscription trial available | Prospecting,"One app. Cleaner streaming experience. 36-hour subscription trial available. 18,000+ live channels and 100,000+ movies & series. Built for mobile-first buying flows and quick checkout. Built for former trial users with a speed angle.",For IPTV subscriptions and streaming device bundles. 36-hour trial applies to subscription plans only.,Shop Fire Stick and ONN options,"jailbroken fire stick, onn google tv, iptv subscription, fire stick streaming, streamstickpro",Keep pricing synchronized with live product data. Avoid mentioning buffering claims.
AD-0439,Trial-to-Paid,Native Ads,Budget-conscious streamers,value,Upgrade your streaming setup | Secure Stripe checkout with card + wallet options | Trial-to-Paid,Upgrade your streaming setup. Secure Stripe checkout with card + wallet options. Secure Stripe checkout with card + wallet options. Created for first-time and returning IPTV users. Built for budget-conscious streamers with a value angle.,For IPTV subscriptions and streaming device bundles. 36-hour trial applies to subscription plans only.,Visit StreamStickPro now,"jailbroken fire stick, onn google tv, iptv subscription, fire stick streaming, streamstickpro",Keep pricing synchronized with live product data. Avoid mentioning buffering claims.
AD-0440,Referral Push,Facebook,Cord-cutters,setup simplicity,"Stop paying cable prices | 18,000+ live channels | Referral Push","Stop paying cable prices. 18,000+ live channels and 100,000+ movies & series. 36-hour subscription trial available. Trusted by thousands of streamers. Built for cord-cutters with a setup simplicity angle.",For IPTV subscriptions and streaming device bundles. 36-hour trial applies to subscription plans only.,Start your 36-hour subscription trial,"jailbroken fire stick, onn google tv, iptv subscription, fire stick streaming, streamstickpro",Keep pricing synchronized with live product data. Avoid mentioning buffering claims.
AD-0441,Prospecting,YouTube,Returning IPTV users,support confidence,Skip app-hunting and start with guided setup | 24/7 support | Prospecting,Skip app-hunting and start with guided setup. 24/7 support and setup tutorials included. Fast activation and clear onboarding flow. Fast setup with clear step-by-step guidance. Built for returning iptv users with a support confidence angle.,For IPTV subscriptions and streaming device bundles. 36-hour trial applies to subscription plans only.,See pricing and start today,"jailbroken fire stick, onn google tv, iptv subscription, fire stick streaming, streamstickpro",Keep pricing synchronized with live product data. Avoid mentioning buffering claims.
AD-0442,Trial-to-Paid,Email Retargeting,ONN Google TV users,device compatibility,Bring your own device or choose a bundle | Referral rewards for qualified yearly purchases | Trial-to-Paid,Bring your own device or choose a bundle. Referral rewards for qualified yearly purchases. Shipping included on device bundles. Works with IPTV Smarters Pro and TiviMate. Built for onn google tv users with a device compatibility angle.,For IPTV subscriptions and streaming device bundles. 36-hour trial applies to subscription plans only.,Claim referral rewards details,"jailbroken fire stick, onn google tv, iptv subscription, fire stick streaming, streamstickpro",Keep pricing synchronized with live product data. Avoid mentioning buffering claims.
AD-0443,Referral Push,Instagram,Lapsed subscribers,subscription flexibility,Get premium channels without cable contracts | 1-year service included on device bundles | Referral Push,"Get premium channels without cable contracts. 1-year service included on device bundles. 1-year service included on device bundles. Built for Fire Stick HD, 4K, 4K Max, and ONN devices. Built for lapsed subscribers with a subscription flexibility angle.",For IPTV subscriptions and streaming device bundles. 36-hour trial applies to subscription plans only.,Compare plans and device bundles,"jailbroken fire stick, onn google tv, iptv subscription, fire stick streaming, streamstickpro",Keep pricing synchronized with live product data. Avoid mentioning buffering claims.
AD-0444,Prospecting,TikTok,Families replacing cable,speed,Ready in about 10 minutes | Shipping included on device bundles | Prospecting,Ready in about 10 minutes. Shipping included on device bundles. Referral rewards for qualified yearly purchases. No long contracts required for subscription plans. Built for families replacing cable with a speed angle.,For IPTV subscriptions and streaming device bundles. 36-hour trial applies to subscription plans only.,Get setup support and stream tonight,"jailbroken fire stick, onn google tv, iptv subscription, fire stick streaming, streamstickpro",Keep pricing synchronized with live product data. Avoid mentioning buffering claims.
AD-0445,Trial-to-Paid,SMS Follow-up,Fire Stick users,value,Built for Fire Stick and ONN | Fast activation | Trial-to-Paid,Built for Fire Stick and ONN. Fast activation and clear onboarding flow. 24/7 support and setup tutorials included. Easy renewals and support when you need it. Built for fire stick users with a value angle.,For IPTV subscriptions and streaming device bundles. 36-hour trial applies to subscription plans only.,Reactivate your plan in minutes,"jailbroken fire stick, onn google tv, iptv subscription, fire stick streaming, streamstickpro",Keep pricing synchronized with live product data. Avoid mentioning buffering claims.
AD-0446,Referral Push,Google Search,Former trial users,setup simplicity,One app. Cleaner streaming experience | 36-hour subscription trial available | Referral Push,"One app. Cleaner streaming experience. 36-hour subscription trial available. 18,000+ live channels and 100,000+ movies & series. Built for mobile-first buying flows and quick checkout. Built for former trial users with a setup simplicity angle.",For IPTV subscriptions and streaming device bundles. 36-hour trial applies to subscription plans only.,Shop Fire Stick and ONN options,"jailbroken fire stick, onn google tv, iptv subscription, fire stick streaming, streamstickpro",Keep pricing synchronized with live product data. Avoid mentioning buffering claims.
AD-0447,Prospecting,Native Ads,Budget-conscious streamers,support confidence,Upgrade your streaming setup | Secure Stripe checkout with card + wallet options | Prospecting,Upgrade your streaming setup. Secure Stripe checkout with card + wallet options. Secure Stripe checkout with card + wallet options. Created for first-time and returning IPTV users. Built for budget-conscious streamers with a support confidence angle.,For IPTV subscriptions and streaming device bundles. 36-hour trial applies to subscription plans only.,Visit StreamStickPro now,"jailbroken fire stick, onn google tv, iptv subscription, fire stick streaming, streamstickpro",Keep pricing synchronized with live product data. Avoid mentioning buffering claims.
AD-0448,Trial-to-Paid,Facebook,Cord-cutters,device compatibility,"Stop paying cable prices | 18,000+ live channels | Trial-to-Paid","Stop paying cable prices. 18,000+ live channels and 100,000+ movies & series. 36-hour subscription trial available. Trusted by thousands of streamers. Built for cord-cutters with a device compatibility angle.",For IPTV subscriptions and streaming device bundles. 36-hour trial applies to subscription plans only.,Start your 36-hour subscription trial,"jailbroken fire stick, onn google tv, iptv subscription, fire stick streaming, streamstickpro",Keep pricing synchronized with live product data. Avoid mentioning buffering claims.
AD-0449,Referral Push,YouTube,Returning IPTV users,subscription flexibility,Skip app-hunting and start with guided setup | 24/7 support | Referral Push,Skip app-hunting and start with guided setup. 24/7 support and setup tutorials included. Fast activation and clear onboarding flow. Fast setup with clear step-by-step guidance. Built for returning iptv users with a subscription flexibility angle.,For IPTV subscriptions and streaming device bundles. 36-hour trial applies to subscription plans only.,See pricing and start today,"jailbroken fire stick, onn google tv, iptv subscription, fire stick streaming, streamstickpro",Keep pricing synchronized with live product data. Avoid mentioning buffering claims.
AD-0450,Prospecting,Email Retargeting,ONN Google TV users,speed,Bring your own device or choose a bundle | Referral rewards for qualified yearly purchases | Prospecting,Bring your own device or choose a bundle. Referral rewards for qualified yearly purchases. Shipping included on device bundles. Works with IPTV Smarters Pro and TiviMate. Built for onn google tv users with a speed angle.,For IPTV subscriptions and streaming device bundles. 36-hour trial applies to subscription plans only.,Claim referral rewards details,"jailbroken fire stick, onn google tv, iptv subscription, fire stick streaming, streamstickpro",Keep pricing synchronized with live product data. Avoid mentioning buffering claims.
AD-0451,Trial-to-Paid,Instagram,Lapsed subscribers,value,Get premium channels without cable contracts | 1-year service included on device bundles | Trial-to-Paid,"Get premium channels without cable contracts. 1-year service included on device bundles. 1-year service included on device bundles. Built for Fire Stick HD, 4K, 4K Max, and ONN devices. Built for lapsed subscribers with a value angle.",For IPTV subscriptions and streaming device bundles. 36-hour trial applies to subscription plans only.,Compare plans and device bundles,"jailbroken fire stick, onn google tv, iptv subscription, fire stick streaming, streamstickpro",Keep pricing synchronized with live product data. Avoid mentioning buffering claims.
AD-0452,Referral Push,TikTok,Families replacing cable,setup simplicity,Ready in about 10 minutes | Shipping included on device bundles | Referral Push,Ready in about 10 minutes. Shipping included on device bundles. Referral rewards for qualified yearly purchases. No long contracts required for subscription plans. Built for families replacing cable with a setup simplicity angle.,For IPTV subscriptions and streaming device bundles. 36-hour trial applies to subscription plans only.,Get setup support and stream tonight,"jailbroken fire stick, onn google tv, iptv subscription, fire stick streaming, streamstickpro",Keep pricing synchronized with live product data. Avoid mentioning buffering claims.
AD-0453,Prospecting,SMS Follow-up,Fire Stick users,support confidence,Built for Fire Stick and ONN | Fast activation | Prospecting,Built for Fire Stick and ONN. Fast activation and clear onboarding flow. 24/7 support and setup tutorials included. Easy renewals and support when you need it. Built for fire stick users with a support confidence angle.,For IPTV subscriptions and streaming device bundles. 36-hour trial applies to subscription plans only.,Reactivate your plan in minutes,"jailbroken fire stick, onn google tv, iptv subscription, fire stick streaming, streamstickpro",Keep pricing synchronized with live product data. Avoid mentioning buffering claims.
AD-0454,Trial-to-Paid,Google Search,Former trial users,device compatibility,One app. Cleaner streaming experience | 36-hour subscription trial available | Trial-to-Paid,"One app. Cleaner streaming experience. 36-hour subscription trial available. 18,000+ live channels and 100,000+ movies & series. Built for mobile-first buying flows and quick checkout. Built for former trial users with a device compatibility angle.",For IPTV subscriptions and streaming device bundles. 36-hour trial applies to subscription plans only.,Shop Fire Stick and ONN options,"jailbroken fire stick, onn google tv, iptv subscription, fire stick streaming, streamstickpro",Keep pricing synchronized with live product data. Avoid mentioning buffering claims.
AD-0455,Referral Push,Native Ads,Budget-conscious streamers,subscription flexibility,Upgrade your streaming setup | Secure Stripe checkout with card + wallet options | Referral Push,Upgrade your streaming setup. Secure Stripe checkout with card + wallet options. Secure Stripe checkout with card + wallet options. Created for first-time and returning IPTV users. Built for budget-conscious streamers with a subscription flexibility angle.,For IPTV subscriptions and streaming device bundles. 36-hour trial applies to subscription plans only.,Visit StreamStickPro now,"jailbroken fire stick, onn google tv, iptv subscription, fire stick streaming, streamstickpro",Keep pricing synchronized with live product data. Avoid mentioning buffering claims.
AD-0456,Prospecting,Facebook,Cord-cutters,speed,"Stop paying cable prices | 18,000+ live channels | Prospecting","Stop paying cable prices. 18,000+ live channels and 100,000+ movies & series. 36-hour subscription trial available. Trusted by thousands of streamers. Built for cord-cutters with a speed angle.",For IPTV subscriptions and streaming device bundles. 36-hour trial applies to subscription plans only.,Start your 36-hour subscription trial,"jailbroken fire stick, onn google tv, iptv subscription, fire stick streaming, streamstickpro",Keep pricing synchronized with live product data. Avoid mentioning buffering claims.
AD-0457,Trial-to-Paid,YouTube,Returning IPTV users,value,Skip app-hunting and start with guided setup | 24/7 support | Trial-to-Paid,Skip app-hunting and start with guided setup. 24/7 support and setup tutorials included. Fast activation and clear onboarding flow. Fast setup with clear step-by-step guidance. Built for returning iptv users with a value angle.,For IPTV subscriptions and streaming device bundles. 36-hour trial applies to subscription plans only.,See pricing and start today,"jailbroken fire stick, onn google tv, iptv subscription, fire stick streaming, streamstickpro",Keep pricing synchronized with live product data. Avoid mentioning buffering claims.
AD-0458,Referral Push,Email Retargeting,ONN Google TV users,setup simplicity,Bring your own device or choose a bundle | Referral rewards for qualified yearly purchases | Referral Push,Bring your own device or choose a bundle. Referral rewards for qualified yearly purchases. Shipping included on device bundles. Works with IPTV Smarters Pro and TiviMate. Built for onn google tv users with a setup simplicity angle.,For IPTV subscriptions and streaming device bundles. 36-hour trial applies to subscription plans only.,Claim referral rewards details,"jailbroken fire stick, onn google tv, iptv subscription, fire stick streaming, streamstickpro",Keep pricing synchronized with live product data. Avoid mentioning buffering claims.
AD-0459,Prospecting,Instagram,Lapsed subscribers,support confidence,Get premium channels without cable contracts | 1-year service included on device bundles | Prospecting,"Get premium channels without cable contracts. 1-year service included on device bundles. 1-year service included on device bundles. Built for Fire Stick HD, 4K, 4K Max, and ONN devices. Built for lapsed subscribers with a support confidence angle.",For IPTV subscriptions and streaming device bundles. 36-hour trial applies to subscription plans only.,Compare plans and device bundles,"jailbroken fire stick, onn google tv, iptv subscription, fire stick streaming, streamstickpro",Keep pricing synchronized with live product data. Avoid mentioning buffering claims.
AD-0460,Trial-to-Paid,TikTok,Families replacing cable,device compatibility,Ready in about 10 minutes | Shipping included on device bundles | Trial-to-Paid,Ready in about 10 minutes. Shipping included on device bundles. Referral rewards for qualified yearly purchases. No long contracts required for subscription plans. Built for families replacing cable with a device compatibility angle.,For IPTV subscriptions and streaming device bundles. 36-hour trial applies to subscription plans only.,Get setup support and stream tonight,"jailbroken fire stick, onn google tv, iptv subscription, fire stick streaming, streamstickpro",Keep pricing synchronized with live product data. Avoid mentioning buffering claims.
AD-0461,Referral Push,SMS Follow-up,Fire Stick users,subscription flexibility,Built for Fire Stick and ONN | Fast activation | Referral Push,Built for Fire Stick and ONN. Fast activation and clear onboarding flow. 24/7 support and setup tutorials included. Easy renewals and support when you need it. Built for fire stick users with a subscription flexibility angle.,For IPTV subscriptions and streaming device bundles. 36-hour trial applies to subscription plans only.,Reactivate your plan in minutes,"jailbroken fire stick, onn google tv, iptv subscription, fire stick streaming, streamstickpro",Keep pricing synchronized with live product data. Avoid mentioning buffering claims.
AD-0462,Prospecting,Google Search,Former trial users,speed,One app. Cleaner streaming experience | 36-hour subscription trial available | Prospecting,"One app. Cleaner streaming experience. 36-hour subscription trial available. 18,000+ live channels and 100,000+ movies & series. Built for mobile-first buying flows and quick checkout. Built for former trial users with a speed angle.",For IPTV subscriptions and streaming device bundles. 36-hour trial applies to subscription plans only.,Shop Fire Stick and ONN options,"jailbroken fire stick, onn google tv, iptv subscription, fire stick streaming, streamstickpro",Keep pricing synchronized with live product data. Avoid mentioning buffering claims.
AD-0463,Trial-to-Paid,Native Ads,Budget-conscious streamers,value,Upgrade your streaming setup | Secure Stripe checkout with card + wallet options | Trial-to-Paid,Upgrade your streaming setup. Secure Stripe checkout with card + wallet options. Secure Stripe checkout with card + wallet options. Created for first-time and returning IPTV users. Built for budget-conscious streamers with a value angle.,For IPTV subscriptions and streaming device bundles. 36-hour trial applies to subscription plans only.,Visit StreamStickPro now,"jailbroken fire stick, onn google tv, iptv subscription, fire stick streaming, streamstickpro",Keep pricing synchronized with live product data. Avoid mentioning buffering claims.
AD-0464,Referral Push,Facebook,Cord-cutters,setup simplicity,"Stop paying cable prices | 18,000+ live channels | Referral Push","Stop paying cable prices. 18,000+ live channels and 100,000+ movies & series. 36-hour subscription trial available. Trusted by thousands of streamers. Built for cord-cutters with a setup simplicity angle.",For IPTV subscriptions and streaming device bundles. 36-hour trial applies to subscription plans only.,Start your 36-hour subscription trial,"jailbroken fire stick, onn google tv, iptv subscription, fire stick streaming, streamstickpro",Keep pricing synchronized with live product data. Avoid mentioning buffering claims.
AD-0465,Prospecting,YouTube,Returning IPTV users,support confidence,Skip app-hunting and start with guided setup | 24/7 support | Prospecting,Skip app-hunting and start with guided setup. 24/7 support and setup tutorials included. Fast activation and clear onboarding flow. Fast setup with clear step-by-step guidance. Built for returning iptv users with a support confidence angle.,For IPTV subscriptions and streaming device bundles. 36-hour trial applies to subscription plans only.,See pricing and start today,"jailbroken fire stick, onn google tv, iptv subscription, fire stick streaming, streamstickpro",Keep pricing synchronized with live product data. Avoid mentioning buffering claims.
AD-0466,Trial-to-Paid,Email Retargeting,ONN Google TV users,device compatibility,Bring your own device or choose a bundle | Referral rewards for qualified yearly purchases | Trial-to-Paid,Bring your own device or choose a bundle. Referral rewards for qualified yearly purchases. Shipping included on device bundles. Works with IPTV Smarters Pro and TiviMate. Built for onn google tv users with a device compatibility angle.,For IPTV subscriptions and streaming device bundles. 36-hour trial applies to subscription plans only.,Claim referral rewards details,"jailbroken fire stick, onn google tv, iptv subscription, fire stick streaming, streamstickpro",Keep pricing synchronized with live product data. Avoid mentioning buffering claims.
AD-0467,Referral Push,Instagram,Lapsed subscribers,subscription flexibility,Get premium channels without cable contracts | 1-year service included on device bundles | Referral Push,"Get premium channels without cable contracts. 1-year service included on device bundles. 1-year service included on device bundles. Built for Fire Stick HD, 4K, 4K Max, and ONN devices. Built for lapsed subscribers with a subscription flexibility angle.",For IPTV subscriptions and streaming device bundles. 36-hour trial applies to subscription plans only.,Compare plans and device bundles,"jailbroken fire stick, onn google tv, iptv subscription, fire stick streaming, streamstickpro",Keep pricing synchronized with live product data. Avoid mentioning buffering claims.
AD-0468,Prospecting,TikTok,Families replacing cable,speed,Ready in about 10 minutes | Shipping included on device bundles | Prospecting,Ready in about 10 minutes. Shipping included on device bundles. Referral rewards for qualified yearly purchases. No long contracts required for subscription plans. Built for families replacing cable with a speed angle.,For IPTV subscriptions and streaming device bundles. 36-hour trial applies to subscription plans only.,Get setup support and stream tonight,"jailbroken fire stick, onn google tv, iptv subscription, fire stick streaming, streamstickpro",Keep pricing synchronized with live product data. Avoid mentioning buffering claims.
AD-0469,Trial-to-Paid,SMS Follow-up,Fire Stick users,value,Built for Fire Stick and ONN | Fast activation | Trial-to-Paid,Built for Fire Stick and ONN. Fast activation and clear onboarding flow. 24/7 support and setup tutorials included. Easy renewals and support when you need it. Built for fire stick users with a value angle.,For IPTV subscriptions and streaming device bundles. 36-hour trial applies to subscription plans only.,Reactivate your plan in minutes,"jailbroken fire stick, onn google tv, iptv subscription, fire stick streaming, streamstickpro",Keep pricing synchronized with live product data. Avoid mentioning buffering claims.
AD-0470,Referral Push,Google Search,Former trial users,setup simplicity,One app. Cleaner streaming experience | 36-hour subscription trial available | Referral Push,"One app. Cleaner streaming experience. 36-hour subscription trial available. 18,000+ live channels and 100,000+ movies & series. Built for mobile-first buying flows and quick checkout. Built for former trial users with a setup simplicity angle.",For IPTV subscriptions and streaming device bundles. 36-hour trial applies to subscription plans only.,Shop Fire Stick and ONN options,"jailbroken fire stick, onn google tv, iptv subscription, fire stick streaming, streamstickpro",Keep pricing synchronized with live product data. Avoid mentioning buffering claims.
AD-0471,Prospecting,Native Ads,Budget-conscious streamers,support confidence,Upgrade your streaming setup | Secure Stripe checkout with card + wallet options | Prospecting,Upgrade your streaming setup. Secure Stripe checkout with card + wallet options. Secure Stripe checkout with card + wallet options. Created for first-time and returning IPTV users. Built for budget-conscious streamers with a support confidence angle.,For IPTV subscriptions and streaming device bundles. 36-hour trial applies to subscription plans only.,Visit StreamStickPro now,"jailbroken fire stick, onn google tv, iptv subscription, fire stick streaming, streamstickpro",Keep pricing synchronized with live product data. Avoid mentioning buffering claims.
AD-0472,Trial-to-Paid,Facebook,Cord-cutters,device compatibility,"Stop paying cable prices | 18,000+ live channels | Trial-to-Paid","Stop paying cable prices. 18,000+ live channels and 100,000+ movies & series. 36-hour subscription trial available. Trusted by thousands of streamers. Built for cord-cutters with a device compatibility angle.",For IPTV subscriptions and streaming device bundles. 36-hour trial applies to subscription plans only.,Start your 36-hour subscription trial,"jailbroken fire stick, onn google tv, iptv subscription, fire stick streaming, streamstickpro",Keep pricing synchronized with live product data. Avoid mentioning buffering claims.
AD-0473,Referral Push,YouTube,Returning IPTV users,subscription flexibility,Skip app-hunting and start with guided setup | 24/7 support | Referral Push,Skip app-hunting and start with guided setup. 24/7 support and setup tutorials included. Fast activation and clear onboarding flow. Fast setup with clear step-by-step guidance. Built for returning iptv users with a subscription flexibility angle.,For IPTV subscriptions and streaming device bundles. 36-hour trial applies to subscription plans only.,See pricing and start today,"jailbroken fire stick, onn google tv, iptv subscription, fire stick streaming, streamstickpro",Keep pricing synchronized with live product data. Avoid mentioning buffering claims.
AD-0474,Prospecting,Email Retargeting,ONN Google TV users,speed,Bring your own device or choose a bundle | Referral rewards for qualified yearly purchases | Prospecting,Bring your own device or choose a bundle. Referral rewards for qualified yearly purchases. Shipping included on device bundles. Works with IPTV Smarters Pro and TiviMate. Built for onn google tv users with a speed angle.,For IPTV subscriptions and streaming device bundles. 36-hour trial applies to subscription plans only.,Claim referral rewards details,"jailbroken fire stick, onn google tv, iptv subscription, fire stick streaming, streamstickpro",Keep pricing synchronized with live product data. Avoid mentioning buffering claims.
AD-0475,Trial-to-Paid,Instagram,Lapsed subscribers,value,Get premium channels without cable contracts | 1-year service included on device bundles | Trial-to-Paid,"Get premium channels without cable contracts. 1-year service included on device bundles. 1-year service included on device bundles. Built for Fire Stick HD, 4K, 4K Max, and ONN devices. Built for lapsed subscribers with a value angle.",For IPTV subscriptions and streaming device bundles. 36-hour trial applies to subscription plans only.,Compare plans and device bundles,"jailbroken fire stick, onn google tv, iptv subscription, fire stick streaming, streamstickpro",Keep pricing synchronized with live product data. Avoid mentioning buffering claims.
AD-0476,Referral Push,TikTok,Families replacing cable,setup simplicity,Ready in about 10 minutes | Shipping included on device bundles | Referral Push,Ready in about 10 minutes. Shipping included on device bundles. Referral rewards for qualified yearly purchases. No long contracts required for subscription plans. Built for families replacing cable with a setup simplicity angle.,For IPTV subscriptions and streaming device bundles. 36-hour trial applies to subscription plans only.,Get setup support and stream tonight,"jailbroken fire stick, onn google tv, iptv subscription, fire stick streaming, streamstickpro",Keep pricing synchronized with live product data. Avoid mentioning buffering claims.
AD-0477,Prospecting,SMS Follow-up,Fire Stick users,support confidence,Built for Fire Stick and ONN | Fast activation | Prospecting,Built for Fire Stick and ONN. Fast activation and clear onboarding flow. 24/7 support and setup tutorials included. Easy renewals and support when you need it. Built for fire stick users with a support confidence angle.,For IPTV subscriptions and streaming device bundles. 36-hour trial applies to subscription plans only.,Reactivate your plan in minutes,"jailbroken fire stick, onn google tv, iptv subscription, fire stick streaming, streamstickpro",Keep pricing synchronized with live product data. Avoid mentioning buffering claims.
AD-0478,Trial-to-Paid,Google Search,Former trial users,device compatibility,One app. Cleaner streaming experience | 36-hour subscription trial available | Trial-to-Paid,"One app. Cleaner streaming experience. 36-hour subscription trial available. 18,000+ live channels and 100,000+ movies & series. Built for mobile-first buying flows and quick checkout. Built for former trial users with a device compatibility angle.",For IPTV subscriptions and streaming device bundles. 36-hour trial applies to subscription plans only.,Shop Fire Stick and ONN options,"jailbroken fire stick, onn google tv, iptv subscription, fire stick streaming, streamstickpro",Keep pricing synchronized with live product data. Avoid mentioning buffering claims.
AD-0479,Referral Push,Native Ads,Budget-conscious streamers,subscription flexibility,Upgrade your streaming setup | Secure Stripe checkout with card + wallet options | Referral Push,Upgrade your streaming setup. Secure Stripe checkout with card + wallet options. Secure Stripe checkout with card + wallet options. Created for first-time and returning IPTV users. Built for budget-conscious streamers with a subscription flexibility angle.,For IPTV subscriptions and streaming device bundles. 36-hour trial applies to subscription plans only.,Visit StreamStickPro now,"jailbroken fire stick, onn google tv, iptv subscription, fire stick streaming, streamstickpro",Keep pricing synchronized with live product data. Avoid mentioning buffering claims.
AD-0480,Prospecting,Facebook,Cord-cutters,speed,"Stop paying cable prices | 18,000+ live channels | Prospecting","Stop paying cable prices. 18,000+ live channels and 100,000+ movies & series. 36-hour subscription trial available. Trusted by thousands of streamers. Built for cord-cutters with a speed angle.",For IPTV subscriptions and streaming device bundles. 36-hour trial applies to subscription plans only.,Start your 36-hour subscription trial,"jailbroken fire stick, onn google tv, iptv subscription, fire stick streaming, streamstickpro",Keep pricing synchronized with live product data. Avoid mentioning buffering claims.
AD-0481,Trial-to-Paid,YouTube,Returning IPTV users,value,Skip app-hunting and start with guided setup | 24/7 support | Trial-to-Paid,Skip app-hunting and start with guided setup. 24/7 support and setup tutorials included. Fast activation and clear onboarding flow. Fast setup with clear step-by-step guidance. Built for returning iptv users with a value angle.,For IPTV subscriptions and streaming device bundles. 36-hour trial applies to subscription plans only.,See pricing and start today,"jailbroken fire stick, onn google tv, iptv subscription, fire stick streaming, streamstickpro",Keep pricing synchronized with live product data. Avoid mentioning buffering claims.
AD-0482,Referral Push,Email Retargeting,ONN Google TV users,setup simplicity,Bring your own device or choose a bundle | Referral rewards for qualified yearly purchases | Referral Push,Bring your own device or choose a bundle. Referral rewards for qualified yearly purchases. Shipping included on device bundles. Works with IPTV Smarters Pro and TiviMate. Built for onn google tv users with a setup simplicity angle.,For IPTV subscriptions and streaming device bundles. 36-hour trial applies to subscription plans only.,Claim referral rewards details,"jailbroken fire stick, onn google tv, iptv subscription, fire stick streaming, streamstickpro",Keep pricing synchronized with live product data. Avoid mentioning buffering claims.
AD-0483,Prospecting,Instagram,Lapsed subscribers,support confidence,Get premium channels without cable contracts | 1-year service included on device bundles | Prospecting,"Get premium channels without cable contracts. 1-year service included on device bundles. 1-year service included on device bundles. Built for Fire Stick HD, 4K, 4K Max, and ONN devices. Built for lapsed subscribers with a support confidence angle.",For IPTV subscriptions and streaming device bundles. 36-hour trial applies to subscription plans only.,Compare plans and device bundles,"jailbroken fire stick, onn google tv, iptv subscription, fire stick streaming, streamstickpro",Keep pricing synchronized with live product data. Avoid mentioning buffering claims.
AD-0484,Trial-to-Paid,TikTok,Families replacing cable,device compatibility,Ready in about 10 minutes | Shipping included on device bundles | Trial-to-Paid,Ready in about 10 minutes. Shipping included on device bundles. Referral rewards for qualified yearly purchases. No long contracts required for subscription plans. Built for families replacing cable with a device compatibility angle.,For IPTV subscriptions and streaming device bundles. 36-hour trial applies to subscription plans only.,Get setup support and stream tonight,"jailbroken fire stick, onn google tv, iptv subscription, fire stick streaming, streamstickpro",Keep pricing synchronized with live product data. Avoid mentioning buffering claims.
AD-0485,Referral Push,SMS Follow-up,Fire Stick users,subscription flexibility,Built for Fire Stick and ONN | Fast activation | Referral Push,Built for Fire Stick and ONN. Fast activation and clear onboarding flow. 24/7 support and setup tutorials included. Easy renewals and support when you need it. Built for fire stick users with a subscription flexibility angle.,For IPTV subscriptions and streaming device bundles. 36-hour trial applies to subscription plans only.,Reactivate your plan in minutes,"jailbroken fire stick, onn google tv, iptv subscription, fire stick streaming, streamstickpro",Keep pricing synchronized with live product data. Avoid mentioning buffering claims.
AD-0486,Prospecting,Google Search,Former trial users,speed,One app. Cleaner streaming experience | 36-hour subscription trial available | Prospecting,"One app. Cleaner streaming experience. 36-hour subscription trial available. 18,000+ live channels and 100,000+ movies & series. Built for mobile-first buying flows and quick checkout. Built for former trial users with a speed angle.",For IPTV subscriptions and streaming device bundles. 36-hour trial applies to subscription plans only.,Shop Fire Stick and ONN options,"jailbroken fire stick, onn google tv, iptv subscription, fire stick streaming, streamstickpro",Keep pricing synchronized with live product data. Avoid mentioning buffering claims.
AD-0487,Trial-to-Paid,Native Ads,Budget-conscious streamers,value,Upgrade your streaming setup | Secure Stripe checkout with card + wallet options | Trial-to-Paid,Upgrade your streaming setup. Secure Stripe checkout with card + wallet options. Secure Stripe checkout with card + wallet options. Created for first-time and returning IPTV users. Built for budget-conscious streamers with a value angle.,For IPTV subscriptions and streaming device bundles. 36-hour trial applies to subscription plans only.,Visit StreamStickPro now,"jailbroken fire stick, onn google tv, iptv subscription, fire stick streaming, streamstickpro",Keep pricing synchronized with live product data. Avoid mentioning buffering claims.
AD-0488,Referral Push,Facebook,Cord-cutters,setup simplicity,"Stop paying cable prices | 18,000+ live channels | Referral Push","Stop paying cable prices. 18,000+ live channels and 100,000+ movies & series. 36-hour subscription trial available. Trusted by thousands of streamers. Built for cord-cutters with a setup simplicity angle.",For IPTV subscriptions and streaming device bundles. 36-hour trial applies to subscription plans only.,Start your 36-hour subscription trial,"jailbroken fire stick, onn google tv, iptv subscription, fire stick streaming, streamstickpro",Keep pricing synchronized with live product data. Avoid mentioning buffering claims.
AD-0489,Prospecting,YouTube,Returning IPTV users,support confidence,Skip app-hunting and start with guided setup | 24/7 support | Prospecting,Skip app-hunting and start with guided setup. 24/7 support and setup tutorials included. Fast activation and clear onboarding flow. Fast setup with clear step-by-step guidance. Built for returning iptv users with a support confidence angle.,For IPTV subscriptions and streaming device bundles. 36-hour trial applies to subscription plans only.,See pricing and start today,"jailbroken fire stick, onn google tv, iptv subscription, fire stick streaming, streamstickpro",Keep pricing synchronized with live product data. Avoid mentioning buffering claims.
AD-0490,Trial-to-Paid,Email Retargeting,ONN Google TV users,device compatibility,Bring your own device or choose a bundle | Referral rewards for qualified yearly purchases | Trial-to-Paid,Bring your own device or choose a bundle. Referral rewards for qualified yearly purchases. Shipping included on device bundles. Works with IPTV Smarters Pro and TiviMate. Built for onn google tv users with a device compatibility angle.,For IPTV subscriptions and streaming device bundles. 36-hour trial applies to subscription plans only.,Claim referral rewards details,"jailbroken fire stick, onn google tv, iptv subscription, fire stick streaming, streamstickpro",Keep pricing synchronized with live product data. Avoid mentioning buffering claims.
AD-0491,Referral Push,Instagram,Lapsed subscribers,subscription flexibility,Get premium channels without cable contracts | 1-year service included on device bundles | Referral Push,"Get premium channels without cable contracts. 1-year service included on device bundles. 1-year service included on device bundles. Built for Fire Stick HD, 4K, 4K Max, and ONN devices. Built for lapsed subscribers with a subscription flexibility angle.",For IPTV subscriptions and streaming device bundles. 36-hour trial applies to subscription plans only.,Compare plans and device bundles,"jailbroken fire stick, onn google tv, iptv subscription, fire stick streaming, streamstickpro",Keep pricing synchronized with live product data. Avoid mentioning buffering claims.
AD-0492,Prospecting,TikTok,Families replacing cable,speed,Ready in about 10 minutes | Shipping included on device bundles | Prospecting,Ready in about 10 minutes. Shipping included on device bundles. Referral rewards for qualified yearly purchases. No long contracts required for subscription plans. Built for families replacing cable with a speed angle.,For IPTV subscriptions and streaming device bundles. 36-hour trial applies to subscription plans only.,Get setup support and stream tonight,"jailbroken fire stick, onn google tv, iptv subscription, fire stick streaming, streamstickpro",Keep pricing synchronized with live product data. Avoid mentioning buffering claims.
AD-0493,Trial-to-Paid,SMS Follow-up,Fire Stick users,value,Built for Fire Stick and ONN | Fast activation | Trial-to-Paid,Built for Fire Stick and ONN. Fast activation and clear onboarding flow. 24/7 support and setup tutorials included. Easy renewals and support when you need it. Built for fire stick users with a value angle.,For IPTV subscriptions and streaming device bundles. 36-hour trial applies to subscription plans only.,Reactivate your plan in minutes,"jailbroken fire stick, onn google tv, iptv subscription, fire stick streaming, streamstickpro",Keep pricing synchronized with live product data. Avoid mentioning buffering claims.
AD-0494,Referral Push,Google Search,Former trial users,setup simplicity,One app. Cleaner streaming experience | 36-hour subscription trial available | Referral Push,"One app. Cleaner streaming experience. 36-hour subscription trial available. 18,000+ live channels and 100,000+ movies & series. Built for mobile-first buying flows and quick checkout. Built for former trial users with a setup simplicity angle.",For IPTV subscriptions and streaming device bundles. 36-hour trial applies to subscription plans only.,Shop Fire Stick and ONN options,"jailbroken fire stick, onn google tv, iptv subscription, fire stick streaming, streamstickpro",Keep pricing synchronized with live product data. Avoid mentioning buffering claims.
AD-0495,Prospecting,Native Ads,Budget-conscious streamers,support confidence,Upgrade your streaming setup | Secure Stripe checkout with card + wallet options | Prospecting,Upgrade your streaming setup. Secure Stripe checkout with card + wallet options. Secure Stripe checkout with card + wallet options. Created for first-time and returning IPTV users. Built for budget-conscious streamers with a support confidence angle.,For IPTV subscriptions and streaming device bundles. 36-hour trial applies to subscription plans only.,Visit StreamStickPro now,"jailbroken fire stick, onn google tv, iptv subscription, fire stick streaming, streamstickpro",Keep pricing synchronized with live product data. Avoid mentioning buffering claims.
AD-0496,Trial-to-Paid,Facebook,Cord-cutters,device compatibility,"Stop paying cable prices | 18,000+ live channels | Trial-to-Paid","Stop paying cable prices. 18,000+ live channels and 100,000+ movies & series. 36-hour subscription trial available. Trusted by thousands of streamers. Built for cord-cutters with a device compatibility angle.",For IPTV subscriptions and streaming device bundles. 36-hour trial applies to subscription plans only.,Start your 36-hour subscription trial,"jailbroken fire stick, onn google tv, iptv subscription, fire stick streaming, streamstickpro",Keep pricing synchronized with live product data. Avoid mentioning buffering claims.
AD-0497,Referral Push,YouTube,Returning IPTV users,subscription flexibility,Skip app-hunting and start with guided setup | 24/7 support | Referral Push,Skip app-hunting and start with guided setup. 24/7 support and setup tutorials included. Fast activation and clear onboarding flow. Fast setup with clear step-by-step guidance. Built for returning iptv users with a subscription flexibility angle.,For IPTV subscriptions and streaming device bundles. 36-hour trial applies to subscription plans only.,See pricing and start today,"jailbroken fire stick, onn google tv, iptv subscription, fire stick streaming, streamstickpro",Keep pricing synchronized with live product data. Avoid mentioning buffering claims.
AD-0498,Prospecting,Email Retargeting,ONN Google TV users,speed,Bring your own device or choose a bundle | Referral rewards for qualified yearly purchases | Prospecting,Bring your own device or choose a bundle. Referral rewards for qualified yearly purchases. Shipping included on device bundles. Works with IPTV Smarters Pro and TiviMate. Built for onn google tv users with a speed angle.,For IPTV subscriptions and streaming device bundles. 36-hour trial applies to subscription plans only.,Claim referral rewards details,"jailbroken fire stick, onn google tv, iptv subscription, fire stick streaming, streamstickpro",Keep pricing synchronized with live product data. Avoid mentioning buffering claims.
AD-0499,Trial-to-Paid,Instagram,Lapsed subscribers,value,Get premium channels without cable contracts | 1-year service included on device bundles | Trial-to-Paid,"Get premium channels without cable contracts. 1-year service included on device bundles. 1-year service included on device bundles. Built for Fire Stick HD, 4K, 4K Max, and ONN devices. Built for lapsed subscribers with a value angle.",For IPTV subscriptions and streaming device bundles. 36-hour trial applies to subscription plans only.,Compare plans and device bundles,"jailbroken fire stick, onn google tv, iptv subscription, fire stick streaming, streamstickpro",Keep pricing synchronized with live product data. Avoid mentioning buffering claims.
AD-0500,Referral Push,TikTok,Families replacing cable,setup simplicity,Ready in about 10 minutes | Shipping included on device bundles | Referral Push,Ready in about 10 minutes. Shipping included on device bundles. Referral rewards for qualified yearly purchases. No long contracts required for subscription plans. Built for families replacing cable with a setup simplicity angle.,For IPTV subscriptions and streaming device bundles. 36-hour trial applies to subscription plans only.,Get setup support and stream tonight,"jailbroken fire stick, onn google tv, iptv subscription, fire stick streaming, streamstickpro",Keep pricing synchronized with live product data. Avoid mentioning buffering claims.
AD-0501,Prospecting,SMS Follow-up,Fire Stick users,support confidence,Built for Fire Stick and ONN | Fast activation | Prospecting,Built for Fire Stick and ONN. Fast activation and clear onboarding flow. 24/7 support and setup tutorials included. Easy renewals and support when you need it. Built for fire stick users with a support confidence angle.,For IPTV subscriptions and streaming device bundles. 36-hour trial applies to subscription plans only.,Reactivate your plan in minutes,"jailbroken fire stick, onn google tv, iptv subscription, fire stick streaming, streamstickpro",Keep pricing synchronized with live product data. Avoid mentioning buffering claims.
AD-0502,Trial-to-Paid,Google Search,Former trial users,device compatibility,One app. Cleaner streaming experience | 36-hour subscription trial available | Trial-to-Paid,"One app. Cleaner streaming experience. 36-hour subscription trial available. 18,000+ live channels and 100,000+ movies & series. Built for mobile-first buying flows and quick checkout. Built for former trial users with a device compatibility angle.",For IPTV subscriptions and streaming device bundles. 36-hour trial applies to subscription plans only.,Shop Fire Stick and ONN options,"jailbroken fire stick, onn google tv, iptv subscription, fire stick streaming, streamstickpro",Keep pricing synchronized with live product data. Avoid mentioning buffering claims.
AD-0503,Referral Push,Native Ads,Budget-conscious streamers,subscription flexibility,Upgrade your streaming setup | Secure Stripe checkout with card + wallet options | Referral Push,Upgrade your streaming setup. Secure Stripe checkout with card + wallet options. Secure Stripe checkout with card + wallet options. Created for first-time and returning IPTV users. Built for budget-conscious streamers with a subscription flexibility angle.,For IPTV subscriptions and streaming device bundles. 36-hour trial applies to subscription plans only.,Visit StreamStickPro now,"jailbroken fire stick, onn google tv, iptv subscription, fire stick streaming, streamstickpro",Keep pricing synchronized with live product data. Avoid mentioning buffering claims.
AD-0504,Prospecting,Facebook,Cord-cutters,speed,"Stop paying cable prices | 18,000+ live channels | Prospecting","Stop paying cable prices. 18,000+ live channels and 100,000+ movies & series. 36-hour subscription trial available. Trusted by thousands of streamers. Built for cord-cutters with a speed angle.",For IPTV subscriptions and streaming device bundles. 36-hour trial applies to subscription plans only.,Start your 36-hour subscription trial,"jailbroken fire stick, onn google tv, iptv subscription, fire stick streaming, streamstickpro",Keep pricing synchronized with live product data. Avoid mentioning buffering claims.
AD-0505,Trial-to-Paid,YouTube,Returning IPTV users,value,Skip app-hunting and start with guided setup | 24/7 support | Trial-to-Paid,Skip app-hunting and start with guided setup. 24/7 support and setup tutorials included. Fast activation and clear onboarding flow. Fast setup with clear step-by-step guidance. Built for returning iptv users with a value angle.,For IPTV subscriptions and streaming device bundles. 36-hour trial applies to subscription plans only.,See pricing and start today,"jailbroken fire stick, onn google tv, iptv subscription, fire stick streaming, streamstickpro",Keep pricing synchronized with live product data. Avoid mentioning buffering claims.
AD-0506,Referral Push,Email Retargeting,ONN Google TV users,setup simplicity,Bring your own device or choose a bundle | Referral rewards for qualified yearly purchases | Referral Push,Bring your own device or choose a bundle. Referral rewards for qualified yearly purchases. Shipping included on device bundles. Works with IPTV Smarters Pro and TiviMate. Built for onn google tv users with a setup simplicity angle.,For IPTV subscriptions and streaming device bundles. 36-hour trial applies to subscription plans only.,Claim referral rewards details,"jailbroken fire stick, onn google tv, iptv subscription, fire stick streaming, streamstickpro",Keep pricing synchronized with live product data. Avoid mentioning buffering claims.
AD-0507,Prospecting,Instagram,Lapsed subscribers,support confidence,Get premium channels without cable contracts | 1-year service included on device bundles | Prospecting,"Get premium channels without cable contracts. 1-year service included on device bundles. 1-year service included on device bundles. Built for Fire Stick HD, 4K, 4K Max, and ONN devices. Built for lapsed subscribers with a support confidence angle.",For IPTV subscriptions and streaming device bundles. 36-hour trial applies to subscription plans only.,Compare plans and device bundles,"jailbroken fire stick, onn google tv, iptv subscription, fire stick streaming, streamstickpro",Keep pricing synchronized with live product data. Avoid mentioning buffering claims.
AD-0508,Trial-to-Paid,TikTok,Families replacing cable,device compatibility,Ready in about 10 minutes | Shipping included on device bundles | Trial-to-Paid,Ready in about 10 minutes. Shipping included on device bundles. Referral rewards for qualified yearly purchases. No long contracts required for subscription plans. Built for families replacing cable with a device compatibility angle.,For IPTV subscriptions and streaming device bundles. 36-hour trial applies to subscription plans only.,Get setup support and stream tonight,"jailbroken fire stick, onn google tv, iptv subscription, fire stick streaming, streamstickpro",Keep pricing synchronized with live product data. Avoid mentioning buffering claims.
AD-0509,Referral Push,SMS Follow-up,Fire Stick users,subscription flexibility,Built for Fire Stick and ONN | Fast activation | Referral Push,Built for Fire Stick and ONN. Fast activation and clear onboarding flow. 24/7 support and setup tutorials included. Easy renewals and support when you need it. Built for fire stick users with a subscription flexibility angle.,For IPTV subscriptions and streaming device bundles. 36-hour trial applies to subscription plans only.,Reactivate your plan in minutes,"jailbroken fire stick, onn google tv, iptv subscription, fire stick streaming, streamstickpro",Keep pricing synchronized with live product data. Avoid mentioning buffering claims.
AD-0510,Prospecting,Google Search,Former trial users,speed,One app. Cleaner streaming experience | 36-hour subscription trial available | Prospecting,"One app. Cleaner streaming experience. 36-hour subscription trial available. 18,000+ live channels and 100,000+ movies & series. Built for mobile-first buying flows and quick checkout. Built for former trial users with a speed angle.",For IPTV subscriptions and streaming device bundles. 36-hour trial applies to subscription plans only.,Shop Fire Stick and ONN options,"jailbroken fire stick, onn google tv, iptv subscription, fire stick streaming, streamstickpro",Keep pricing synchronized with live product data. Avoid mentioning buffering claims.
AD-0511,Trial-to-Paid,Native Ads,Budget-conscious streamers,value,Upgrade your streaming setup | Secure Stripe checkout with card + wallet options | Trial-to-Paid,Upgrade your streaming setup. Secure Stripe checkout with card + wallet options. Secure Stripe checkout with card + wallet options. Created for first-time and returning IPTV users. Built for budget-conscious streamers with a value angle.,For IPTV subscriptions and streaming device bundles. 36-hour trial applies to subscription plans only.,Visit StreamStickPro now,"jailbroken fire stick, onn google tv, iptv subscription, fire stick streaming, streamstickpro",Keep pricing synchronized with live product data. Avoid mentioning buffering claims.
AD-0512,Referral Push,Facebook,Cord-cutters,setup simplicity,"Stop paying cable prices | 18,000+ live channels | Referral Push","Stop paying cable prices. 18,000+ live channels and 100,000+ movies & series. 36-hour subscription trial available. Trusted by thousands of streamers. Built for cord-cutters with a setup simplicity angle.",For IPTV subscriptions and streaming device bundles. 36-hour trial applies to subscription plans only.,Start your 36-hour subscription trial,"jailbroken fire stick, onn google tv, iptv subscription, fire stick streaming, streamstickpro",Keep pricing synchronized with live product data. Avoid mentioning buffering claims.
AD-0513,Prospecting,YouTube,Returning IPTV users,support confidence,Skip app-hunting and start with guided setup | 24/7 support | Prospecting,Skip app-hunting and start with guided setup. 24/7 support and setup tutorials included. Fast activation and clear onboarding flow. Fast setup with clear step-by-step guidance. Built for returning iptv users with a support confidence angle.,For IPTV subscriptions and streaming device bundles. 36-hour trial applies to subscription plans only.,See pricing and start today,"jailbroken fire stick, onn google tv, iptv subscription, fire stick streaming, streamstickpro",Keep pricing synchronized with live product data. Avoid mentioning buffering claims.
AD-0514,Trial-to-Paid,Email Retargeting,ONN Google TV users,device compatibility,Bring your own device or choose a bundle | Referral rewards for qualified yearly purchases | Trial-to-Paid,Bring your own device or choose a bundle. Referral rewards for qualified yearly purchases. Shipping included on device bundles. Works with IPTV Smarters Pro and TiviMate. Built for onn google tv users with a device compatibility angle.,For IPTV subscriptions and streaming device bundles. 36-hour trial applies to subscription plans only.,Claim referral rewards details,"jailbroken fire stick, onn google tv, iptv subscription, fire stick streaming, streamstickpro",Keep pricing synchronized with live product data. Avoid mentioning buffering claims.
AD-0515,Referral Push,Instagram,Lapsed subscribers,subscription flexibility,Get premium channels without cable contracts | 1-year service included on device bundles | Referral Push,"Get premium channels without cable contracts. 1-year service included on device bundles. 1-year service included on device bundles. Built for Fire Stick HD, 4K, 4K Max, and ONN devices. Built for lapsed subscribers with a subscription flexibility angle.",For IPTV subscriptions and streaming device bundles. 36-hour trial applies to subscription plans only.,Compare plans and device bundles,"jailbroken fire stick, onn google tv, iptv subscription, fire stick streaming, streamstickpro",Keep pricing synchronized with live product data. Avoid mentioning buffering claims.
AD-0516,Prospecting,TikTok,Families replacing cable,speed,Ready in about 10 minutes | Shipping included on device bundles | Prospecting,Ready in about 10 minutes. Shipping included on device bundles. Referral rewards for qualified yearly purchases. No long contracts required for subscription plans. Built for families replacing cable with a speed angle.,For IPTV subscriptions and streaming device bundles. 36-hour trial applies to subscription plans only.,Get setup support and stream tonight,"jailbroken fire stick, onn google tv, iptv subscription, fire stick streaming, streamstickpro",Keep pricing synchronized with live product data. Avoid mentioning buffering claims.
AD-0517,Trial-to-Paid,SMS Follow-up,Fire Stick users,value,Built for Fire Stick and ONN | Fast activation | Trial-to-Paid,Built for Fire Stick and ONN. Fast activation and clear onboarding flow. 24/7 support and setup tutorials included. Easy renewals and support when you need it. Built for fire stick users with a value angle.,For IPTV subscriptions and streaming device bundles. 36-hour trial applies to subscription plans only.,Reactivate your plan in minutes,"jailbroken fire stick, onn google tv, iptv subscription, fire stick streaming, streamstickpro",Keep pricing synchronized with live product data. Avoid mentioning buffering claims.
AD-0518,Referral Push,Google Search,Former trial users,setup simplicity,One app. Cleaner streaming experience | 36-hour subscription trial available | Referral Push,"One app. Cleaner streaming experience. 36-hour subscription trial available. 18,000+ live channels and 100,000+ movies & series. Built for mobile-first buying flows and quick checkout. Built for former trial users with a setup simplicity angle.",For IPTV subscriptions and streaming device bundles. 36-hour trial applies to subscription plans only.,Shop Fire Stick and ONN options,"jailbroken fire stick, onn google tv, iptv subscription, fire stick streaming, streamstickpro",Keep pricing synchronized with live product data. Avoid mentioning buffering claims.
AD-0519,Prospecting,Native Ads,Budget-conscious streamers,support confidence,Upgrade your streaming setup | Secure Stripe checkout with card + wallet options | Prospecting,Upgrade your streaming setup. Secure Stripe checkout with card + wallet options. Secure Stripe checkout with card + wallet options. Created for first-time and returning IPTV users. Built for budget-conscious streamers with a support confidence angle.,For IPTV subscriptions and streaming device bundles. 36-hour trial applies to subscription plans only.,Visit StreamStickPro now,"jailbroken fire stick, onn google tv, iptv subscription, fire stick streaming, streamstickpro",Keep pricing synchronized with live product data. Avoid mentioning buffering claims.
AD-0520,Trial-to-Paid,Facebook,Cord-cutters,device compatibility,"Stop paying cable prices | 18,000+ live channels | Trial-to-Paid","Stop paying cable prices. 18,000+ live channels and 100,000+ movies & series. 36-hour subscription trial available. Trusted by thousands of streamers. Built for cord-cutters with a device compatibility angle.",For IPTV subscriptions and streaming device bundles. 36-hour trial applies to subscription plans only.,Start your 36-hour subscription trial,"jailbroken fire stick, onn google tv, iptv subscription, fire stick streaming, streamstickpro",Keep pricing synchronized with live product data. Avoid mentioning buffering claims.
AD-0521,Referral Push,YouTube,Returning IPTV users,subscription flexibility,Skip app-hunting and start with guided setup | 24/7 support | Referral Push,Skip app-hunting and start with guided setup. 24/7 support and setup tutorials included. Fast activation and clear onboarding flow. Fast setup with clear step-by-step guidance. Built for returning iptv users with a subscription flexibility angle.,For IPTV subscriptions and streaming device bundles. 36-hour trial applies to subscription plans only.,See pricing and start today,"jailbroken fire stick, onn google tv, iptv subscription, fire stick streaming, streamstickpro",Keep pricing synchronized with live product data. Avoid mentioning buffering claims.
AD-0522,Prospecting,Email Retargeting,ONN Google TV users,speed,Bring your own device or choose a bundle | Referral rewards for qualified yearly purchases | Prospecting,Bring your own device or choose a bundle. Referral rewards for qualified yearly purchases. Shipping included on device bundles. Works with IPTV Smarters Pro and TiviMate. Built for onn google tv users with a speed angle.,For IPTV subscriptions and streaming device bundles. 36-hour trial applies to subscription plans only.,Claim referral rewards details,"jailbroken fire stick, onn google tv, iptv subscription, fire stick streaming, streamstickpro",Keep pricing synchronized with live product data. Avoid mentioning buffering claims.
AD-0523,Trial-to-Paid,Instagram,Lapsed subscribers,value,Get premium channels without cable contracts | 1-year service included on device bundles | Trial-to-Paid,"Get premium channels without cable contracts. 1-year service included on device bundles. 1-year service included on device bundles. Built for Fire Stick HD, 4K, 4K Max, and ONN devices. Built for lapsed subscribers with a value angle.",For IPTV subscriptions and streaming device bundles. 36-hour trial applies to subscription plans only.,Compare plans and device bundles,"jailbroken fire stick, onn google tv, iptv subscription, fire stick streaming, streamstickpro",Keep pricing synchronized with live product data. Avoid mentioning buffering claims.
AD-0524,Referral Push,TikTok,Families replacing cable,setup simplicity,Ready in about 10 minutes | Shipping included on device bundles | Referral Push,Ready in about 10 minutes. Shipping included on device bundles. Referral rewards for qualified yearly purchases. No long contracts required for subscription plans. Built for families replacing cable with a setup simplicity angle.,For IPTV subscriptions and streaming device bundles. 36-hour trial applies to subscription plans only.,Get setup support and stream tonight,"jailbroken fire stick, onn google tv, iptv subscription, fire stick streaming, streamstickpro",Keep pricing synchronized with live product data. Avoid mentioning buffering claims.
AD-0525,Prospecting,SMS Follow-up,Fire Stick users,support confidence,Built for Fire Stick and ONN | Fast activation | Prospecting,Built for Fire Stick and ONN. Fast activation and clear onboarding flow. 24/7 support and setup tutorials included. Easy renewals and support when you need it. Built for fire stick users with a support confidence angle.,For IPTV subscriptions and streaming device bundles. 36-hour trial applies to subscription plans only.,Reactivate your plan in minutes,"jailbroken fire stick, onn google tv, iptv subscription, fire stick streaming, streamstickpro",Keep pricing synchronized with live product data. Avoid mentioning buffering claims.
AD-0526,Trial-to-Paid,Google Search,Former trial users,device compatibility,One app. Cleaner streaming experience | 36-hour subscription trial available | Trial-to-Paid,"One app. Cleaner streaming experience. 36-hour subscription trial available. 18,000+ live channels and 100,000+ movies & series. Built for mobile-first buying flows and quick checkout. Built for former trial users with a device compatibility angle.",For IPTV subscriptions and streaming device bundles. 36-hour trial applies to subscription plans only.,Shop Fire Stick and ONN options,"jailbroken fire stick, onn google tv, iptv subscription, fire stick streaming, streamstickpro",Keep pricing synchronized with live product data. Avoid mentioning buffering claims.
AD-0527,Referral Push,Native Ads,Budget-conscious streamers,subscription flexibility,Upgrade your streaming setup | Secure Stripe checkout with card + wallet options | Referral Push,Upgrade your streaming setup. Secure Stripe checkout with card + wallet options. Secure Stripe checkout with card + wallet options. Created for first-time and returning IPTV users. Built for budget-conscious streamers with a subscription flexibility angle.,For IPTV subscriptions and streaming device bundles. 36-hour trial applies to subscription plans only.,Visit StreamStickPro now,"jailbroken fire stick, onn google tv, iptv subscription, fire stick streaming, streamstickpro",Keep pricing synchronized with live product data. Avoid mentioning buffering claims.
AD-0528,Prospecting,Facebook,Cord-cutters,speed,"Stop paying cable prices | 18,000+ live channels | Prospecting","Stop paying cable prices. 18,000+ live channels and 100,000+ movies & series. 36-hour subscription trial available. Trusted by thousands of streamers. Built for cord-cutters with a speed angle.",For IPTV subscriptions and streaming device bundles. 36-hour trial applies to subscription plans only.,Start your 36-hour subscription trial,"jailbroken fire stick, onn google tv, iptv subscription, fire stick streaming, streamstickpro",Keep pricing synchronized with live product data. Avoid mentioning buffering claims.
AD-0529,Trial-to-Paid,YouTube,Returning IPTV users,value,Skip app-hunting and start with guided setup | 24/7 support | Trial-to-Paid,Skip app-hunting and start with guided setup. 24/7 support and setup tutorials included. Fast activation and clear onboarding flow. Fast setup with clear step-by-step guidance. Built for returning iptv users with a value angle.,For IPTV subscriptions and streaming device bundles. 36-hour trial applies to subscription plans only.,See pricing and start today,"jailbroken fire stick, onn google tv, iptv subscription, fire stick streaming, streamstickpro",Keep pricing synchronized with live product data. Avoid mentioning buffering claims.
AD-0530,Referral Push,Email Retargeting,ONN Google TV users,setup simplicity,Bring your own device or choose a bundle | Referral rewards for qualified yearly purchases | Referral Push,Bring your own device or choose a bundle. Referral rewards for qualified yearly purchases. Shipping included on device bundles. Works with IPTV Smarters Pro and TiviMate. Built for onn google tv users with a setup simplicity angle.,For IPTV subscriptions and streaming device bundles. 36-hour trial applies to subscription plans only.,Claim referral rewards details,"jailbroken fire stick, onn google tv, iptv subscription, fire stick streaming, streamstickpro",Keep pricing synchronized with live product data. Avoid mentioning buffering claims.
AD-0531,Prospecting,Instagram,Lapsed subscribers,support confidence,Get premium channels without cable contracts | 1-year service included on device bundles | Prospecting,"Get premium channels without cable contracts. 1-year service included on device bundles. 1-year service included on device bundles. Built for Fire Stick HD, 4K, 4K Max, and ONN devices. Built for lapsed subscribers with a support confidence angle.",For IPTV subscriptions and streaming device bundles. 36-hour trial applies to subscription plans only.,Compare plans and device bundles,"jailbroken fire stick, onn google tv, iptv subscription, fire stick streaming, streamstickpro",Keep pricing synchronized with live product data. Avoid mentioning buffering claims.
AD-0532,Trial-to-Paid,TikTok,Families replacing cable,device compatibility,Ready in about 10 minutes | Shipping included on device bundles | Trial-to-Paid,Ready in about 10 minutes. Shipping included on device bundles. Referral rewards for qualified yearly purchases. No long contracts required for subscription plans. Built for families replacing cable with a device compatibility angle.,For IPTV subscriptions and streaming device bundles. 36-hour trial applies to subscription plans only.,Get setup support and stream tonight,"jailbroken fire stick, onn google tv, iptv subscription, fire stick streaming, streamstickpro",Keep pricing synchronized with live product data. Avoid mentioning buffering claims.
AD-0533,Referral Push,SMS Follow-up,Fire Stick users,subscription flexibility,Built for Fire Stick and ONN | Fast activation | Referral Push,Built for Fire Stick and ONN. Fast activation and clear onboarding flow. 24/7 support and setup tutorials included. Easy renewals and support when you need it. Built for fire stick users with a subscription flexibility angle.,For IPTV subscriptions and streaming device bundles. 36-hour trial applies to subscription plans only.,Reactivate your plan in minutes,"jailbroken fire stick, onn google tv, iptv subscription, fire stick streaming, streamstickpro",Keep pricing synchronized with live product data. Avoid mentioning buffering claims.
AD-0534,Prospecting,Google Search,Former trial users,speed,One app. Cleaner streaming experience | 36-hour subscription trial available | Prospecting,"One app. Cleaner streaming experience. 36-hour subscription trial available. 18,000+ live channels and 100,000+ movies & series. Built for mobile-first buying flows and quick checkout. Built for former trial users with a speed angle.",For IPTV subscriptions and streaming device bundles. 36-hour trial applies to subscription plans only.,Shop Fire Stick and ONN options,"jailbroken fire stick, onn google tv, iptv subscription, fire stick streaming, streamstickpro",Keep pricing synchronized with live product data. Avoid mentioning buffering claims.
AD-0535,Trial-to-Paid,Native Ads,Budget-conscious streamers,value,Upgrade your streaming setup | Secure Stripe checkout with card + wallet options | Trial-to-Paid,Upgrade your streaming setup. Secure Stripe checkout with card + wallet options. Secure Stripe checkout with card + wallet options. Created for first-time and returning IPTV users. Built for budget-conscious streamers with a value angle.,For IPTV subscriptions and streaming device bundles. 36-hour trial applies to subscription plans only.,Visit StreamStickPro now,"jailbroken fire stick, onn google tv, iptv subscription, fire stick streaming, streamstickpro",Keep pricing synchronized with live product data. Avoid mentioning buffering claims.
AD-0536,Referral Push,Facebook,Cord-cutters,setup simplicity,"Stop paying cable prices | 18,000+ live channels | Referral Push","Stop paying cable prices. 18,000+ live channels and 100,000+ movies & series. 36-hour subscription trial available. Trusted by thousands of streamers. Built for cord-cutters with a setup simplicity angle.",For IPTV subscriptions and streaming device bundles. 36-hour trial applies to subscription plans only.,Start your 36-hour subscription trial,"jailbroken fire stick, onn google tv, iptv subscription, fire stick streaming, streamstickpro",Keep pricing synchronized with live product data. Avoid mentioning buffering claims.
AD-0537,Prospecting,YouTube,Returning IPTV users,support confidence,Skip app-hunting and start with guided setup | 24/7 support | Prospecting,Skip app-hunting and start with guided setup. 24/7 support and setup tutorials included. Fast activation and clear onboarding flow. Fast setup with clear step-by-step guidance. Built for returning iptv users with a support confidence angle.,For IPTV subscriptions and streaming device bundles. 36-hour trial applies to subscription plans only.,See pricing and start today,"jailbroken fire stick, onn google tv, iptv subscription, fire stick streaming, streamstickpro",Keep pricing synchronized with live product data. Avoid mentioning buffering claims.
AD-0538,Trial-to-Paid,Email Retargeting,ONN Google TV users,device compatibility,Bring your own device or choose a bundle | Referral rewards for qualified yearly purchases | Trial-to-Paid,Bring your own device or choose a bundle. Referral rewards for qualified yearly purchases. Shipping included on device bundles. Works with IPTV Smarters Pro and TiviMate. Built for onn google tv users with a device compatibility angle.,For IPTV subscriptions and streaming device bundles. 36-hour trial applies to subscription plans only.,Claim referral rewards details,"jailbroken fire stick, onn google tv, iptv subscription, fire stick streaming, streamstickpro",Keep pricing synchronized with live product data. Avoid mentioning buffering claims.
AD-0539,Referral Push,Instagram,Lapsed subscribers,subscription flexibility,Get premium channels without cable contracts | 1-year service included on device bundles | Referral Push,"Get premium channels without cable contracts. 1-year service included on device bundles. 1-year service included on device bundles. Built for Fire Stick HD, 4K, 4K Max, and ONN devices. Built for lapsed subscribers with a subscription flexibility angle.",For IPTV subscriptions and streaming device bundles. 36-hour trial applies to subscription plans only.,Compare plans and device bundles,"jailbroken fire stick, onn google tv, iptv subscription, fire stick streaming, streamstickpro",Keep pricing synchronized with live product data. Avoid mentioning buffering claims.
AD-0540,Prospecting,TikTok,Families replacing cable,speed,Ready in about 10 minutes | Shipping included on device bundles | Prospecting,Ready in about 10 minutes. Shipping included on device bundles. Referral rewards for qualified yearly purchases. No long contracts required for subscription plans. Built for families replacing cable with a speed angle.,For IPTV subscriptions and streaming device bundles. 36-hour trial applies to subscription plans only.,Get setup support and stream tonight,"jailbroken fire stick, onn google tv, iptv subscription, fire stick streaming, streamstickpro",Keep pricing synchronized with live product data. Avoid mentioning buffering claims.
AD-0541,Trial-to-Paid,SMS Follow-up,Fire Stick users,value,Built for Fire Stick and ONN | Fast activation | Trial-to-Paid,Built for Fire Stick and ONN. Fast activation and clear onboarding flow. 24/7 support and setup tutorials included. Easy renewals and support when you need it. Built for fire stick users with a value angle.,For IPTV subscriptions and streaming device bundles. 36-hour trial applies to subscription plans only.,Reactivate your plan in minutes,"jailbroken fire stick, onn google tv, iptv subscription, fire stick streaming, streamstickpro",Keep pricing synchronized with live product data. Avoid mentioning buffering claims.
AD-0542,Referral Push,Google Search,Former trial users,setup simplicity,One app. Cleaner streaming experience | 36-hour subscription trial available | Referral Push,"One app. Cleaner streaming experience. 36-hour subscription trial available. 18,000+ live channels and 100,000+ movies & series. Built for mobile-first buying flows and quick checkout. Built for former trial users with a setup simplicity angle.",For IPTV subscriptions and streaming device bundles. 36-hour trial applies to subscription plans only.,Shop Fire Stick and ONN options,"jailbroken fire stick, onn google tv, iptv subscription, fire stick streaming, streamstickpro",Keep pricing synchronized with live product data. Avoid mentioning buffering claims.
AD-0543,Prospecting,Native Ads,Budget-conscious streamers,support confidence,Upgrade your streaming setup | Secure Stripe checkout with card + wallet options | Prospecting,Upgrade your streaming setup. Secure Stripe checkout with card + wallet options. Secure Stripe checkout with card + wallet options. Created for first-time and returning IPTV users. Built for budget-conscious streamers with a support confidence angle.,For IPTV subscriptions and streaming device bundles. 36-hour trial applies to subscription plans only.,Visit StreamStickPro now,"jailbroken fire stick, onn google tv, iptv subscription, fire stick streaming, streamstickpro",Keep pricing synchronized with live product data. Avoid mentioning buffering claims.
AD-0544,Trial-to-Paid,Facebook,Cord-cutters,device compatibility,"Stop paying cable prices | 18,000+ live channels | Trial-to-Paid","Stop paying cable prices. 18,000+ live channels and 100,000+ movies & series. 36-hour subscription trial available. Trusted by thousands of streamers. Built for cord-cutters with a device compatibility angle.",For IPTV subscriptions and streaming device bundles. 36-hour trial applies to subscription plans only.,Start your 36-hour subscription trial,"jailbroken fire stick, onn google tv, iptv subscription, fire stick streaming, streamstickpro",Keep pricing synchronized with live product data. Avoid mentioning buffering claims.
AD-0545,Referral Push,YouTube,Returning IPTV users,subscription flexibility,Skip app-hunting and start with guided setup | 24/7 support | Referral Push,Skip app-hunting and start with guided setup. 24/7 support and setup tutorials included. Fast activation and clear onboarding flow. Fast setup with clear step-by-step guidance. Built for returning iptv users with a subscription flexibility angle.,For IPTV subscriptions and streaming device bundles. 36-hour trial applies to subscription plans only.,See pricing and start today,"jailbroken fire stick, onn google tv, iptv subscription, fire stick streaming, streamstickpro",Keep pricing synchronized with live product data. Avoid mentioning buffering claims.
AD-0546,Prospecting,Email Retargeting,ONN Google TV users,speed,Bring your own device or choose a bundle | Referral rewards for qualified yearly purchases | Prospecting,Bring your own device or choose a bundle. Referral rewards for qualified yearly purchases. Shipping included on device bundles. Works with IPTV Smarters Pro and TiviMate. Built for onn google tv users with a speed angle.,For IPTV subscriptions and streaming device bundles. 36-hour trial applies to subscription plans only.,Claim referral rewards details,"jailbroken fire stick, onn google tv, iptv subscription, fire stick streaming, streamstickpro",Keep pricing synchronized with live product data. Avoid mentioning buffering claims.
AD-0547,Trial-to-Paid,Instagram,Lapsed subscribers,value,Get premium channels without cable contracts | 1-year service included on device bundles | Trial-to-Paid,"Get premium channels without cable contracts. 1-year service included on device bundles. 1-year service included on device bundles. Built for Fire Stick HD, 4K, 4K Max, and ONN devices. Built for lapsed subscribers with a value angle.",For IPTV subscriptions and streaming device bundles. 36-hour trial applies to subscription plans only.,Compare plans and device bundles,"jailbroken fire stick, onn google tv, iptv subscription, fire stick streaming, streamstickpro",Keep pricing synchronized with live product data. Avoid mentioning buffering claims.
AD-0548,Referral Push,TikTok,Families replacing cable,setup simplicity,Ready in about 10 minutes | Shipping included on device bundles | Referral Push,Ready in about 10 minutes. Shipping included on device bundles. Referral rewards for qualified yearly purchases. No long contracts required for subscription plans. Built for families replacing cable with a setup simplicity angle.,For IPTV subscriptions and streaming device bundles. 36-hour trial applies to subscription plans only.,Get setup support and stream tonight,"jailbroken fire stick, onn google tv, iptv subscription, fire stick streaming, streamstickpro",Keep pricing synchronized with live product data. Avoid mentioning buffering claims.
AD-0549,Prospecting,SMS Follow-up,Fire Stick users,support confidence,Built for Fire Stick and ONN | Fast activation | Prospecting,Built for Fire Stick and ONN. Fast activation and clear onboarding flow. 24/7 support and setup tutorials included. Easy renewals and support when you need it. Built for fire stick users with a support confidence angle.,For IPTV subscriptions and streaming device bundles. 36-hour trial applies to subscription plans only.,Reactivate your plan in minutes,"jailbroken fire stick, onn google tv, iptv subscription, fire stick streaming, streamstickpro",Keep pricing synchronized with live product data. Avoid mentioning buffering claims.
AD-0550,Trial-to-Paid,Google Search,Former trial users,device compatibility,One app. Cleaner streaming experience | 36-hour subscription trial available | Trial-to-Paid,"One app. Cleaner streaming experience. 36-hour subscription trial available. 18,000+ live channels and 100,000+ movies & series. Built for mobile-first buying flows and quick checkout. Built for former trial users with a device compatibility angle.",For IPTV subscriptions and streaming device bundles. 36-hour trial applies to subscription plans only.,Shop Fire Stick and ONN options,"jailbroken fire stick, onn google tv, iptv subscription, fire stick streaming, streamstickpro",Keep pricing synchronized with live product data. Avoid mentioning buffering claims.
AD-0551,Referral Push,Native Ads,Budget-conscious streamers,subscription flexibility,Upgrade your streaming setup | Secure Stripe checkout with card + wallet options | Referral Push,Upgrade your streaming setup. Secure Stripe checkout with card + wallet options. Secure Stripe checkout with card + wallet options. Created for first-time and returning IPTV users. Built for budget-conscious streamers with a subscription flexibility angle.,For IPTV subscriptions and streaming device bundles. 36-hour trial applies to subscription plans only.,Visit StreamStickPro now,"jailbroken fire stick, onn google tv, iptv subscription, fire stick streaming, streamstickpro",Keep pricing synchronized with live product data. Avoid mentioning buffering claims.
AD-0552,Prospecting,Facebook,Cord-cutters,speed,"Stop paying cable prices | 18,000+ live channels | Prospecting","Stop paying cable prices. 18,000+ live channels and 100,000+ movies & series. 36-hour subscription trial available. Trusted by thousands of streamers. Built for cord-cutters with a speed angle.",For IPTV subscriptions and streaming device bundles. 36-hour trial applies to subscription plans only.,Start your 36-hour subscription trial,"jailbroken fire stick, onn google tv, iptv subscription, fire stick streaming, streamstickpro",Keep pricing synchronized with live product data. Avoid mentioning buffering claims.
AD-0553,Trial-to-Paid,YouTube,Returning IPTV users,value,Skip app-hunting and start with guided setup | 24/7 support | Trial-to-Paid,Skip app-hunting and start with guided setup. 24/7 support and setup tutorials included. Fast activation and clear onboarding flow. Fast setup with clear step-by-step guidance. Built for returning iptv users with a value angle.,For IPTV subscriptions and streaming device bundles. 36-hour trial applies to subscription plans only.,See pricing and start today,"jailbroken fire stick, onn google tv, iptv subscription, fire stick streaming, streamstickpro",Keep pricing synchronized with live product data. Avoid mentioning buffering claims.
AD-0554,Referral Push,Email Retargeting,ONN Google TV users,setup simplicity,Bring your own device or choose a bundle | Referral rewards for qualified yearly purchases | Referral Push,Bring your own device or choose a bundle. Referral rewards for qualified yearly purchases. Shipping included on device bundles. Works with IPTV Smarters Pro and TiviMate. Built for onn google tv users with a setup simplicity angle.,For IPTV subscriptions and streaming device bundles. 36-hour trial applies to subscription plans only.,Claim referral rewards details,"jailbroken fire stick, onn google tv, iptv subscription, fire stick streaming, streamstickpro",Keep pricing synchronized with live product data. Avoid mentioning buffering claims.
AD-0555,Prospecting,Instagram,Lapsed subscribers,support confidence,Get premium channels without cable contracts | 1-year service included on device bundles | Prospecting,"Get premium channels without cable contracts. 1-year service included on device bundles. 1-year service included on device bundles. Built for Fire Stick HD, 4K, 4K Max, and ONN devices. Built for lapsed subscribers with a support confidence angle.",For IPTV subscriptions and streaming device bundles. 36-hour trial applies to subscription plans only.,Compare plans and device bundles,"jailbroken fire stick, onn google tv, iptv subscription, fire stick streaming, streamstickpro",Keep pricing synchronized with live product data. Avoid mentioning buffering claims.
AD-0556,Trial-to-Paid,TikTok,Families replacing cable,device compatibility,Ready in about 10 minutes | Shipping included on device bundles | Trial-to-Paid,Ready in about 10 minutes. Shipping included on device bundles. Referral rewards for qualified yearly purchases. No long contracts required for subscription plans. Built for families replacing cable with a device compatibility angle.,For IPTV subscriptions and streaming device bundles. 36-hour trial applies to subscription plans only.,Get setup support and stream tonight,"jailbroken fire stick, onn google tv, iptv subscription, fire stick streaming, streamstickpro",Keep pricing synchronized with live product data. Avoid mentioning buffering claims.
AD-0557,Referral Push,SMS Follow-up,Fire Stick users,subscription flexibility,Built for Fire Stick and ONN | Fast activation | Referral Push,Built for Fire Stick and ONN. Fast activation and clear onboarding flow. 24/7 support and setup tutorials included. Easy renewals and support when you need it. Built for fire stick users with a subscription flexibility angle.,For IPTV subscriptions and streaming device bundles. 36-hour trial applies to subscription plans only.,Reactivate your plan in minutes,"jailbroken fire stick, onn google tv, iptv subscription, fire stick streaming, streamstickpro",Keep pricing synchronized with live product data. Avoid mentioning buffering claims.
AD-0558,Prospecting,Google Search,Former trial users,speed,One app. Cleaner streaming experience | 36-hour subscription trial available | Prospecting,"One app. Cleaner streaming experience. 36-hour subscription trial available. 18,000+ live channels and 100,000+ movies & series. Built for mobile-first buying flows and quick checkout. Built for former trial users with a speed angle.",For IPTV subscriptions and streaming device bundles. 36-hour trial applies to subscription plans only.,Shop Fire Stick and ONN options,"jailbroken fire stick, onn google tv, iptv subscription, fire stick streaming, streamstickpro",Keep pricing synchronized with live product data. Avoid mentioning buffering claims.
AD-0559,Trial-to-Paid,Native Ads,Budget-conscious streamers,value,Upgrade your streaming setup | Secure Stripe checkout with card + wallet options | Trial-to-Paid,Upgrade your streaming setup. Secure Stripe checkout with card + wallet options. Secure Stripe checkout with card + wallet options. Created for first-time and returning IPTV users. Built for budget-conscious streamers with a value angle.,For IPTV subscriptions and streaming device bundles. 36-hour trial applies to subscription plans only.,Visit StreamStickPro now,"jailbroken fire stick, onn google tv, iptv subscription, fire stick streaming, streamstickpro",Keep pricing synchronized with live product data. Avoid mentioning buffering claims.
AD-0560,Referral Push,Facebook,Cord-cutters,setup simplicity,"Stop paying cable prices | 18,000+ live channels | Referral Push","Stop paying cable prices. 18,000+ live channels and 100,000+ movies & series. 36-hour subscription trial available. Trusted by thousands of streamers. Built for cord-cutters with a setup simplicity angle.",For IPTV subscriptions and streaming device bundles. 36-hour trial applies to subscription plans only.,Start your 36-hour subscription trial,"jailbroken fire stick, onn google tv, iptv subscription, fire stick streaming, streamstickpro",Keep pricing synchronized with live product data. Avoid mentioning buffering claims.
AD-0561,Prospecting,YouTube,Returning IPTV users,support confidence,Skip app-hunting and start with guided setup | 24/7 support | Prospecting,Skip app-hunting and start with guided setup. 24/7 support and setup tutorials included. Fast activation and clear onboarding flow. Fast setup with clear step-by-step guidance. Built for returning iptv users with a support confidence angle.,For IPTV subscriptions and streaming device bundles. 36-hour trial applies to subscription plans only.,See pricing and start today,"jailbroken fire stick, onn google tv, iptv subscription, fire stick streaming, streamstickpro",Keep pricing synchronized with live product data. Avoid mentioning buffering claims.
AD-0562,Trial-to-Paid,Email Retargeting,ONN Google TV users,device compatibility,Bring your own device or choose a bundle | Referral rewards for qualified yearly purchases | Trial-to-Paid,Bring your own device or choose a bundle. Referral rewards for qualified yearly purchases. Shipping included on device bundles. Works with IPTV Smarters Pro and TiviMate. Built for onn google tv users with a device compatibility angle.,For IPTV subscriptions and streaming device bundles. 36-hour trial applies to subscription plans only.,Claim referral rewards details,"jailbroken fire stick, onn google tv, iptv subscription, fire stick streaming, streamstickpro",Keep pricing synchronized with live product data. Avoid mentioning buffering claims.
AD-0563,Referral Push,Instagram,Lapsed subscribers,subscription flexibility,Get premium channels without cable contracts | 1-year service included on device bundles | Referral Push,"Get premium channels without cable contracts. 1-year service included on device bundles. 1-year service included on device bundles. Built for Fire Stick HD, 4K, 4K Max, and ONN devices. Built for lapsed subscribers with a subscription flexibility angle.",For IPTV subscriptions and streaming device bundles. 36-hour trial applies to subscription plans only.,Compare plans and device bundles,"jailbroken fire stick, onn google tv, iptv subscription, fire stick streaming, streamstickpro",Keep pricing synchronized with live product data. Avoid mentioning buffering claims.
AD-0564,Prospecting,TikTok,Families replacing cable,speed,Ready in about 10 minutes | Shipping included on device bundles | Prospecting,Ready in about 10 minutes. Shipping included on device bundles. Referral rewards for qualified yearly purchases. No long contracts required for subscription plans. Built for families replacing cable with a speed angle.,For IPTV subscriptions and streaming device bundles. 36-hour trial applies to subscription plans only.,Get setup support and stream tonight,"jailbroken fire stick, onn google tv, iptv subscription, fire stick streaming, streamstickpro",Keep pricing synchronized with live product data. Avoid mentioning buffering claims.
AD-0565,Trial-to-Paid,SMS Follow-up,Fire Stick users,value,Built for Fire Stick and ONN | Fast activation | Trial-to-Paid,Built for Fire Stick and ONN. Fast activation and clear onboarding flow. 24/7 support and setup tutorials included. Easy renewals and support when you need it. Built for fire stick users with a value angle.,For IPTV subscriptions and streaming device bundles. 36-hour trial applies to subscription plans only.,Reactivate your plan in minutes,"jailbroken fire stick, onn google tv, iptv subscription, fire stick streaming, streamstickpro",Keep pricing synchronized with live product data. Avoid mentioning buffering claims.
AD-0566,Referral Push,Google Search,Former trial users,setup simplicity,One app. Cleaner streaming experience | 36-hour subscription trial available | Referral Push,"One app. Cleaner streaming experience. 36-hour subscription trial available. 18,000+ live channels and 100,000+ movies & series. Built for mobile-first buying flows and quick checkout. Built for former trial users with a setup simplicity angle.",For IPTV subscriptions and streaming device bundles. 36-hour trial applies to subscription plans only.,Shop Fire Stick and ONN options,"jailbroken fire stick, onn google tv, iptv subscription, fire stick streaming, streamstickpro",Keep pricing synchronized with live product data. Avoid mentioning buffering claims.
AD-0567,Prospecting,Native Ads,Budget-conscious streamers,support confidence,Upgrade your streaming setup | Secure Stripe checkout with card + wallet options | Prospecting,Upgrade your streaming setup. Secure Stripe checkout with card + wallet options. Secure Stripe checkout with card + wallet options. Created for first-time and returning IPTV users. Built for budget-conscious streamers with a support confidence angle.,For IPTV subscriptions and streaming device bundles. 36-hour trial applies to subscription plans only.,Visit StreamStickPro now,"jailbroken fire stick, onn google tv, iptv subscription, fire stick streaming, streamstickpro",Keep pricing synchronized with live product data. Avoid mentioning buffering claims.
AD-0568,Trial-to-Paid,Facebook,Cord-cutters,device compatibility,"Stop paying cable prices | 18,000+ live channels | Trial-to-Paid","Stop paying cable prices. 18,000+ live channels and 100,000+ movies & series. 36-hour subscription trial available. Trusted by thousands of streamers. Built for cord-cutters with a device compatibility angle.",For IPTV subscriptions and streaming device bundles. 36-hour trial applies to subscription plans only.,Start your 36-hour subscription trial,"jailbroken fire stick, onn google tv, iptv subscription, fire stick streaming, streamstickpro",Keep pricing synchronized with live product data. Avoid mentioning buffering claims.
AD-0569,Referral Push,YouTube,Returning IPTV users,subscription flexibility,Skip app-hunting and start with guided setup | 24/7 support | Referral Push,Skip app-hunting and start with guided setup. 24/7 support and setup tutorials included. Fast activation and clear onboarding flow. Fast setup with clear step-by-step guidance. Built for returning iptv users with a subscription flexibility angle.,For IPTV subscriptions and streaming device bundles. 36-hour trial applies to subscription plans only.,See pricing and start today,"jailbroken fire stick, onn google tv, iptv subscription, fire stick streaming, streamstickpro",Keep pricing synchronized with live product data. Avoid mentioning buffering claims.
AD-0570,Prospecting,Email Retargeting,ONN Google TV users,speed,Bring your own device or choose a bundle | Referral rewards for qualified yearly purchases | Prospecting,Bring your own device or choose a bundle. Referral rewards for qualified yearly purchases. Shipping included on device bundles. Works with IPTV Smarters Pro and TiviMate. Built for onn google tv users with a speed angle.,For IPTV subscriptions and streaming device bundles. 36-hour trial applies to subscription plans only.,Claim referral rewards details,"jailbroken fire stick, onn google tv, iptv subscription, fire stick streaming, streamstickpro",Keep pricing synchronized with live product data. Avoid mentioning buffering claims.
AD-0571,Trial-to-Paid,Instagram,Lapsed subscribers,value,Get premium channels without cable contracts | 1-year service included on device bundles | Trial-to-Paid,"Get premium channels without cable contracts. 1-year service included on device bundles. 1-year service included on device bundles. Built for Fire Stick HD, 4K, 4K Max, and ONN devices. Built for lapsed subscribers with a value angle.",For IPTV subscriptions and streaming device bundles. 36-hour trial applies to subscription plans only.,Compare plans and device bundles,"jailbroken fire stick, onn google tv, iptv subscription, fire stick streaming, streamstickpro",Keep pricing synchronized with live product data. Avoid mentioning buffering claims.
AD-0572,Referral Push,TikTok,Families replacing cable,setup simplicity,Ready in about 10 minutes | Shipping included on device bundles | Referral Push,Ready in about 10 minutes. Shipping included on device bundles. Referral rewards for qualified yearly purchases. No long contracts required for subscription plans. Built for families replacing cable with a setup simplicity angle.,For IPTV subscriptions and streaming device bundles. 36-hour trial applies to subscription plans only.,Get setup support and stream tonight,"jailbroken fire stick, onn google tv, iptv subscription, fire stick streaming, streamstickpro",Keep pricing synchronized with live product data. Avoid mentioning buffering claims.
AD-0573,Prospecting,SMS Follow-up,Fire Stick users,support confidence,Built for Fire Stick and ONN | Fast activation | Prospecting,Built for Fire Stick and ONN. Fast activation and clear onboarding flow. 24/7 support and setup tutorials included. Easy renewals and support when you need it. Built for fire stick users with a support confidence angle.,For IPTV subscriptions and streaming device bundles. 36-hour trial applies to subscription plans only.,Reactivate your plan in minutes,"jailbroken fire stick, onn google tv, iptv subscription, fire stick streaming, streamstickpro",Keep pricing synchronized with live product data. Avoid mentioning buffering claims.
AD-0574,Trial-to-Paid,Google Search,Former trial users,device compatibility,One app. Cleaner streaming experience | 36-hour subscription trial available | Trial-to-Paid,"One app. Cleaner streaming experience. 36-hour subscription trial available. 18,000+ live channels and 100,000+ movies & series. Built for mobile-first buying flows and quick checkout. Built for former trial users with a device compatibility angle.",For IPTV subscriptions and streaming device bundles. 36-hour trial applies to subscription plans only.,Shop Fire Stick and ONN options,"jailbroken fire stick, onn google tv, iptv subscription, fire stick streaming, streamstickpro",Keep pricing synchronized with live product data. Avoid mentioning buffering claims.
AD-0575,Referral Push,Native Ads,Budget-conscious streamers,subscription flexibility,Upgrade your streaming setup | Secure Stripe checkout with card + wallet options | Referral Push,Upgrade your streaming setup. Secure Stripe checkout with card + wallet options. Secure Stripe checkout with card + wallet options. Created for first-time and returning IPTV users. Built for budget-conscious streamers with a subscription flexibility angle.,For IPTV subscriptions and streaming device bundles. 36-hour trial applies to subscription plans only.,Visit StreamStickPro now,"jailbroken fire stick, onn google tv, iptv subscription, fire stick streaming, streamstickpro",Keep pricing synchronized with live product data. Avoid mentioning buffering claims.
AD-0576,Prospecting,Facebook,Cord-cutters,speed,"Stop paying cable prices | 18,000+ live channels | Prospecting","Stop paying cable prices. 18,000+ live channels and 100,000+ movies & series. 36-hour subscription trial available. Trusted by thousands of streamers. Built for cord-cutters with a speed angle.",For IPTV subscriptions and streaming device bundles. 36-hour trial applies to subscription plans only.,Start your 36-hour subscription trial,"jailbroken fire stick, onn google tv, iptv subscription, fire stick streaming, streamstickpro",Keep pricing synchronized with live product data. Avoid mentioning buffering claims.
AD-0577,Trial-to-Paid,YouTube,Returning IPTV users,value,Skip app-hunting and start with guided setup | 24/7 support | Trial-to-Paid,Skip app-hunting and start with guided setup. 24/7 support and setup tutorials included. Fast activation and clear onboarding flow. Fast setup with clear step-by-step guidance. Built for returning iptv users with a value angle.,For IPTV subscriptions and streaming device bundles. 36-hour trial applies to subscription plans only.,See pricing and start today,"jailbroken fire stick, onn google tv, iptv subscription, fire stick streaming, streamstickpro",Keep pricing synchronized with live product data. Avoid mentioning buffering claims.
AD-0578,Referral Push,Email Retargeting,ONN Google TV users,setup simplicity,Bring your own device or choose a bundle | Referral rewards for qualified yearly purchases | Referral Push,Bring your own device or choose a bundle. Referral rewards for qualified yearly purchases. Shipping included on device bundles. Works with IPTV Smarters Pro and TiviMate. Built for onn google tv users with a setup simplicity angle.,For IPTV subscriptions and streaming device bundles. 36-hour trial applies to subscription plans only.,Claim referral rewards details,"jailbroken fire stick, onn google tv, iptv subscription, fire stick streaming, streamstickpro",Keep pricing synchronized with live product data. Avoid mentioning buffering claims.
AD-0579,Prospecting,Instagram,Lapsed subscribers,support confidence,Get premium channels without cable contracts | 1-year service included on device bundles | Prospecting,"Get premium channels without cable contracts. 1-year service included on device bundles. 1-year service included on device bundles. Built for Fire Stick HD, 4K, 4K Max, and ONN devices. Built for lapsed subscribers with a support confidence angle.",For IPTV subscriptions and streaming device bundles. 36-hour trial applies to subscription plans only.,Compare plans and device bundles,"jailbroken fire stick, onn google tv, iptv subscription, fire stick streaming, streamstickpro",Keep pricing synchronized with live product data. Avoid mentioning buffering claims.
AD-0580,Trial-to-Paid,TikTok,Families replacing cable,device compatibility,Ready in about 10 minutes | Shipping included on device bundles | Trial-to-Paid,Ready in about 10 minutes. Shipping included on device bundles. Referral rewards for qualified yearly purchases. No long contracts required for subscription plans. Built for families replacing cable with a device compatibility angle.,For IPTV subscriptions and streaming device bundles. 36-hour trial applies to subscription plans only.,Get setup support and stream tonight,"jailbroken fire stick, onn google tv, iptv subscription, fire stick streaming, streamstickpro",Keep pricing synchronized with live product data. Avoid mentioning buffering claims.
AD-0581,Referral Push,SMS Follow-up,Fire Stick users,subscription flexibility,Built for Fire Stick and ONN | Fast activation | Referral Push,Built for Fire Stick and ONN. Fast activation and clear onboarding flow. 24/7 support and setup tutorials included. Easy renewals and support when you need it. Built for fire stick users with a subscription flexibility angle.,For IPTV subscriptions and streaming device bundles. 36-hour trial applies to subscription plans only.,Reactivate your plan in minutes,"jailbroken fire stick, onn google tv, iptv subscription, fire stick streaming, streamstickpro",Keep pricing synchronized with live product data. Avoid mentioning buffering claims.
AD-0582,Prospecting,Google Search,Former trial users,speed,One app. Cleaner streaming experience | 36-hour subscription trial available | Prospecting,"One app. Cleaner streaming experience. 36-hour subscription trial available. 18,000+ live channels and 100,000+ movies & series. Built for mobile-first buying flows and quick checkout. Built for former trial users with a speed angle.",For IPTV subscriptions and streaming device bundles. 36-hour trial applies to subscription plans only.,Shop Fire Stick and ONN options,"jailbroken fire stick, onn google tv, iptv subscription, fire stick streaming, streamstickpro",Keep pricing synchronized with live product data. Avoid mentioning buffering claims.
AD-0583,Trial-to-Paid,Native Ads,Budget-conscious streamers,value,Upgrade your streaming setup | Secure Stripe checkout with card + wallet options | Trial-to-Paid,Upgrade your streaming setup. Secure Stripe checkout with card + wallet options. Secure Stripe checkout with card + wallet options. Created for first-time and returning IPTV users. Built for budget-conscious streamers with a value angle.,For IPTV subscriptions and streaming device bundles. 36-hour trial applies to subscription plans only.,Visit StreamStickPro now,"jailbroken fire stick, onn google tv, iptv subscription, fire stick streaming, streamstickpro",Keep pricing synchronized with live product data. Avoid mentioning buffering claims.
AD-0584,Referral Push,Facebook,Cord-cutters,setup simplicity,"Stop paying cable prices | 18,000+ live channels | Referral Push","Stop paying cable prices. 18,000+ live channels and 100,000+ movies & series. 36-hour subscription trial available. Trusted by thousands of streamers. Built for cord-cutters with a setup simplicity angle.",For IPTV subscriptions and streaming device bundles. 36-hour trial applies to subscription plans only.,Start your 36-hour subscription trial,"jailbroken fire stick, onn google tv, iptv subscription, fire stick streaming, streamstickpro",Keep pricing synchronized with live product data. Avoid mentioning buffering claims.
AD-0585,Prospecting,YouTube,Returning IPTV users,support confidence,Skip app-hunting and start with guided setup | 24/7 support | Prospecting,Skip app-hunting and start with guided setup. 24/7 support and setup tutorials included. Fast activation and clear onboarding flow. Fast setup with clear step-by-step guidance. Built for returning iptv users with a support confidence angle.,For IPTV subscriptions and streaming device bundles. 36-hour trial applies to subscription plans only.,See pricing and start today,"jailbroken fire stick, onn google tv, iptv subscription, fire stick streaming, streamstickpro",Keep pricing synchronized with live product data. Avoid mentioning buffering claims.
AD-0586,Trial-to-Paid,Email Retargeting,ONN Google TV users,device compatibility,Bring your own device or choose a bundle | Referral rewards for qualified yearly purchases | Trial-to-Paid,Bring your own device or choose a bundle. Referral rewards for qualified yearly purchases. Shipping included on device bundles. Works with IPTV Smarters Pro and TiviMate. Built for onn google tv users with a device compatibility angle.,For IPTV subscriptions and streaming device bundles. 36-hour trial applies to subscription plans only.,Claim referral rewards details,"jailbroken fire stick, onn google tv, iptv subscription, fire stick streaming, streamstickpro",Keep pricing synchronized with live product data. Avoid mentioning buffering claims.
AD-0587,Referral Push,Instagram,Lapsed subscribers,subscription flexibility,Get premium channels without cable contracts | 1-year service included on device bundles | Referral Push,"Get premium channels without cable contracts. 1-year service included on device bundles. 1-year service included on device bundles. Built for Fire Stick HD, 4K, 4K Max, and ONN devices. Built for lapsed subscribers with a subscription flexibility angle.",For IPTV subscriptions and streaming device bundles. 36-hour trial applies to subscription plans only.,Compare plans and device bundles,"jailbroken fire stick, onn google tv, iptv subscription, fire stick streaming, streamstickpro",Keep pricing synchronized with live product data. Avoid mentioning buffering claims.
AD-0588,Prospecting,TikTok,Families replacing cable,speed,Ready in about 10 minutes | Shipping included on device bundles | Prospecting,Ready in about 10 minutes. Shipping included on device bundles. Referral rewards for qualified yearly purchases. No long contracts required for subscription plans. Built for families replacing cable with a speed angle.,For IPTV subscriptions and streaming device bundles. 36-hour trial applies to subscription plans only.,Get setup support and stream tonight,"jailbroken fire stick, onn google tv, iptv subscription, fire stick streaming, streamstickpro",Keep pricing synchronized with live product data. Avoid mentioning buffering claims.
AD-0589,Trial-to-Paid,SMS Follow-up,Fire Stick users,value,Built for Fire Stick and ONN | Fast activation | Trial-to-Paid,Built for Fire Stick and ONN. Fast activation and clear onboarding flow. 24/7 support and setup tutorials included. Easy renewals and support when you need it. Built for fire stick users with a value angle.,For IPTV subscriptions and streaming device bundles. 36-hour trial applies to subscription plans only.,Reactivate your plan in minutes,"jailbroken fire stick, onn google tv, iptv subscription, fire stick streaming, streamstickpro",Keep pricing synchronized with live product data. Avoid mentioning buffering claims.
AD-0590,Referral Push,Google Search,Former trial users,setup simplicity,One app. Cleaner streaming experience | 36-hour subscription trial available | Referral Push,"One app. Cleaner streaming experience. 36-hour subscription trial available. 18,000+ live channels and 100,000+ movies & series. Built for mobile-first buying flows and quick checkout. Built for former trial users with a setup simplicity angle.",For IPTV subscriptions and streaming device bundles. 36-hour trial applies to subscription plans only.,Shop Fire Stick and ONN options,"jailbroken fire stick, onn google tv, iptv subscription, fire stick streaming, streamstickpro",Keep pricing synchronized with live product data. Avoid mentioning buffering claims.
AD-0591,Prospecting,Native Ads,Budget-conscious streamers,support confidence,Upgrade your streaming setup | Secure Stripe checkout with card + wallet options | Prospecting,Upgrade your streaming setup. Secure Stripe checkout with card + wallet options. Secure Stripe checkout with card + wallet options. Created for first-time and returning IPTV users. Built for budget-conscious streamers with a support confidence angle.,For IPTV subscriptions and streaming device bundles. 36-hour trial applies to subscription plans only.,Visit StreamStickPro now,"jailbroken fire stick, onn google tv, iptv subscription, fire stick streaming, streamstickpro",Keep pricing synchronized with live product data. Avoid mentioning buffering claims.
AD-0592,Trial-to-Paid,Facebook,Cord-cutters,device compatibility,"Stop paying cable prices | 18,000+ live channels | Trial-to-Paid","Stop paying cable prices. 18,000+ live channels and 100,000+ movies & series. 36-hour subscription trial available. Trusted by thousands of streamers. Built for cord-cutters with a device compatibility angle.",For IPTV subscriptions and streaming device bundles. 36-hour trial applies to subscription plans only.,Start your 36-hour subscription trial,"jailbroken fire stick, onn google tv, iptv subscription, fire stick streaming, streamstickpro",Keep pricing synchronized with live product data. Avoid mentioning buffering claims.
AD-0593,Referral Push,YouTube,Returning IPTV users,subscription flexibility,Skip app-hunting and start with guided setup | 24/7 support | Referral Push,Skip app-hunting and start with guided setup. 24/7 support and setup tutorials included. Fast activation and clear onboarding flow. Fast setup with clear step-by-step guidance. Built for returning iptv users with a subscription flexibility angle.,For IPTV subscriptions and streaming device bundles. 36-hour trial applies to subscription plans only.,See pricing and start today,"jailbroken fire stick, onn google tv, iptv subscription, fire stick streaming, streamstickpro",Keep pricing synchronized with live product data. Avoid mentioning buffering claims.
AD-0594,Prospecting,Email Retargeting,ONN Google TV users,speed,Bring your own device or choose a bundle | Referral rewards for qualified yearly purchases | Prospecting,Bring your own device or choose a bundle. Referral rewards for qualified yearly purchases. Shipping included on device bundles. Works with IPTV Smarters Pro and TiviMate. Built for onn google tv users with a speed angle.,For IPTV subscriptions and streaming device bundles. 36-hour trial applies to subscription plans only.,Claim referral rewards details,"jailbroken fire stick, onn google tv, iptv subscription, fire stick streaming, streamstickpro",Keep pricing synchronized with live product data. Avoid mentioning buffering claims.
AD-0595,Trial-to-Paid,Instagram,Lapsed subscribers,value,Get premium channels without cable contracts | 1-year service included on device bundles | Trial-to-Paid,"Get premium channels without cable contracts. 1-year service included on device bundles. 1-year service included on device bundles. Built for Fire Stick HD, 4K, 4K Max, and ONN devices. Built for lapsed subscribers with a value angle.",For IPTV subscriptions and streaming device bundles. 36-hour trial applies to subscription plans only.,Compare plans and device bundles,"jailbroken fire stick, onn google tv, iptv subscription, fire stick streaming, streamstickpro",Keep pricing synchronized with live product data. Avoid mentioning buffering claims.
AD-0596,Referral Push,TikTok,Families replacing cable,setup simplicity,Ready in about 10 minutes | Shipping included on device bundles | Referral Push,Ready in about 10 minutes. Shipping included on device bundles. Referral rewards for qualified yearly purchases. No long contracts required for subscription plans. Built for families replacing cable with a setup simplicity angle.,For IPTV subscriptions and streaming device bundles. 36-hour trial applies to subscription plans only.,Get setup support and stream tonight,"jailbroken fire stick, onn google tv, iptv subscription, fire stick streaming, streamstickpro",Keep pricing synchronized with live product data. Avoid mentioning buffering claims.
AD-0597,Prospecting,SMS Follow-up,Fire Stick users,support confidence,Built for Fire Stick and ONN | Fast activation | Prospecting,Built for Fire Stick and ONN. Fast activation and clear onboarding flow. 24/7 support and setup tutorials included. Easy renewals and support when you need it. Built for fire stick users with a support confidence angle.,For IPTV subscriptions and streaming device bundles. 36-hour trial applies to subscription plans only.,Reactivate your plan in minutes,"jailbroken fire stick, onn google tv, iptv subscription, fire stick streaming, streamstickpro",Keep pricing synchronized with live product data. Avoid mentioning buffering claims.
AD-0598,Trial-to-Paid,Google Search,Former trial users,device compatibility,One app. Cleaner streaming experience | 36-hour subscription trial available | Trial-to-Paid,"One app. Cleaner streaming experience. 36-hour subscription trial available. 18,000+ live channels and 100,000+ movies & series. Built for mobile-first buying flows and quick checkout. Built for former trial users with a device compatibility angle.",For IPTV subscriptions and streaming device bundles. 36-hour trial applies to subscription plans only.,Shop Fire Stick and ONN options,"jailbroken fire stick, onn google tv, iptv subscription, fire stick streaming, streamstickpro",Keep pricing synchronized with live product data. Avoid mentioning buffering claims.
AD-0599,Referral Push,Native Ads,Budget-conscious streamers,subscription flexibility,Upgrade your streaming setup | Secure Stripe checkout with card + wallet options | Referral Push,Upgrade your streaming setup. Secure Stripe checkout with card + wallet options. Secure Stripe checkout with card + wallet options. Created for first-time and returning IPTV users. Built for budget-conscious streamers with a subscription flexibility angle.,For IPTV subscriptions and streaming device bundles. 36-hour trial applies to subscription plans only.,Visit StreamStickPro now,"jailbroken fire stick, onn google tv, iptv subscription, fire stick streaming, streamstickpro",Keep pricing synchronized with live product data. Avoid mentioning buffering claims.
AD-0600,Prospecting,Facebook,Cord-cutters,speed,"Stop paying cable prices | 18,000+ live channels | Prospecting","Stop paying cable prices. 18,000+ live channels and 100,000+ movies & series. 36-hour subscription trial available. Trusted by thousands of streamers. Built for cord-cutters with a speed angle.",For IPTV subscriptions and streaming device bundles. 36-hour trial applies to subscription plans only.,Start your 36-hour subscription trial,"jailbroken fire stick, onn google tv, iptv subscription, fire stick streaming, streamstickpro",Keep pricing synchronized with live product data. Avoid mentioning buffering claims.
