ad_id,channel,audience,headline,primary_text,description,cta,keywords,notes
AD-0001,YouTube,Returning IPTV users,Upgrade your streaming setup | Secure Stripe checkout with card + wallet options,Upgrade your streaming setup. Secure Stripe checkout with card + wallet options. 24/7 support and setup tutorials included. Easy renewals and support when you need it.,For IPTV subscriptions and streaming device bundles. 36-hour trial applies to subscription plans only.,Compare plans and device bundles,"jailbroken fire stick, onn google tv, iptv subscription, fire stick streaming, streamstickpro",Keep pricing synchronized with live product data. Avoid mentioning buffering claims.
AD-0002,Facebook,Families replacing cable,One app. Cleaner streaming experience | Shipping included on device bundles,One app. Cleaner streaming experience. Shipping included on device bundles. Shipping included on device bundles. No long contracts required for subscription plans.,For IPTV subscriptions and streaming device bundles. 36-hour trial applies to subscription plans only.,Shop Fire Stick and ONN options,"jailbroken fire stick, onn google tv, iptv subscription, fire stick streaming, streamstickpro",Keep pricing synchronized with live product data. Avoid mentioning buffering claims.
AD-0003,YouTube,Budget-conscious streamers,Built for Fire Stick and ONN | 24/7 support,"Built for Fire Stick and ONN. 24/7 support and setup tutorials included. Secure Stripe checkout with card + wallet options. Built for Fire Stick HD, 4K, 4K Max, and ONN devices.",For IPTV subscriptions and streaming device bundles. 36-hour trial applies to subscription plans only.,See pricing and start today,"jailbroken fire stick, onn google tv, iptv subscription, fire stick streaming, streamstickpro",Keep pricing synchronized with live product data. Avoid mentioning buffering claims.
AD-0004,Facebook,ONN Google TV users,Ready in about 10 minutes | 36-hour subscription trial available,"Ready in about 10 minutes. 36-hour subscription trial available. 18,000+ live channels and 100,000+ movies & series. Works with IPTV Smarters Pro and TiviMate.",For IPTV subscriptions and streaming device bundles. 36-hour trial applies to subscription plans only.,Get setup support and stream tonight,"jailbroken fire stick, onn google tv, iptv subscription, fire stick streaming, streamstickpro",Keep pricing synchronized with live product data. Avoid mentioning buffering claims.
AD-0005,YouTube,Fire Stick users,Get premium channels without cable contracts | 1-year service included on device bundles,Get premium channels without cable contracts. 1-year service included on device bundles. 1-year service included on device bundles. Fast setup with clear step-by-step guidance.,For IPTV subscriptions and streaming device bundles. 36-hour trial applies to subscription plans only.,Visit StreamStickPro now,"jailbroken fire stick, onn google tv, iptv subscription, fire stick streaming, streamstickpro",Keep pricing synchronized with live product data. Avoid mentioning buffering claims.
AD-0006,Facebook,Cord-cutters,"Stop paying cable prices | 18,000+ live channels","Stop paying cable prices. 18,000+ live channels and 100,000+ movies & series. 36-hour subscription trial available. Trusted by thousands of streamers.",For IPTV subscriptions and streaming device bundles. 36-hour trial applies to subscription plans only.,Start your 36-hour subscription trial,"jailbroken fire stick, onn google tv, iptv subscription, fire stick streaming, streamstickpro",Keep pricing synchronized with live product data. Avoid mentioning buffering claims.
AD-0007,YouTube,Returning IPTV users,Upgrade your streaming setup | Secure Stripe checkout with card + wallet options,Upgrade your streaming setup. Secure Stripe checkout with card + wallet options. 24/7 support and setup tutorials included. Easy renewals and support when you need it.,For IPTV subscriptions and streaming device bundles. 36-hour trial applies to subscription plans only.,Compare plans and device bundles,"jailbroken fire stick, onn google tv, iptv subscription, fire stick streaming, streamstickpro",Keep pricing synchronized with live product data. Avoid mentioning buffering claims.
AD-0008,Facebook,Families replacing cable,One app. Cleaner streaming experience | Shipping included on device bundles,One app. Cleaner streaming experience. Shipping included on device bundles. Shipping included on device bundles. No long contracts required for subscription plans.,For IPTV subscriptions and streaming device bundles. 36-hour trial applies to subscription plans only.,Shop Fire Stick and ONN options,"jailbroken fire stick, onn google tv, iptv subscription, fire stick streaming, streamstickpro",Keep pricing synchronized with live product data. Avoid mentioning buffering claims.
AD-0009,YouTube,Budget-conscious streamers,Built for Fire Stick and ONN | 24/7 support,"Built for Fire Stick and ONN. 24/7 support and setup tutorials included. Secure Stripe checkout with card + wallet options. Built for Fire Stick HD, 4K, 4K Max, and ONN devices.",For IPTV subscriptions and streaming device bundles. 36-hour trial applies to subscription plans only.,See pricing and start today,"jailbroken fire stick, onn google tv, iptv subscription, fire stick streaming, streamstickpro",Keep pricing synchronized with live product data. Avoid mentioning buffering claims.
AD-0010,Facebook,ONN Google TV users,Ready in about 10 minutes | 36-hour subscription trial available,"Ready in about 10 minutes. 36-hour subscription trial available. 18,000+ live channels and 100,000+ movies & series. Works with IPTV Smarters Pro and TiviMate.",For IPTV subscriptions and streaming device bundles. 36-hour trial applies to subscription plans only.,Get setup support and stream tonight,"jailbroken fire stick, onn google tv, iptv subscription, fire stick streaming, streamstickpro",Keep pricing synchronized with live product data. Avoid mentioning buffering claims.
AD-0011,YouTube,Fire Stick users,Get premium channels without cable contracts | 1-year service included on device bundles,Get premium channels without cable contracts. 1-year service included on device bundles. 1-year service included on device bundles. Fast setup with clear step-by-step guidance.,For IPTV subscriptions and streaming device bundles. 36-hour trial applies to subscription plans only.,Visit StreamStickPro now,"jailbroken fire stick, onn google tv, iptv subscription, fire stick streaming, streamstickpro",Keep pricing synchronized with live product data. Avoid mentioning buffering claims.
AD-0012,Facebook,Cord-cutters,"Stop paying cable prices | 18,000+ live channels","Stop paying cable prices. 18,000+ live channels and 100,000+ movies & series. 36-hour subscription trial available. Trusted by thousands of streamers.",For IPTV subscriptions and streaming device bundles. 36-hour trial applies to subscription plans only.,Start your 36-hour subscription trial,"jailbroken fire stick, onn google tv, iptv subscription, fire stick streaming, streamstickpro",Keep pricing synchronized with live product data. Avoid mentioning buffering claims.
AD-0013,YouTube,Returning IPTV users,Upgrade your streaming setup | Secure Stripe checkout with card + wallet options,Upgrade your streaming setup. Secure Stripe checkout with card + wallet options. 24/7 support and setup tutorials included. Easy renewals and support when you need it.,For IPTV subscriptions and streaming device bundles. 36-hour trial applies to subscription plans only.,Compare plans and device bundles,"jailbroken fire stick, onn google tv, iptv subscription, fire stick streaming, streamstickpro",Keep pricing synchronized with live product data. Avoid mentioning buffering claims.
AD-0014,Facebook,Families replacing cable,One app. Cleaner streaming experience | Shipping included on device bundles,One app. Cleaner streaming experience. Shipping included on device bundles. Shipping included on device bundles. No long contracts required for subscription plans.,For IPTV subscriptions and streaming device bundles. 36-hour trial applies to subscription plans only.,Shop Fire Stick and ONN options,"jailbroken fire stick, onn google tv, iptv subscription, fire stick streaming, streamstickpro",Keep pricing synchronized with live product data. Avoid mentioning buffering claims.
AD-0015,YouTube,Budget-conscious streamers,Built for Fire Stick and ONN | 24/7 support,"Built for Fire Stick and ONN. 24/7 support and setup tutorials included. Secure Stripe checkout with card + wallet options. Built for Fire Stick HD, 4K, 4K Max, and ONN devices.",For IPTV subscriptions and streaming device bundles. 36-hour trial applies to subscription plans only.,See pricing and start today,"jailbroken fire stick, onn google tv, iptv subscription, fire stick streaming, streamstickpro",Keep pricing synchronized with live product data. Avoid mentioning buffering claims.
AD-0016,Facebook,ONN Google TV users,Ready in about 10 minutes | 36-hour subscription trial available,"Ready in about 10 minutes. 36-hour subscription trial available. 18,000+ live channels and 100,000+ movies & series. Works with IPTV Smarters Pro and TiviMate.",For IPTV subscriptions and streaming device bundles. 36-hour trial applies to subscription plans only.,Get setup support and stream tonight,"jailbroken fire stick, onn google tv, iptv subscription, fire stick streaming, streamstickpro",Keep pricing synchronized with live product data. Avoid mentioning buffering claims.
AD-0017,YouTube,Fire Stick users,Get premium channels without cable contracts | 1-year service included on device bundles,Get premium channels without cable contracts. 1-year service included on device bundles. 1-year service included on device bundles. Fast setup with clear step-by-step guidance.,For IPTV subscriptions and streaming device bundles. 36-hour trial applies to subscription plans only.,Visit StreamStickPro now,"jailbroken fire stick, onn google tv, iptv subscription, fire stick streaming, streamstickpro",Keep pricing synchronized with live product data. Avoid mentioning buffering claims.
AD-0018,Facebook,Cord-cutters,"Stop paying cable prices | 18,000+ live channels","Stop paying cable prices. 18,000+ live channels and 100,000+ movies & series. 36-hour subscription trial available. Trusted by thousands of streamers.",For IPTV subscriptions and streaming device bundles. 36-hour trial applies to subscription plans only.,Start your 36-hour subscription trial,"jailbroken fire stick, onn google tv, iptv subscription, fire stick streaming, streamstickpro",Keep pricing synchronized with live product data. Avoid mentioning buffering claims.
AD-0019,YouTube,Returning IPTV users,Upgrade your streaming setup | Secure Stripe checkout with card + wallet options,Upgrade your streaming setup. Secure Stripe checkout with card + wallet options. 24/7 support and setup tutorials included. Easy renewals and support when you need it.,For IPTV subscriptions and streaming device bundles. 36-hour trial applies to subscription plans only.,Compare plans and device bundles,"jailbroken fire stick, onn google tv, iptv subscription, fire stick streaming, streamstickpro",Keep pricing synchronized with live product data. Avoid mentioning buffering claims.
AD-0020,Facebook,Families replacing cable,One app. Cleaner streaming experience | Shipping included on device bundles,One app. Cleaner streaming experience. Shipping included on device bundles. Shipping included on device bundles. No long contracts required for subscription plans.,For IPTV subscriptions and streaming device bundles. 36-hour trial applies to subscription plans only.,Shop Fire Stick and ONN options,"jailbroken fire stick, onn google tv, iptv subscription, fire stick streaming, streamstickpro",Keep pricing synchronized with live product data. Avoid mentioning buffering claims.
AD-0021,YouTube,Budget-conscious streamers,Built for Fire Stick and ONN | 24/7 support,"Built for Fire Stick and ONN. 24/7 support and setup tutorials included. Secure Stripe checkout with card + wallet options. Built for Fire Stick HD, 4K, 4K Max, and ONN devices.",For IPTV subscriptions and streaming device bundles. 36-hour trial applies to subscription plans only.,See pricing and start today,"jailbroken fire stick, onn google tv, iptv subscription, fire stick streaming, streamstickpro",Keep pricing synchronized with live product data. Avoid mentioning buffering claims.
AD-0022,Facebook,ONN Google TV users,Ready in about 10 minutes | 36-hour subscription trial available,"Ready in about 10 minutes. 36-hour subscription trial available. 18,000+ live channels and 100,000+ movies & series. Works with IPTV Smarters Pro and TiviMate.",For IPTV subscriptions and streaming device bundles. 36-hour trial applies to subscription plans only.,Get setup support and stream tonight,"jailbroken fire stick, onn google tv, iptv subscription, fire stick streaming, streamstickpro",Keep pricing synchronized with live product data. Avoid mentioning buffering claims.
AD-0023,YouTube,Fire Stick users,Get premium channels without cable contracts | 1-year service included on device bundles,Get premium channels without cable contracts. 1-year service included on device bundles. 1-year service included on device bundles. Fast setup with clear step-by-step guidance.,For IPTV subscriptions and streaming device bundles. 36-hour trial applies to subscription plans only.,Visit StreamStickPro now,"jailbroken fire stick, onn google tv, iptv subscription, fire stick streaming, streamstickpro",Keep pricing synchronized with live product data. Avoid mentioning buffering claims.
AD-0024,Facebook,Cord-cutters,"Stop paying cable prices | 18,000+ live channels","Stop paying cable prices. 18,000+ live channels and 100,000+ movies & series. 36-hour subscription trial available. Trusted by thousands of streamers.",For IPTV subscriptions and streaming device bundles. 36-hour trial applies to subscription plans only.,Start your 36-hour subscription trial,"jailbroken fire stick, onn google tv, iptv subscription, fire stick streaming, streamstickpro",Keep pricing synchronized with live product data. Avoid mentioning buffering claims.
AD-0025,YouTube,Returning IPTV users,Upgrade your streaming setup | Secure Stripe checkout with card + wallet options,Upgrade your streaming setup. Secure Stripe checkout with card + wallet options. 24/7 support and setup tutorials included. Easy renewals and support when you need it.,For IPTV subscriptions and streaming device bundles. 36-hour trial applies to subscription plans only.,Compare plans and device bundles,"jailbroken fire stick, onn google tv, iptv subscription, fire stick streaming, streamstickpro",Keep pricing synchronized with live product data. Avoid mentioning buffering claims.
AD-0026,Facebook,Families replacing cable,One app. Cleaner streaming experience | Shipping included on device bundles,One app. Cleaner streaming experience. Shipping included on device bundles. Shipping included on device bundles. No long contracts required for subscription plans.,For IPTV subscriptions and streaming device bundles. 36-hour trial applies to subscription plans only.,Shop Fire Stick and ONN options,"jailbroken fire stick, onn google tv, iptv subscription, fire stick streaming, streamstickpro",Keep pricing synchronized with live product data. Avoid mentioning buffering claims.
AD-0027,YouTube,Budget-conscious streamers,Built for Fire Stick and ONN | 24/7 support,"Built for Fire Stick and ONN. 24/7 support and setup tutorials included. Secure Stripe checkout with card + wallet options. Built for Fire Stick HD, 4K, 4K Max, and ONN devices.",For IPTV subscriptions and streaming device bundles. 36-hour trial applies to subscription plans only.,See pricing and start today,"jailbroken fire stick, onn google tv, iptv subscription, fire stick streaming, streamstickpro",Keep pricing synchronized with live product data. Avoid mentioning buffering claims.
AD-0028,Facebook,ONN Google TV users,Ready in about 10 minutes | 36-hour subscription trial available,"Ready in about 10 minutes. 36-hour subscription trial available. 18,000+ live channels and 100,000+ movies & series. Works with IPTV Smarters Pro and TiviMate.",For IPTV subscriptions and streaming device bundles. 36-hour trial applies to subscription plans only.,Get setup support and stream tonight,"jailbroken fire stick, onn google tv, iptv subscription, fire stick streaming, streamstickpro",Keep pricing synchronized with live product data. Avoid mentioning buffering claims.
AD-0029,YouTube,Fire Stick users,Get premium channels without cable contracts | 1-year service included on device bundles,Get premium channels without cable contracts. 1-year service included on device bundles. 1-year service included on device bundles. Fast setup with clear step-by-step guidance.,For IPTV subscriptions and streaming device bundles. 36-hour trial applies to subscription plans only.,Visit StreamStickPro now,"jailbroken fire stick, onn google tv, iptv subscription, fire stick streaming, streamstickpro",Keep pricing synchronized with live product data. Avoid mentioning buffering claims.
AD-0030,Facebook,Cord-cutters,"Stop paying cable prices | 18,000+ live channels","Stop paying cable prices. 18,000+ live channels and 100,000+ movies & series. 36-hour subscription trial available. Trusted by thousands of streamers.",For IPTV subscriptions and streaming device bundles. 36-hour trial applies to subscription plans only.,Start your 36-hour subscription trial,"jailbroken fire stick, onn google tv, iptv subscription, fire stick streaming, streamstickpro",Keep pricing synchronized with live product data. Avoid mentioning buffering claims.
AD-0031,YouTube,Returning IPTV users,Upgrade your streaming setup | Secure Stripe checkout with card + wallet options,Upgrade your streaming setup. Secure Stripe checkout with card + wallet options. 24/7 support and setup tutorials included. Easy renewals and support when you need it.,For IPTV subscriptions and streaming device bundles. 36-hour trial applies to subscription plans only.,Compare plans and device bundles,"jailbroken fire stick, onn google tv, iptv subscription, fire stick streaming, streamstickpro",Keep pricing synchronized with live product data. Avoid mentioning buffering claims.
AD-0032,Facebook,Families replacing cable,One app. Cleaner streaming experience | Shipping included on device bundles,One app. Cleaner streaming experience. Shipping included on device bundles. Shipping included on device bundles. No long contracts required for subscription plans.,For IPTV subscriptions and streaming device bundles. 36-hour trial applies to subscription plans only.,Shop Fire Stick and ONN options,"jailbroken fire stick, onn google tv, iptv subscription, fire stick streaming, streamstickpro",Keep pricing synchronized with live product data. Avoid mentioning buffering claims.
AD-0033,YouTube,Budget-conscious streamers,Built for Fire Stick and ONN | 24/7 support,"Built for Fire Stick and ONN. 24/7 support and setup tutorials included. Secure Stripe checkout with card + wallet options. Built for Fire Stick HD, 4K, 4K Max, and ONN devices.",For IPTV subscriptions and streaming device bundles. 36-hour trial applies to subscription plans only.,See pricing and start today,"jailbroken fire stick, onn google tv, iptv subscription, fire stick streaming, streamstickpro",Keep pricing synchronized with live product data. Avoid mentioning buffering claims.
AD-0034,Facebook,ONN Google TV users,Ready in about 10 minutes | 36-hour subscription trial available,"Ready in about 10 minutes. 36-hour subscription trial available. 18,000+ live channels and 100,000+ movies & series. Works with IPTV Smarters Pro and TiviMate.",For IPTV subscriptions and streaming device bundles. 36-hour trial applies to subscription plans only.,Get setup support and stream tonight,"jailbroken fire stick, onn google tv, iptv subscription, fire stick streaming, streamstickpro",Keep pricing synchronized with live product data. Avoid mentioning buffering claims.
AD-0035,YouTube,Fire Stick users,Get premium channels without cable contracts | 1-year service included on device bundles,Get premium channels without cable contracts. 1-year service included on device bundles. 1-year service included on device bundles. Fast setup with clear step-by-step guidance.,For IPTV subscriptions and streaming device bundles. 36-hour trial applies to subscription plans only.,Visit StreamStickPro now,"jailbroken fire stick, onn google tv, iptv subscription, fire stick streaming, streamstickpro",Keep pricing synchronized with live product data. Avoid mentioning buffering claims.
AD-0036,Facebook,Cord-cutters,"Stop paying cable prices | 18,000+ live channels","Stop paying cable prices. 18,000+ live channels and 100,000+ movies & series. 36-hour subscription trial available. Trusted by thousands of streamers.",For IPTV subscriptions and streaming device bundles. 36-hour trial applies to subscription plans only.,Start your 36-hour subscription trial,"jailbroken fire stick, onn google tv, iptv subscription, fire stick streaming, streamstickpro",Keep pricing synchronized with live product data. Avoid mentioning buffering claims.
AD-0037,YouTube,Returning IPTV users,Upgrade your streaming setup | Secure Stripe checkout with card + wallet options,Upgrade your streaming setup. Secure Stripe checkout with card + wallet options. 24/7 support and setup tutorials included. Easy renewals and support when you need it.,For IPTV subscriptions and streaming device bundles. 36-hour trial applies to subscription plans only.,Compare plans and device bundles,"jailbroken fire stick, onn google tv, iptv subscription, fire stick streaming, streamstickpro",Keep pricing synchronized with live product data. Avoid mentioning buffering claims.
AD-0038,Facebook,Families replacing cable,One app. Cleaner streaming experience | Shipping included on device bundles,One app. Cleaner streaming experience. Shipping included on device bundles. Shipping included on device bundles. No long contracts required for subscription plans.,For IPTV subscriptions and streaming device bundles. 36-hour trial applies to subscription plans only.,Shop Fire Stick and ONN options,"jailbroken fire stick, onn google tv, iptv subscription, fire stick streaming, streamstickpro",Keep pricing synchronized with live product data. Avoid mentioning buffering claims.
AD-0039,YouTube,Budget-conscious streamers,Built for Fire Stick and ONN | 24/7 support,"Built for Fire Stick and ONN. 24/7 support and setup tutorials included. Secure Stripe checkout with card + wallet options. Built for Fire Stick HD, 4K, 4K Max, and ONN devices.",For IPTV subscriptions and streaming device bundles. 36-hour trial applies to subscription plans only.,See pricing and start today,"jailbroken fire stick, onn google tv, iptv subscription, fire stick streaming, streamstickpro",Keep pricing synchronized with live product data. Avoid mentioning buffering claims.
AD-0040,Facebook,ONN Google TV users,Ready in about 10 minutes | 36-hour subscription trial available,"Ready in about 10 minutes. 36-hour subscription trial available. 18,000+ live channels and 100,000+ movies & series. Works with IPTV Smarters Pro and TiviMate.",For IPTV subscriptions and streaming device bundles. 36-hour trial applies to subscription plans only.,Get setup support and stream tonight,"jailbroken fire stick, onn google tv, iptv subscription, fire stick streaming, streamstickpro",Keep pricing synchronized with live product data. Avoid mentioning buffering claims.
AD-0041,YouTube,Fire Stick users,Get premium channels without cable contracts | 1-year service included on device bundles,Get premium channels without cable contracts. 1-year service included on device bundles. 1-year service included on device bundles. Fast setup with clear step-by-step guidance.,For IPTV subscriptions and streaming device bundles. 36-hour trial applies to subscription plans only.,Visit StreamStickPro now,"jailbroken fire stick, onn google tv, iptv subscription, fire stick streaming, streamstickpro",Keep pricing synchronized with live product data. Avoid mentioning buffering claims.
AD-0042,Facebook,Cord-cutters,"Stop paying cable prices | 18,000+ live channels","Stop paying cable prices. 18,000+ live channels and 100,000+ movies & series. 36-hour subscription trial available. Trusted by thousands of streamers.",For IPTV subscriptions and streaming device bundles. 36-hour trial applies to subscription plans only.,Start your 36-hour subscription trial,"jailbroken fire stick, onn google tv, iptv subscription, fire stick streaming, streamstickpro",Keep pricing synchronized with live product data. Avoid mentioning buffering claims.
AD-0043,YouTube,Returning IPTV users,Upgrade your streaming setup | Secure Stripe checkout with card + wallet options,Upgrade your streaming setup. Secure Stripe checkout with card + wallet options. 24/7 support and setup tutorials included. Easy renewals and support when you need it.,For IPTV subscriptions and streaming device bundles. 36-hour trial applies to subscription plans only.,Compare plans and device bundles,"jailbroken fire stick, onn google tv, iptv subscription, fire stick streaming, streamstickpro",Keep pricing synchronized with live product data. Avoid mentioning buffering claims.
AD-0044,Facebook,Families replacing cable,One app. Cleaner streaming experience | Shipping included on device bundles,One app. Cleaner streaming experience. Shipping included on device bundles. Shipping included on device bundles. No long contracts required for subscription plans.,For IPTV subscriptions and streaming device bundles. 36-hour trial applies to subscription plans only.,Shop Fire Stick and ONN options,"jailbroken fire stick, onn google tv, iptv subscription, fire stick streaming, streamstickpro",Keep pricing synchronized with live product data. Avoid mentioning buffering claims.
AD-0045,YouTube,Budget-conscious streamers,Built for Fire Stick and ONN | 24/7 support,"Built for Fire Stick and ONN. 24/7 support and setup tutorials included. Secure Stripe checkout with card + wallet options. Built for Fire Stick HD, 4K, 4K Max, and ONN devices.",For IPTV subscriptions and streaming device bundles. 36-hour trial applies to subscription plans only.,See pricing and start today,"jailbroken fire stick, onn google tv, iptv subscription, fire stick streaming, streamstickpro",Keep pricing synchronized with live product data. Avoid mentioning buffering claims.
AD-0046,Facebook,ONN Google TV users,Ready in about 10 minutes | 36-hour subscription trial available,"Ready in about 10 minutes. 36-hour subscription trial available. 18,000+ live channels and 100,000+ movies & series. Works with IPTV Smarters Pro and TiviMate.",For IPTV subscriptions and streaming device bundles. 36-hour trial applies to subscription plans only.,Get setup support and stream tonight,"jailbroken fire stick, onn google tv, iptv subscription, fire stick streaming, streamstickpro",Keep pricing synchronized with live product data. Avoid mentioning buffering claims.
AD-0047,YouTube,Fire Stick users,Get premium channels without cable contracts | 1-year service included on device bundles,Get premium channels without cable contracts. 1-year service included on device bundles. 1-year service included on device bundles. Fast setup with clear step-by-step guidance.,For IPTV subscriptions and streaming device bundles. 36-hour trial applies to subscription plans only.,Visit StreamStickPro now,"jailbroken fire stick, onn google tv, iptv subscription, fire stick streaming, streamstickpro",Keep pricing synchronized with live product data. Avoid mentioning buffering claims.
AD-0048,Facebook,Cord-cutters,"Stop paying cable prices | 18,000+ live channels","Stop paying cable prices. 18,000+ live channels and 100,000+ movies & series. 36-hour subscription trial available. Trusted by thousands of streamers.",For IPTV subscriptions and streaming device bundles. 36-hour trial applies to subscription plans only.,Start your 36-hour subscription trial,"jailbroken fire stick, onn google tv, iptv subscription, fire stick streaming, streamstickpro",Keep pricing synchronized with live product data. Avoid mentioning buffering claims.
AD-0049,YouTube,Returning IPTV users,Upgrade your streaming setup | Secure Stripe checkout with card + wallet options,Upgrade your streaming setup. Secure Stripe checkout with card + wallet options. 24/7 support and setup tutorials included. Easy renewals and support when you need it.,For IPTV subscriptions and streaming device bundles. 36-hour trial applies to subscription plans only.,Compare plans and device bundles,"jailbroken fire stick, onn google tv, iptv subscription, fire stick streaming, streamstickpro",Keep pricing synchronized with live product data. Avoid mentioning buffering claims.
AD-0050,Facebook,Families replacing cable,One app. Cleaner streaming experience | Shipping included on device bundles,One app. Cleaner streaming experience. Shipping included on device bundles. Shipping included on device bundles. No long contracts required for subscription plans.,For IPTV subscriptions and streaming device bundles. 36-hour trial applies to subscription plans only.,Shop Fire Stick and ONN options,"jailbroken fire stick, onn google tv, iptv subscription, fire stick streaming, streamstickpro",Keep pricing synchronized with live product data. Avoid mentioning buffering claims.
AD-0051,YouTube,Budget-conscious streamers,Built for Fire Stick and ONN | 24/7 support,"Built for Fire Stick and ONN. 24/7 support and setup tutorials included. Secure Stripe checkout with card + wallet options. Built for Fire Stick HD, 4K, 4K Max, and ONN devices.",For IPTV subscriptions and streaming device bundles. 36-hour trial applies to subscription plans only.,See pricing and start today,"jailbroken fire stick, onn google tv, iptv subscription, fire stick streaming, streamstickpro",Keep pricing synchronized with live product data. Avoid mentioning buffering claims.
AD-0052,Facebook,ONN Google TV users,Ready in about 10 minutes | 36-hour subscription trial available,"Ready in about 10 minutes. 36-hour subscription trial available. 18,000+ live channels and 100,000+ movies & series. Works with IPTV Smarters Pro and TiviMate.",For IPTV subscriptions and streaming device bundles. 36-hour trial applies to subscription plans only.,Get setup support and stream tonight,"jailbroken fire stick, onn google tv, iptv subscription, fire stick streaming, streamstickpro",Keep pricing synchronized with live product data. Avoid mentioning buffering claims.
AD-0053,YouTube,Fire Stick users,Get premium channels without cable contracts | 1-year service included on device bundles,Get premium channels without cable contracts. 1-year service included on device bundles. 1-year service included on device bundles. Fast setup with clear step-by-step guidance.,For IPTV subscriptions and streaming device bundles. 36-hour trial applies to subscription plans only.,Visit StreamStickPro now,"jailbroken fire stick, onn google tv, iptv subscription, fire stick streaming, streamstickpro",Keep pricing synchronized with live product data. Avoid mentioning buffering claims.
AD-0054,Facebook,Cord-cutters,"Stop paying cable prices | 18,000+ live channels","Stop paying cable prices. 18,000+ live channels and 100,000+ movies & series. 36-hour subscription trial available. Trusted by thousands of streamers.",For IPTV subscriptions and streaming device bundles. 36-hour trial applies to subscription plans only.,Start your 36-hour subscription trial,"jailbroken fire stick, onn google tv, iptv subscription, fire stick streaming, streamstickpro",Keep pricing synchronized with live product data. Avoid mentioning buffering claims.
AD-0055,YouTube,Returning IPTV users,Upgrade your streaming setup | Secure Stripe checkout with card + wallet options,Upgrade your streaming setup. Secure Stripe checkout with card + wallet options. 24/7 support and setup tutorials included. Easy renewals and support when you need it.,For IPTV subscriptions and streaming device bundles. 36-hour trial applies to subscription plans only.,Compare plans and device bundles,"jailbroken fire stick, onn google tv, iptv subscription, fire stick streaming, streamstickpro",Keep pricing synchronized with live product data. Avoid mentioning buffering claims.
AD-0056,Facebook,Families replacing cable,One app. Cleaner streaming experience | Shipping included on device bundles,One app. Cleaner streaming experience. Shipping included on device bundles. Shipping included on device bundles. No long contracts required for subscription plans.,For IPTV subscriptions and streaming device bundles. 36-hour trial applies to subscription plans only.,Shop Fire Stick and ONN options,"jailbroken fire stick, onn google tv, iptv subscription, fire stick streaming, streamstickpro",Keep pricing synchronized with live product data. Avoid mentioning buffering claims.
AD-0057,YouTube,Budget-conscious streamers,Built for Fire Stick and ONN | 24/7 support,"Built for Fire Stick and ONN. 24/7 support and setup tutorials included. Secure Stripe checkout with card + wallet options. Built for Fire Stick HD, 4K, 4K Max, and ONN devices.",For IPTV subscriptions and streaming device bundles. 36-hour trial applies to subscription plans only.,See pricing and start today,"jailbroken fire stick, onn google tv, iptv subscription, fire stick streaming, streamstickpro",Keep pricing synchronized with live product data. Avoid mentioning buffering claims.
AD-0058,Facebook,ONN Google TV users,Ready in about 10 minutes | 36-hour subscription trial available,"Ready in about 10 minutes. 36-hour subscription trial available. 18,000+ live channels and 100,000+ movies & series. Works with IPTV Smarters Pro and TiviMate.",For IPTV subscriptions and streaming device bundles. 36-hour trial applies to subscription plans only.,Get setup support and stream tonight,"jailbroken fire stick, onn google tv, iptv subscription, fire stick streaming, streamstickpro",Keep pricing synchronized with live product data. Avoid mentioning buffering claims.
AD-0059,YouTube,Fire Stick users,Get premium channels without cable contracts | 1-year service included on device bundles,Get premium channels without cable contracts. 1-year service included on device bundles. 1-year service included on device bundles. Fast setup with clear step-by-step guidance.,For IPTV subscriptions and streaming device bundles. 36-hour trial applies to subscription plans only.,Visit StreamStickPro now,"jailbroken fire stick, onn google tv, iptv subscription, fire stick streaming, streamstickpro",Keep pricing synchronized with live product data. Avoid mentioning buffering claims.
AD-0060,Facebook,Cord-cutters,"Stop paying cable prices | 18,000+ live channels","Stop paying cable prices. 18,000+ live channels and 100,000+ movies & series. 36-hour subscription trial available. Trusted by thousands of streamers.",For IPTV subscriptions and streaming device bundles. 36-hour trial applies to subscription plans only.,Start your 36-hour subscription trial,"jailbroken fire stick, onn google tv, iptv subscription, fire stick streaming, streamstickpro",Keep pricing synchronized with live product data. Avoid mentioning buffering claims.
AD-0061,YouTube,Returning IPTV users,Upgrade your streaming setup | Secure Stripe checkout with card + wallet options,Upgrade your streaming setup. Secure Stripe checkout with card + wallet options. 24/7 support and setup tutorials included. Easy renewals and support when you need it.,For IPTV subscriptions and streaming device bundles. 36-hour trial applies to subscription plans only.,Compare plans and device bundles,"jailbroken fire stick, onn google tv, iptv subscription, fire stick streaming, streamstickpro",Keep pricing synchronized with live product data. Avoid mentioning buffering claims.
AD-0062,Facebook,Families replacing cable,One app. Cleaner streaming experience | Shipping included on device bundles,One app. Cleaner streaming experience. Shipping included on device bundles. Shipping included on device bundles. No long contracts required for subscription plans.,For IPTV subscriptions and streaming device bundles. 36-hour trial applies to subscription plans only.,Shop Fire Stick and ONN options,"jailbroken fire stick, onn google tv, iptv subscription, fire stick streaming, streamstickpro",Keep pricing synchronized with live product data. Avoid mentioning buffering claims.
AD-0063,YouTube,Budget-conscious streamers,Built for Fire Stick and ONN | 24/7 support,"Built for Fire Stick and ONN. 24/7 support and setup tutorials included. Secure Stripe checkout with card + wallet options. Built for Fire Stick HD, 4K, 4K Max, and ONN devices.",For IPTV subscriptions and streaming device bundles. 36-hour trial applies to subscription plans only.,See pricing and start today,"jailbroken fire stick, onn google tv, iptv subscription, fire stick streaming, streamstickpro",Keep pricing synchronized with live product data. Avoid mentioning buffering claims.
AD-0064,Facebook,ONN Google TV users,Ready in about 10 minutes | 36-hour subscription trial available,"Ready in about 10 minutes. 36-hour subscription trial available. 18,000+ live channels and 100,000+ movies & series. Works with IPTV Smarters Pro and TiviMate.",For IPTV subscriptions and streaming device bundles. 36-hour trial applies to subscription plans only.,Get setup support and stream tonight,"jailbroken fire stick, onn google tv, iptv subscription, fire stick streaming, streamstickpro",Keep pricing synchronized with live product data. Avoid mentioning buffering claims.
AD-0065,YouTube,Fire Stick users,Get premium channels without cable contracts | 1-year service included on device bundles,Get premium channels without cable contracts. 1-year service included on device bundles. 1-year service included on device bundles. Fast setup with clear step-by-step guidance.,For IPTV subscriptions and streaming device bundles. 36-hour trial applies to subscription plans only.,Visit StreamStickPro now,"jailbroken fire stick, onn google tv, iptv subscription, fire stick streaming, streamstickpro",Keep pricing synchronized with live product data. Avoid mentioning buffering claims.
AD-0066,Facebook,Cord-cutters,"Stop paying cable prices | 18,000+ live channels","Stop paying cable prices. 18,000+ live channels and 100,000+ movies & series. 36-hour subscription trial available. Trusted by thousands of streamers.",For IPTV subscriptions and streaming device bundles. 36-hour trial applies to subscription plans only.,Start your 36-hour subscription trial,"jailbroken fire stick, onn google tv, iptv subscription, fire stick streaming, streamstickpro",Keep pricing synchronized with live product data. Avoid mentioning buffering claims.
AD-0067,YouTube,Returning IPTV users,Upgrade your streaming setup | Secure Stripe checkout with card + wallet options,Upgrade your streaming setup. Secure Stripe checkout with card + wallet options. 24/7 support and setup tutorials included. Easy renewals and support when you need it.,For IPTV subscriptions and streaming device bundles. 36-hour trial applies to subscription plans only.,Compare plans and device bundles,"jailbroken fire stick, onn google tv, iptv subscription, fire stick streaming, streamstickpro",Keep pricing synchronized with live product data. Avoid mentioning buffering claims.
AD-0068,Facebook,Families replacing cable,One app. Cleaner streaming experience | Shipping included on device bundles,One app. Cleaner streaming experience. Shipping included on device bundles. Shipping included on device bundles. No long contracts required for subscription plans.,For IPTV subscriptions and streaming device bundles. 36-hour trial applies to subscription plans only.,Shop Fire Stick and ONN options,"jailbroken fire stick, onn google tv, iptv subscription, fire stick streaming, streamstickpro",Keep pricing synchronized with live product data. Avoid mentioning buffering claims.
AD-0069,YouTube,Budget-conscious streamers,Built for Fire Stick and ONN | 24/7 support,"Built for Fire Stick and ONN. 24/7 support and setup tutorials included. Secure Stripe checkout with card + wallet options. Built for Fire Stick HD, 4K, 4K Max, and ONN devices.",For IPTV subscriptions and streaming device bundles. 36-hour trial applies to subscription plans only.,See pricing and start today,"jailbroken fire stick, onn google tv, iptv subscription, fire stick streaming, streamstickpro",Keep pricing synchronized with live product data. Avoid mentioning buffering claims.
AD-0070,Facebook,ONN Google TV users,Ready in about 10 minutes | 36-hour subscription trial available,"Ready in about 10 minutes. 36-hour subscription trial available. 18,000+ live channels and 100,000+ movies & series. Works with IPTV Smarters Pro and TiviMate.",For IPTV subscriptions and streaming device bundles. 36-hour trial applies to subscription plans only.,Get setup support and stream tonight,"jailbroken fire stick, onn google tv, iptv subscription, fire stick streaming, streamstickpro",Keep pricing synchronized with live product data. Avoid mentioning buffering claims.
AD-0071,YouTube,Fire Stick users,Get premium channels without cable contracts | 1-year service included on device bundles,Get premium channels without cable contracts. 1-year service included on device bundles. 1-year service included on device bundles. Fast setup with clear step-by-step guidance.,For IPTV subscriptions and streaming device bundles. 36-hour trial applies to subscription plans only.,Visit StreamStickPro now,"jailbroken fire stick, onn google tv, iptv subscription, fire stick streaming, streamstickpro",Keep pricing synchronized with live product data. Avoid mentioning buffering claims.
AD-0072,Facebook,Cord-cutters,"Stop paying cable prices | 18,000+ live channels","Stop paying cable prices. 18,000+ live channels and 100,000+ movies & series. 36-hour subscription trial available. Trusted by thousands of streamers.",For IPTV subscriptions and streaming device bundles. 36-hour trial applies to subscription plans only.,Start your 36-hour subscription trial,"jailbroken fire stick, onn google tv, iptv subscription, fire stick streaming, streamstickpro",Keep pricing synchronized with live product data. Avoid mentioning buffering claims.
AD-0073,YouTube,Returning IPTV users,Upgrade your streaming setup | Secure Stripe checkout with card + wallet options,Upgrade your streaming setup. Secure Stripe checkout with card + wallet options. 24/7 support and setup tutorials included. Easy renewals and support when you need it.,For IPTV subscriptions and streaming device bundles. 36-hour trial applies to subscription plans only.,Compare plans and device bundles,"jailbroken fire stick, onn google tv, iptv subscription, fire stick streaming, streamstickpro",Keep pricing synchronized with live product data. Avoid mentioning buffering claims.
AD-0074,Facebook,Families replacing cable,One app. Cleaner streaming experience | Shipping included on device bundles,One app. Cleaner streaming experience. Shipping included on device bundles. Shipping included on device bundles. No long contracts required for subscription plans.,For IPTV subscriptions and streaming device bundles. 36-hour trial applies to subscription plans only.,Shop Fire Stick and ONN options,"jailbroken fire stick, onn google tv, iptv subscription, fire stick streaming, streamstickpro",Keep pricing synchronized with live product data. Avoid mentioning buffering claims.
AD-0075,YouTube,Budget-conscious streamers,Built for Fire Stick and ONN | 24/7 support,"Built for Fire Stick and ONN. 24/7 support and setup tutorials included. Secure Stripe checkout with card + wallet options. Built for Fire Stick HD, 4K, 4K Max, and ONN devices.",For IPTV subscriptions and streaming device bundles. 36-hour trial applies to subscription plans only.,See pricing and start today,"jailbroken fire stick, onn google tv, iptv subscription, fire stick streaming, streamstickpro",Keep pricing synchronized with live product data. Avoid mentioning buffering claims.
AD-0076,Facebook,ONN Google TV users,Ready in about 10 minutes | 36-hour subscription trial available,"Ready in about 10 minutes. 36-hour subscription trial available. 18,000+ live channels and 100,000+ movies & series. Works with IPTV Smarters Pro and TiviMate.",For IPTV subscriptions and streaming device bundles. 36-hour trial applies to subscription plans only.,Get setup support and stream tonight,"jailbroken fire stick, onn google tv, iptv subscription, fire stick streaming, streamstickpro",Keep pricing synchronized with live product data. Avoid mentioning buffering claims.
AD-0077,YouTube,Fire Stick users,Get premium channels without cable contracts | 1-year service included on device bundles,Get premium channels without cable contracts. 1-year service included on device bundles. 1-year service included on device bundles. Fast setup with clear step-by-step guidance.,For IPTV subscriptions and streaming device bundles. 36-hour trial applies to subscription plans only.,Visit StreamStickPro now,"jailbroken fire stick, onn google tv, iptv subscription, fire stick streaming, streamstickpro",Keep pricing synchronized with live product data. Avoid mentioning buffering claims.
AD-0078,Facebook,Cord-cutters,"Stop paying cable prices | 18,000+ live channels","Stop paying cable prices. 18,000+ live channels and 100,000+ movies & series. 36-hour subscription trial available. Trusted by thousands of streamers.",For IPTV subscriptions and streaming device bundles. 36-hour trial applies to subscription plans only.,Start your 36-hour subscription trial,"jailbroken fire stick, onn google tv, iptv subscription, fire stick streaming, streamstickpro",Keep pricing synchronized with live product data. Avoid mentioning buffering claims.
AD-0079,YouTube,Returning IPTV users,Upgrade your streaming setup | Secure Stripe checkout with card + wallet options,Upgrade your streaming setup. Secure Stripe checkout with card + wallet options. 24/7 support and setup tutorials included. Easy renewals and support when you need it.,For IPTV subscriptions and streaming device bundles. 36-hour trial applies to subscription plans only.,Compare plans and device bundles,"jailbroken fire stick, onn google tv, iptv subscription, fire stick streaming, streamstickpro",Keep pricing synchronized with live product data. Avoid mentioning buffering claims.
AD-0080,Facebook,Families replacing cable,One app. Cleaner streaming experience | Shipping included on device bundles,One app. Cleaner streaming experience. Shipping included on device bundles. Shipping included on device bundles. No long contracts required for subscription plans.,For IPTV subscriptions and streaming device bundles. 36-hour trial applies to subscription plans only.,Shop Fire Stick and ONN options,"jailbroken fire stick, onn google tv, iptv subscription, fire stick streaming, streamstickpro",Keep pricing synchronized with live product data. Avoid mentioning buffering claims.
AD-0081,YouTube,Budget-conscious streamers,Built for Fire Stick and ONN | 24/7 support,"Built for Fire Stick and ONN. 24/7 support and setup tutorials included. Secure Stripe checkout with card + wallet options. Built for Fire Stick HD, 4K, 4K Max, and ONN devices.",For IPTV subscriptions and streaming device bundles. 36-hour trial applies to subscription plans only.,See pricing and start today,"jailbroken fire stick, onn google tv, iptv subscription, fire stick streaming, streamstickpro",Keep pricing synchronized with live product data. Avoid mentioning buffering claims.
AD-0082,Facebook,ONN Google TV users,Ready in about 10 minutes | 36-hour subscription trial available,"Ready in about 10 minutes. 36-hour subscription trial available. 18,000+ live channels and 100,000+ movies & series. Works with IPTV Smarters Pro and TiviMate.",For IPTV subscriptions and streaming device bundles. 36-hour trial applies to subscription plans only.,Get setup support and stream tonight,"jailbroken fire stick, onn google tv, iptv subscription, fire stick streaming, streamstickpro",Keep pricing synchronized with live product data. Avoid mentioning buffering claims.
AD-0083,YouTube,Fire Stick users,Get premium channels without cable contracts | 1-year service included on device bundles,Get premium channels without cable contracts. 1-year service included on device bundles. 1-year service included on device bundles. Fast setup with clear step-by-step guidance.,For IPTV subscriptions and streaming device bundles. 36-hour trial applies to subscription plans only.,Visit StreamStickPro now,"jailbroken fire stick, onn google tv, iptv subscription, fire stick streaming, streamstickpro",Keep pricing synchronized with live product data. Avoid mentioning buffering claims.
AD-0084,Facebook,Cord-cutters,"Stop paying cable prices | 18,000+ live channels","Stop paying cable prices. 18,000+ live channels and 100,000+ movies & series. 36-hour subscription trial available. Trusted by thousands of streamers.",For IPTV subscriptions and streaming device bundles. 36-hour trial applies to subscription plans only.,Start your 36-hour subscription trial,"jailbroken fire stick, onn google tv, iptv subscription, fire stick streaming, streamstickpro",Keep pricing synchronized with live product data. Avoid mentioning buffering claims.
AD-0085,YouTube,Returning IPTV users,Upgrade your streaming setup | Secure Stripe checkout with card + wallet options,Upgrade your streaming setup. Secure Stripe checkout with card + wallet options. 24/7 support and setup tutorials included. Easy renewals and support when you need it.,For IPTV subscriptions and streaming device bundles. 36-hour trial applies to subscription plans only.,Compare plans and device bundles,"jailbroken fire stick, onn google tv, iptv subscription, fire stick streaming, streamstickpro",Keep pricing synchronized with live product data. Avoid mentioning buffering claims.
AD-0086,Facebook,Families replacing cable,One app. Cleaner streaming experience | Shipping included on device bundles,One app. Cleaner streaming experience. Shipping included on device bundles. Shipping included on device bundles. No long contracts required for subscription plans.,For IPTV subscriptions and streaming device bundles. 36-hour trial applies to subscription plans only.,Shop Fire Stick and ONN options,"jailbroken fire stick, onn google tv, iptv subscription, fire stick streaming, streamstickpro",Keep pricing synchronized with live product data. Avoid mentioning buffering claims.
AD-0087,YouTube,Budget-conscious streamers,Built for Fire Stick and ONN | 24/7 support,"Built for Fire Stick and ONN. 24/7 support and setup tutorials included. Secure Stripe checkout with card + wallet options. Built for Fire Stick HD, 4K, 4K Max, and ONN devices.",For IPTV subscriptions and streaming device bundles. 36-hour trial applies to subscription plans only.,See pricing and start today,"jailbroken fire stick, onn google tv, iptv subscription, fire stick streaming, streamstickpro",Keep pricing synchronized with live product data. Avoid mentioning buffering claims.
AD-0088,Facebook,ONN Google TV users,Ready in about 10 minutes | 36-hour subscription trial available,"Ready in about 10 minutes. 36-hour subscription trial available. 18,000+ live channels and 100,000+ movies & series. Works with IPTV Smarters Pro and TiviMate.",For IPTV subscriptions and streaming device bundles. 36-hour trial applies to subscription plans only.,Get setup support and stream tonight,"jailbroken fire stick, onn google tv, iptv subscription, fire stick streaming, streamstickpro",Keep pricing synchronized with live product data. Avoid mentioning buffering claims.
AD-0089,YouTube,Fire Stick users,Get premium channels without cable contracts | 1-year service included on device bundles,Get premium channels without cable contracts. 1-year service included on device bundles. 1-year service included on device bundles. Fast setup with clear step-by-step guidance.,For IPTV subscriptions and streaming device bundles. 36-hour trial applies to subscription plans only.,Visit StreamStickPro now,"jailbroken fire stick, onn google tv, iptv subscription, fire stick streaming, streamstickpro",Keep pricing synchronized with live product data. Avoid mentioning buffering claims.
AD-0090,Facebook,Cord-cutters,"Stop paying cable prices | 18,000+ live channels","Stop paying cable prices. 18,000+ live channels and 100,000+ movies & series. 36-hour subscription trial available. Trusted by thousands of streamers.",For IPTV subscriptions and streaming device bundles. 36-hour trial applies to subscription plans only.,Start your 36-hour subscription trial,"jailbroken fire stick, onn google tv, iptv subscription, fire stick streaming, streamstickpro",Keep pricing synchronized with live product data. Avoid mentioning buffering claims.
AD-0091,YouTube,Returning IPTV users,Upgrade your streaming setup | Secure Stripe checkout with card + wallet options,Upgrade your streaming setup. Secure Stripe checkout with card + wallet options. 24/7 support and setup tutorials included. Easy renewals and support when you need it.,For IPTV subscriptions and streaming device bundles. 36-hour trial applies to subscription plans only.,Compare plans and device bundles,"jailbroken fire stick, onn google tv, iptv subscription, fire stick streaming, streamstickpro",Keep pricing synchronized with live product data. Avoid mentioning buffering claims.
AD-0092,Facebook,Families replacing cable,One app. Cleaner streaming experience | Shipping included on device bundles,One app. Cleaner streaming experience. Shipping included on device bundles. Shipping included on device bundles. No long contracts required for subscription plans.,For IPTV subscriptions and streaming device bundles. 36-hour trial applies to subscription plans only.,Shop Fire Stick and ONN options,"jailbroken fire stick, onn google tv, iptv subscription, fire stick streaming, streamstickpro",Keep pricing synchronized with live product data. Avoid mentioning buffering claims.
AD-0093,YouTube,Budget-conscious streamers,Built for Fire Stick and ONN | 24/7 support,"Built for Fire Stick and ONN. 24/7 support and setup tutorials included. Secure Stripe checkout with card + wallet options. Built for Fire Stick HD, 4K, 4K Max, and ONN devices.",For IPTV subscriptions and streaming device bundles. 36-hour trial applies to subscription plans only.,See pricing and start today,"jailbroken fire stick, onn google tv, iptv subscription, fire stick streaming, streamstickpro",Keep pricing synchronized with live product data. Avoid mentioning buffering claims.
AD-0094,Facebook,ONN Google TV users,Ready in about 10 minutes | 36-hour subscription trial available,"Ready in about 10 minutes. 36-hour subscription trial available. 18,000+ live channels and 100,000+ movies & series. Works with IPTV Smarters Pro and TiviMate.",For IPTV subscriptions and streaming device bundles. 36-hour trial applies to subscription plans only.,Get setup support and stream tonight,"jailbroken fire stick, onn google tv, iptv subscription, fire stick streaming, streamstickpro",Keep pricing synchronized with live product data. Avoid mentioning buffering claims.
AD-0095,YouTube,Fire Stick users,Get premium channels without cable contracts | 1-year service included on device bundles,Get premium channels without cable contracts. 1-year service included on device bundles. 1-year service included on device bundles. Fast setup with clear step-by-step guidance.,For IPTV subscriptions and streaming device bundles. 36-hour trial applies to subscription plans only.,Visit StreamStickPro now,"jailbroken fire stick, onn google tv, iptv subscription, fire stick streaming, streamstickpro",Keep pricing synchronized with live product data. Avoid mentioning buffering claims.
AD-0096,Facebook,Cord-cutters,"Stop paying cable prices | 18,000+ live channels","Stop paying cable prices. 18,000+ live channels and 100,000+ movies & series. 36-hour subscription trial available. Trusted by thousands of streamers.",For IPTV subscriptions and streaming device bundles. 36-hour trial applies to subscription plans only.,Start your 36-hour subscription trial,"jailbroken fire stick, onn google tv, iptv subscription, fire stick streaming, streamstickpro",Keep pricing synchronized with live product data. Avoid mentioning buffering claims.
AD-0097,YouTube,Returning IPTV users,Upgrade your streaming setup | Secure Stripe checkout with card + wallet options,Upgrade your streaming setup. Secure Stripe checkout with card + wallet options. 24/7 support and setup tutorials included. Easy renewals and support when you need it.,For IPTV subscriptions and streaming device bundles. 36-hour trial applies to subscription plans only.,Compare plans and device bundles,"jailbroken fire stick, onn google tv, iptv subscription, fire stick streaming, streamstickpro",Keep pricing synchronized with live product data. Avoid mentioning buffering claims.
AD-0098,Facebook,Families replacing cable,One app. Cleaner streaming experience | Shipping included on device bundles,One app. Cleaner streaming experience. Shipping included on device bundles. Shipping included on device bundles. No long contracts required for subscription plans.,For IPTV subscriptions and streaming device bundles. 36-hour trial applies to subscription plans only.,Shop Fire Stick and ONN options,"jailbroken fire stick, onn google tv, iptv subscription, fire stick streaming, streamstickpro",Keep pricing synchronized with live product data. Avoid mentioning buffering claims.
AD-0099,YouTube,Budget-conscious streamers,Built for Fire Stick and ONN | 24/7 support,"Built for Fire Stick and ONN. 24/7 support and setup tutorials included. Secure Stripe checkout with card + wallet options. Built for Fire Stick HD, 4K, 4K Max, and ONN devices.",For IPTV subscriptions and streaming device bundles. 36-hour trial applies to subscription plans only.,See pricing and start today,"jailbroken fire stick, onn google tv, iptv subscription, fire stick streaming, streamstickpro",Keep pricing synchronized with live product data. Avoid mentioning buffering claims.
AD-0100,Facebook,ONN Google TV users,Ready in about 10 minutes | 36-hour subscription trial available,"Ready in about 10 minutes. 36-hour subscription trial available. 18,000+ live channels and 100,000+ movies & series. Works with IPTV Smarters Pro and TiviMate.",For IPTV subscriptions and streaming device bundles. 36-hour trial applies to subscription plans only.,Get setup support and stream tonight,"jailbroken fire stick, onn google tv, iptv subscription, fire stick streaming, streamstickpro",Keep pricing synchronized with live product data. Avoid mentioning buffering claims.
AD-0101,YouTube,Fire Stick users,Get premium channels without cable contracts | 1-year service included on device bundles,Get premium channels without cable contracts. 1-year service included on device bundles. 1-year service included on device bundles. Fast setup with clear step-by-step guidance.,For IPTV subscriptions and streaming device bundles. 36-hour trial applies to subscription plans only.,Visit StreamStickPro now,"jailbroken fire stick, onn google tv, iptv subscription, fire stick streaming, streamstickpro",Keep pricing synchronized with live product data. Avoid mentioning buffering claims.
AD-0102,Facebook,Cord-cutters,"Stop paying cable prices | 18,000+ live channels","Stop paying cable prices. 18,000+ live channels and 100,000+ movies & series. 36-hour subscription trial available. Trusted by thousands of streamers.",For IPTV subscriptions and streaming device bundles. 36-hour trial applies to subscription plans only.,Start your 36-hour subscription trial,"jailbroken fire stick, onn google tv, iptv subscription, fire stick streaming, streamstickpro",Keep pricing synchronized with live product data. Avoid mentioning buffering claims.
AD-0103,YouTube,Returning IPTV users,Upgrade your streaming setup | Secure Stripe checkout with card + wallet options,Upgrade your streaming setup. Secure Stripe checkout with card + wallet options. 24/7 support and setup tutorials included. Easy renewals and support when you need it.,For IPTV subscriptions and streaming device bundles. 36-hour trial applies to subscription plans only.,Compare plans and device bundles,"jailbroken fire stick, onn google tv, iptv subscription, fire stick streaming, streamstickpro",Keep pricing synchronized with live product data. Avoid mentioning buffering claims.
AD-0104,Facebook,Families replacing cable,One app. Cleaner streaming experience | Shipping included on device bundles,One app. Cleaner streaming experience. Shipping included on device bundles. Shipping included on device bundles. No long contracts required for subscription plans.,For IPTV subscriptions and streaming device bundles. 36-hour trial applies to subscription plans only.,Shop Fire Stick and ONN options,"jailbroken fire stick, onn google tv, iptv subscription, fire stick streaming, streamstickpro",Keep pricing synchronized with live product data. Avoid mentioning buffering claims.
AD-0105,YouTube,Budget-conscious streamers,Built for Fire Stick and ONN | 24/7 support,"Built for Fire Stick and ONN. 24/7 support and setup tutorials included. Secure Stripe checkout with card + wallet options. Built for Fire Stick HD, 4K, 4K Max, and ONN devices.",For IPTV subscriptions and streaming device bundles. 36-hour trial applies to subscription plans only.,See pricing and start today,"jailbroken fire stick, onn google tv, iptv subscription, fire stick streaming, streamstickpro",Keep pricing synchronized with live product data. Avoid mentioning buffering claims.
AD-0106,Facebook,ONN Google TV users,Ready in about 10 minutes | 36-hour subscription trial available,"Ready in about 10 minutes. 36-hour subscription trial available. 18,000+ live channels and 100,000+ movies & series. Works with IPTV Smarters Pro and TiviMate.",For IPTV subscriptions and streaming device bundles. 36-hour trial applies to subscription plans only.,Get setup support and stream tonight,"jailbroken fire stick, onn google tv, iptv subscription, fire stick streaming, streamstickpro",Keep pricing synchronized with live product data. Avoid mentioning buffering claims.
AD-0107,YouTube,Fire Stick users,Get premium channels without cable contracts | 1-year service included on device bundles,Get premium channels without cable contracts. 1-year service included on device bundles. 1-year service included on device bundles. Fast setup with clear step-by-step guidance.,For IPTV subscriptions and streaming device bundles. 36-hour trial applies to subscription plans only.,Visit StreamStickPro now,"jailbroken fire stick, onn google tv, iptv subscription, fire stick streaming, streamstickpro",Keep pricing synchronized with live product data. Avoid mentioning buffering claims.
AD-0108,Facebook,Cord-cutters,"Stop paying cable prices | 18,000+ live channels","Stop paying cable prices. 18,000+ live channels and 100,000+ movies & series. 36-hour subscription trial available. Trusted by thousands of streamers.",For IPTV subscriptions and streaming device bundles. 36-hour trial applies to subscription plans only.,Start your 36-hour subscription trial,"jailbroken fire stick, onn google tv, iptv subscription, fire stick streaming, streamstickpro",Keep pricing synchronized with live product data. Avoid mentioning buffering claims.
AD-0109,YouTube,Returning IPTV users,Upgrade your streaming setup | Secure Stripe checkout with card + wallet options,Upgrade your streaming setup. Secure Stripe checkout with card + wallet options. 24/7 support and setup tutorials included. Easy renewals and support when you need it.,For IPTV subscriptions and streaming device bundles. 36-hour trial applies to subscription plans only.,Compare plans and device bundles,"jailbroken fire stick, onn google tv, iptv subscription, fire stick streaming, streamstickpro",Keep pricing synchronized with live product data. Avoid mentioning buffering claims.
AD-0110,Facebook,Families replacing cable,One app. Cleaner streaming experience | Shipping included on device bundles,One app. Cleaner streaming experience. Shipping included on device bundles. Shipping included on device bundles. No long contracts required for subscription plans.,For IPTV subscriptions and streaming device bundles. 36-hour trial applies to subscription plans only.,Shop Fire Stick and ONN options,"jailbroken fire stick, onn google tv, iptv subscription, fire stick streaming, streamstickpro",Keep pricing synchronized with live product data. Avoid mentioning buffering claims.
AD-0111,YouTube,Budget-conscious streamers,Built for Fire Stick and ONN | 24/7 support,"Built for Fire Stick and ONN. 24/7 support and setup tutorials included. Secure Stripe checkout with card + wallet options. Built for Fire Stick HD, 4K, 4K Max, and ONN devices.",For IPTV subscriptions and streaming device bundles. 36-hour trial applies to subscription plans only.,See pricing and start today,"jailbroken fire stick, onn google tv, iptv subscription, fire stick streaming, streamstickpro",Keep pricing synchronized with live product data. Avoid mentioning buffering claims.
AD-0112,Facebook,ONN Google TV users,Ready in about 10 minutes | 36-hour subscription trial available,"Ready in about 10 minutes. 36-hour subscription trial available. 18,000+ live channels and 100,000+ movies & series. Works with IPTV Smarters Pro and TiviMate.",For IPTV subscriptions and streaming device bundles. 36-hour trial applies to subscription plans only.,Get setup support and stream tonight,"jailbroken fire stick, onn google tv, iptv subscription, fire stick streaming, streamstickpro",Keep pricing synchronized with live product data. Avoid mentioning buffering claims.
AD-0113,YouTube,Fire Stick users,Get premium channels without cable contracts | 1-year service included on device bundles,Get premium channels without cable contracts. 1-year service included on device bundles. 1-year service included on device bundles. Fast setup with clear step-by-step guidance.,For IPTV subscriptions and streaming device bundles. 36-hour trial applies to subscription plans only.,Visit StreamStickPro now,"jailbroken fire stick, onn google tv, iptv subscription, fire stick streaming, streamstickpro",Keep pricing synchronized with live product data. Avoid mentioning buffering claims.
AD-0114,Facebook,Cord-cutters,"Stop paying cable prices | 18,000+ live channels","Stop paying cable prices. 18,000+ live channels and 100,000+ movies & series. 36-hour subscription trial available. Trusted by thousands of streamers.",For IPTV subscriptions and streaming device bundles. 36-hour trial applies to subscription plans only.,Start your 36-hour subscription trial,"jailbroken fire stick, onn google tv, iptv subscription, fire stick streaming, streamstickpro",Keep pricing synchronized with live product data. Avoid mentioning buffering claims.
AD-0115,YouTube,Returning IPTV users,Upgrade your streaming setup | Secure Stripe checkout with card + wallet options,Upgrade your streaming setup. Secure Stripe checkout with card + wallet options. 24/7 support and setup tutorials included. Easy renewals and support when you need it.,For IPTV subscriptions and streaming device bundles. 36-hour trial applies to subscription plans only.,Compare plans and device bundles,"jailbroken fire stick, onn google tv, iptv subscription, fire stick streaming, streamstickpro",Keep pricing synchronized with live product data. Avoid mentioning buffering claims.
AD-0116,Facebook,Families replacing cable,One app. Cleaner streaming experience | Shipping included on device bundles,One app. Cleaner streaming experience. Shipping included on device bundles. Shipping included on device bundles. No long contracts required for subscription plans.,For IPTV subscriptions and streaming device bundles. 36-hour trial applies to subscription plans only.,Shop Fire Stick and ONN options,"jailbroken fire stick, onn google tv, iptv subscription, fire stick streaming, streamstickpro",Keep pricing synchronized with live product data. Avoid mentioning buffering claims.
AD-0117,YouTube,Budget-conscious streamers,Built for Fire Stick and ONN | 24/7 support,"Built for Fire Stick and ONN. 24/7 support and setup tutorials included. Secure Stripe checkout with card + wallet options. Built for Fire Stick HD, 4K, 4K Max, and ONN devices.",For IPTV subscriptions and streaming device bundles. 36-hour trial applies to subscription plans only.,See pricing and start today,"jailbroken fire stick, onn google tv, iptv subscription, fire stick streaming, streamstickpro",Keep pricing synchronized with live product data. Avoid mentioning buffering claims.
AD-0118,Facebook,ONN Google TV users,Ready in about 10 minutes | 36-hour subscription trial available,"Ready in about 10 minutes. 36-hour subscription trial available. 18,000+ live channels and 100,000+ movies & series. Works with IPTV Smarters Pro and TiviMate.",For IPTV subscriptions and streaming device bundles. 36-hour trial applies to subscription plans only.,Get setup support and stream tonight,"jailbroken fire stick, onn google tv, iptv subscription, fire stick streaming, streamstickpro",Keep pricing synchronized with live product data. Avoid mentioning buffering claims.
AD-0119,YouTube,Fire Stick users,Get premium channels without cable contracts | 1-year service included on device bundles,Get premium channels without cable contracts. 1-year service included on device bundles. 1-year service included on device bundles. Fast setup with clear step-by-step guidance.,For IPTV subscriptions and streaming device bundles. 36-hour trial applies to subscription plans only.,Visit StreamStickPro now,"jailbroken fire stick, onn google tv, iptv subscription, fire stick streaming, streamstickpro",Keep pricing synchronized with live product data. Avoid mentioning buffering claims.
AD-0120,Facebook,Cord-cutters,"Stop paying cable prices | 18,000+ live channels","Stop paying cable prices. 18,000+ live channels and 100,000+ movies & series. 36-hour subscription trial available. Trusted by thousands of streamers.",For IPTV subscriptions and streaming device bundles. 36-hour trial applies to subscription plans only.,Start your 36-hour subscription trial,"jailbroken fire stick, onn google tv, iptv subscription, fire stick streaming, streamstickpro",Keep pricing synchronized with live product data. Avoid mentioning buffering claims.
AD-0121,YouTube,Returning IPTV users,Upgrade your streaming setup | Secure Stripe checkout with card + wallet options,Upgrade your streaming setup. Secure Stripe checkout with card + wallet options. 24/7 support and setup tutorials included. Easy renewals and support when you need it.,For IPTV subscriptions and streaming device bundles. 36-hour trial applies to subscription plans only.,Compare plans and device bundles,"jailbroken fire stick, onn google tv, iptv subscription, fire stick streaming, streamstickpro",Keep pricing synchronized with live product data. Avoid mentioning buffering claims.
AD-0122,Facebook,Families replacing cable,One app. Cleaner streaming experience | Shipping included on device bundles,One app. Cleaner streaming experience. Shipping included on device bundles. Shipping included on device bundles. No long contracts required for subscription plans.,For IPTV subscriptions and streaming device bundles. 36-hour trial applies to subscription plans only.,Shop Fire Stick and ONN options,"jailbroken fire stick, onn google tv, iptv subscription, fire stick streaming, streamstickpro",Keep pricing synchronized with live product data. Avoid mentioning buffering claims.
AD-0123,YouTube,Budget-conscious streamers,Built for Fire Stick and ONN | 24/7 support,"Built for Fire Stick and ONN. 24/7 support and setup tutorials included. Secure Stripe checkout with card + wallet options. Built for Fire Stick HD, 4K, 4K Max, and ONN devices.",For IPTV subscriptions and streaming device bundles. 36-hour trial applies to subscription plans only.,See pricing and start today,"jailbroken fire stick, onn google tv, iptv subscription, fire stick streaming, streamstickpro",Keep pricing synchronized with live product data. Avoid mentioning buffering claims.
AD-0124,Facebook,ONN Google TV users,Ready in about 10 minutes | 36-hour subscription trial available,"Ready in about 10 minutes. 36-hour subscription trial available. 18,000+ live channels and 100,000+ movies & series. Works with IPTV Smarters Pro and TiviMate.",For IPTV subscriptions and streaming device bundles. 36-hour trial applies to subscription plans only.,Get setup support and stream tonight,"jailbroken fire stick, onn google tv, iptv subscription, fire stick streaming, streamstickpro",Keep pricing synchronized with live product data. Avoid mentioning buffering claims.
AD-0125,YouTube,Fire Stick users,Get premium channels without cable contracts | 1-year service included on device bundles,Get premium channels without cable contracts. 1-year service included on device bundles. 1-year service included on device bundles. Fast setup with clear step-by-step guidance.,For IPTV subscriptions and streaming device bundles. 36-hour trial applies to subscription plans only.,Visit StreamStickPro now,"jailbroken fire stick, onn google tv, iptv subscription, fire stick streaming, streamstickpro",Keep pricing synchronized with live product data. Avoid mentioning buffering claims.
AD-0126,Facebook,Cord-cutters,"Stop paying cable prices | 18,000+ live channels","Stop paying cable prices. 18,000+ live channels and 100,000+ movies & series. 36-hour subscription trial available. Trusted by thousands of streamers.",For IPTV subscriptions and streaming device bundles. 36-hour trial applies to subscription plans only.,Start your 36-hour subscription trial,"jailbroken fire stick, onn google tv, iptv subscription, fire stick streaming, streamstickpro",Keep pricing synchronized with live product data. Avoid mentioning buffering claims.
AD-0127,YouTube,Returning IPTV users,Upgrade your streaming setup | Secure Stripe checkout with card + wallet options,Upgrade your streaming setup. Secure Stripe checkout with card + wallet options. 24/7 support and setup tutorials included. Easy renewals and support when you need it.,For IPTV subscriptions and streaming device bundles. 36-hour trial applies to subscription plans only.,Compare plans and device bundles,"jailbroken fire stick, onn google tv, iptv subscription, fire stick streaming, streamstickpro",Keep pricing synchronized with live product data. Avoid mentioning buffering claims.
AD-0128,Facebook,Families replacing cable,One app. Cleaner streaming experience | Shipping included on device bundles,One app. Cleaner streaming experience. Shipping included on device bundles. Shipping included on device bundles. No long contracts required for subscription plans.,For IPTV subscriptions and streaming device bundles. 36-hour trial applies to subscription plans only.,Shop Fire Stick and ONN options,"jailbroken fire stick, onn google tv, iptv subscription, fire stick streaming, streamstickpro",Keep pricing synchronized with live product data. Avoid mentioning buffering claims.
AD-0129,YouTube,Budget-conscious streamers,Built for Fire Stick and ONN | 24/7 support,"Built for Fire Stick and ONN. 24/7 support and setup tutorials included. Secure Stripe checkout with card + wallet options. Built for Fire Stick HD, 4K, 4K Max, and ONN devices.",For IPTV subscriptions and streaming device bundles. 36-hour trial applies to subscription plans only.,See pricing and start today,"jailbroken fire stick, onn google tv, iptv subscription, fire stick streaming, streamstickpro",Keep pricing synchronized with live product data. Avoid mentioning buffering claims.
AD-0130,Facebook,ONN Google TV users,Ready in about 10 minutes | 36-hour subscription trial available,"Ready in about 10 minutes. 36-hour subscription trial available. 18,000+ live channels and 100,000+ movies & series. Works with IPTV Smarters Pro and TiviMate.",For IPTV subscriptions and streaming device bundles. 36-hour trial applies to subscription plans only.,Get setup support and stream tonight,"jailbroken fire stick, onn google tv, iptv subscription, fire stick streaming, streamstickpro",Keep pricing synchronized with live product data. Avoid mentioning buffering claims.
AD-0131,YouTube,Fire Stick users,Get premium channels without cable contracts | 1-year service included on device bundles,Get premium channels without cable contracts. 1-year service included on device bundles. 1-year service included on device bundles. Fast setup with clear step-by-step guidance.,For IPTV subscriptions and streaming device bundles. 36-hour trial applies to subscription plans only.,Visit StreamStickPro now,"jailbroken fire stick, onn google tv, iptv subscription, fire stick streaming, streamstickpro",Keep pricing synchronized with live product data. Avoid mentioning buffering claims.
AD-0132,Facebook,Cord-cutters,"Stop paying cable prices | 18,000+ live channels","Stop paying cable prices. 18,000+ live channels and 100,000+ movies & series. 36-hour subscription trial available. Trusted by thousands of streamers.",For IPTV subscriptions and streaming device bundles. 36-hour trial applies to subscription plans only.,Start your 36-hour subscription trial,"jailbroken fire stick, onn google tv, iptv subscription, fire stick streaming, streamstickpro",Keep pricing synchronized with live product data. Avoid mentioning buffering claims.
AD-0133,YouTube,Returning IPTV users,Upgrade your streaming setup | Secure Stripe checkout with card + wallet options,Upgrade your streaming setup. Secure Stripe checkout with card + wallet options. 24/7 support and setup tutorials included. Easy renewals and support when you need it.,For IPTV subscriptions and streaming device bundles. 36-hour trial applies to subscription plans only.,Compare plans and device bundles,"jailbroken fire stick, onn google tv, iptv subscription, fire stick streaming, streamstickpro",Keep pricing synchronized with live product data. Avoid mentioning buffering claims.
AD-0134,Facebook,Families replacing cable,One app. Cleaner streaming experience | Shipping included on device bundles,One app. Cleaner streaming experience. Shipping included on device bundles. Shipping included on device bundles. No long contracts required for subscription plans.,For IPTV subscriptions and streaming device bundles. 36-hour trial applies to subscription plans only.,Shop Fire Stick and ONN options,"jailbroken fire stick, onn google tv, iptv subscription, fire stick streaming, streamstickpro",Keep pricing synchronized with live product data. Avoid mentioning buffering claims.
AD-0135,YouTube,Budget-conscious streamers,Built for Fire Stick and ONN | 24/7 support,"Built for Fire Stick and ONN. 24/7 support and setup tutorials included. Secure Stripe checkout with card + wallet options. Built for Fire Stick HD, 4K, 4K Max, and ONN devices.",For IPTV subscriptions and streaming device bundles. 36-hour trial applies to subscription plans only.,See pricing and start today,"jailbroken fire stick, onn google tv, iptv subscription, fire stick streaming, streamstickpro",Keep pricing synchronized with live product data. Avoid mentioning buffering claims.
AD-0136,Facebook,ONN Google TV users,Ready in about 10 minutes | 36-hour subscription trial available,"Ready in about 10 minutes. 36-hour subscription trial available. 18,000+ live channels and 100,000+ movies & series. Works with IPTV Smarters Pro and TiviMate.",For IPTV subscriptions and streaming device bundles. 36-hour trial applies to subscription plans only.,Get setup support and stream tonight,"jailbroken fire stick, onn google tv, iptv subscription, fire stick streaming, streamstickpro",Keep pricing synchronized with live product data. Avoid mentioning buffering claims.
AD-0137,YouTube,Fire Stick users,Get premium channels without cable contracts | 1-year service included on device bundles,Get premium channels without cable contracts. 1-year service included on device bundles. 1-year service included on device bundles. Fast setup with clear step-by-step guidance.,For IPTV subscriptions and streaming device bundles. 36-hour trial applies to subscription plans only.,Visit StreamStickPro now,"jailbroken fire stick, onn google tv, iptv subscription, fire stick streaming, streamstickpro",Keep pricing synchronized with live product data. Avoid mentioning buffering claims.
AD-0138,Facebook,Cord-cutters,"Stop paying cable prices | 18,000+ live channels","Stop paying cable prices. 18,000+ live channels and 100,000+ movies & series. 36-hour subscription trial available. Trusted by thousands of streamers.",For IPTV subscriptions and streaming device bundles. 36-hour trial applies to subscription plans only.,Start your 36-hour subscription trial,"jailbroken fire stick, onn google tv, iptv subscription, fire stick streaming, streamstickpro",Keep pricing synchronized with live product data. Avoid mentioning buffering claims.
AD-0139,YouTube,Returning IPTV users,Upgrade your streaming setup | Secure Stripe checkout with card + wallet options,Upgrade your streaming setup. Secure Stripe checkout with card + wallet options. 24/7 support and setup tutorials included. Easy renewals and support when you need it.,For IPTV subscriptions and streaming device bundles. 36-hour trial applies to subscription plans only.,Compare plans and device bundles,"jailbroken fire stick, onn google tv, iptv subscription, fire stick streaming, streamstickpro",Keep pricing synchronized with live product data. Avoid mentioning buffering claims.
AD-0140,Facebook,Families replacing cable,One app. Cleaner streaming experience | Shipping included on device bundles,One app. Cleaner streaming experience. Shipping included on device bundles. Shipping included on device bundles. No long contracts required for subscription plans.,For IPTV subscriptions and streaming device bundles. 36-hour trial applies to subscription plans only.,Shop Fire Stick and ONN options,"jailbroken fire stick, onn google tv, iptv subscription, fire stick streaming, streamstickpro",Keep pricing synchronized with live product data. Avoid mentioning buffering claims.
AD-0141,YouTube,Budget-conscious streamers,Built for Fire Stick and ONN | 24/7 support,"Built for Fire Stick and ONN. 24/7 support and setup tutorials included. Secure Stripe checkout with card + wallet options. Built for Fire Stick HD, 4K, 4K Max, and ONN devices.",For IPTV subscriptions and streaming device bundles. 36-hour trial applies to subscription plans only.,See pricing and start today,"jailbroken fire stick, onn google tv, iptv subscription, fire stick streaming, streamstickpro",Keep pricing synchronized with live product data. Avoid mentioning buffering claims.
AD-0142,Facebook,ONN Google TV users,Ready in about 10 minutes | 36-hour subscription trial available,"Ready in about 10 minutes. 36-hour subscription trial available. 18,000+ live channels and 100,000+ movies & series. Works with IPTV Smarters Pro and TiviMate.",For IPTV subscriptions and streaming device bundles. 36-hour trial applies to subscription plans only.,Get setup support and stream tonight,"jailbroken fire stick, onn google tv, iptv subscription, fire stick streaming, streamstickpro",Keep pricing synchronized with live product data. Avoid mentioning buffering claims.
AD-0143,YouTube,Fire Stick users,Get premium channels without cable contracts | 1-year service included on device bundles,Get premium channels without cable contracts. 1-year service included on device bundles. 1-year service included on device bundles. Fast setup with clear step-by-step guidance.,For IPTV subscriptions and streaming device bundles. 36-hour trial applies to subscription plans only.,Visit StreamStickPro now,"jailbroken fire stick, onn google tv, iptv subscription, fire stick streaming, streamstickpro",Keep pricing synchronized with live product data. Avoid mentioning buffering claims.
AD-0144,Facebook,Cord-cutters,"Stop paying cable prices | 18,000+ live channels","Stop paying cable prices. 18,000+ live channels and 100,000+ movies & series. 36-hour subscription trial available. Trusted by thousands of streamers.",For IPTV subscriptions and streaming device bundles. 36-hour trial applies to subscription plans only.,Start your 36-hour subscription trial,"jailbroken fire stick, onn google tv, iptv subscription, fire stick streaming, streamstickpro",Keep pricing synchronized with live product data. Avoid mentioning buffering claims.
AD-0145,YouTube,Returning IPTV users,Upgrade your streaming setup | Secure Stripe checkout with card + wallet options,Upgrade your streaming setup. Secure Stripe checkout with card + wallet options. 24/7 support and setup tutorials included. Easy renewals and support when you need it.,For IPTV subscriptions and streaming device bundles. 36-hour trial applies to subscription plans only.,Compare plans and device bundles,"jailbroken fire stick, onn google tv, iptv subscription, fire stick streaming, streamstickpro",Keep pricing synchronized with live product data. Avoid mentioning buffering claims.
AD-0146,Facebook,Families replacing cable,One app. Cleaner streaming experience | Shipping included on device bundles,One app. Cleaner streaming experience. Shipping included on device bundles. Shipping included on device bundles. No long contracts required for subscription plans.,For IPTV subscriptions and streaming device bundles. 36-hour trial applies to subscription plans only.,Shop Fire Stick and ONN options,"jailbroken fire stick, onn google tv, iptv subscription, fire stick streaming, streamstickpro",Keep pricing synchronized with live product data. Avoid mentioning buffering claims.
AD-0147,YouTube,Budget-conscious streamers,Built for Fire Stick and ONN | 24/7 support,"Built for Fire Stick and ONN. 24/7 support and setup tutorials included. Secure Stripe checkout with card + wallet options. Built for Fire Stick HD, 4K, 4K Max, and ONN devices.",For IPTV subscriptions and streaming device bundles. 36-hour trial applies to subscription plans only.,See pricing and start today,"jailbroken fire stick, onn google tv, iptv subscription, fire stick streaming, streamstickpro",Keep pricing synchronized with live product data. Avoid mentioning buffering claims.
AD-0148,Facebook,ONN Google TV users,Ready in about 10 minutes | 36-hour subscription trial available,"Ready in about 10 minutes. 36-hour subscription trial available. 18,000+ live channels and 100,000+ movies & series. Works with IPTV Smarters Pro and TiviMate.",For IPTV subscriptions and streaming device bundles. 36-hour trial applies to subscription plans only.,Get setup support and stream tonight,"jailbroken fire stick, onn google tv, iptv subscription, fire stick streaming, streamstickpro",Keep pricing synchronized with live product data. Avoid mentioning buffering claims.
AD-0149,YouTube,Fire Stick users,Get premium channels without cable contracts | 1-year service included on device bundles,Get premium channels without cable contracts. 1-year service included on device bundles. 1-year service included on device bundles. Fast setup with clear step-by-step guidance.,For IPTV subscriptions and streaming device bundles. 36-hour trial applies to subscription plans only.,Visit StreamStickPro now,"jailbroken fire stick, onn google tv, iptv subscription, fire stick streaming, streamstickpro",Keep pricing synchronized with live product data. Avoid mentioning buffering claims.
AD-0150,Facebook,Cord-cutters,"Stop paying cable prices | 18,000+ live channels","Stop paying cable prices. 18,000+ live channels and 100,000+ movies & series. 36-hour subscription trial available. Trusted by thousands of streamers.",For IPTV subscriptions and streaming device bundles. 36-hour trial applies to subscription plans only.,Start your 36-hour subscription trial,"jailbroken fire stick, onn google tv, iptv subscription, fire stick streaming, streamstickpro",Keep pricing synchronized with live product data. Avoid mentioning buffering claims.
AD-0151,YouTube,Returning IPTV users,Upgrade your streaming setup | Secure Stripe checkout with card + wallet options,Upgrade your streaming setup. Secure Stripe checkout with card + wallet options. 24/7 support and setup tutorials included. Easy renewals and support when you need it.,For IPTV subscriptions and streaming device bundles. 36-hour trial applies to subscription plans only.,Compare plans and device bundles,"jailbroken fire stick, onn google tv, iptv subscription, fire stick streaming, streamstickpro",Keep pricing synchronized with live product data. Avoid mentioning buffering claims.
AD-0152,Facebook,Families replacing cable,One app. Cleaner streaming experience | Shipping included on device bundles,One app. Cleaner streaming experience. Shipping included on device bundles. Shipping included on device bundles. No long contracts required for subscription plans.,For IPTV subscriptions and streaming device bundles. 36-hour trial applies to subscription plans only.,Shop Fire Stick and ONN options,"jailbroken fire stick, onn google tv, iptv subscription, fire stick streaming, streamstickpro",Keep pricing synchronized with live product data. Avoid mentioning buffering claims.
AD-0153,YouTube,Budget-conscious streamers,Built for Fire Stick and ONN | 24/7 support,"Built for Fire Stick and ONN. 24/7 support and setup tutorials included. Secure Stripe checkout with card + wallet options. Built for Fire Stick HD, 4K, 4K Max, and ONN devices.",For IPTV subscriptions and streaming device bundles. 36-hour trial applies to subscription plans only.,See pricing and start today,"jailbroken fire stick, onn google tv, iptv subscription, fire stick streaming, streamstickpro",Keep pricing synchronized with live product data. Avoid mentioning buffering claims.
AD-0154,Facebook,ONN Google TV users,Ready in about 10 minutes | 36-hour subscription trial available,"Ready in about 10 minutes. 36-hour subscription trial available. 18,000+ live channels and 100,000+ movies & series. Works with IPTV Smarters Pro and TiviMate.",For IPTV subscriptions and streaming device bundles. 36-hour trial applies to subscription plans only.,Get setup support and stream tonight,"jailbroken fire stick, onn google tv, iptv subscription, fire stick streaming, streamstickpro",Keep pricing synchronized with live product data. Avoid mentioning buffering claims.
AD-0155,YouTube,Fire Stick users,Get premium channels without cable contracts | 1-year service included on device bundles,Get premium channels without cable contracts. 1-year service included on device bundles. 1-year service included on device bundles. Fast setup with clear step-by-step guidance.,For IPTV subscriptions and streaming device bundles. 36-hour trial applies to subscription plans only.,Visit StreamStickPro now,"jailbroken fire stick, onn google tv, iptv subscription, fire stick streaming, streamstickpro",Keep pricing synchronized with live product data. Avoid mentioning buffering claims.
AD-0156,Facebook,Cord-cutters,"Stop paying cable prices | 18,000+ live channels","Stop paying cable prices. 18,000+ live channels and 100,000+ movies & series. 36-hour subscription trial available. Trusted by thousands of streamers.",For IPTV subscriptions and streaming device bundles. 36-hour trial applies to subscription plans only.,Start your 36-hour subscription trial,"jailbroken fire stick, onn google tv, iptv subscription, fire stick streaming, streamstickpro",Keep pricing synchronized with live product data. Avoid mentioning buffering claims.
AD-0157,YouTube,Returning IPTV users,Upgrade your streaming setup | Secure Stripe checkout with card + wallet options,Upgrade your streaming setup. Secure Stripe checkout with card + wallet options. 24/7 support and setup tutorials included. Easy renewals and support when you need it.,For IPTV subscriptions and streaming device bundles. 36-hour trial applies to subscription plans only.,Compare plans and device bundles,"jailbroken fire stick, onn google tv, iptv subscription, fire stick streaming, streamstickpro",Keep pricing synchronized with live product data. Avoid mentioning buffering claims.
AD-0158,Facebook,Families replacing cable,One app. Cleaner streaming experience | Shipping included on device bundles,One app. Cleaner streaming experience. Shipping included on device bundles. Shipping included on device bundles. No long contracts required for subscription plans.,For IPTV subscriptions and streaming device bundles. 36-hour trial applies to subscription plans only.,Shop Fire Stick and ONN options,"jailbroken fire stick, onn google tv, iptv subscription, fire stick streaming, streamstickpro",Keep pricing synchronized with live product data. Avoid mentioning buffering claims.
AD-0159,YouTube,Budget-conscious streamers,Built for Fire Stick and ONN | 24/7 support,"Built for Fire Stick and ONN. 24/7 support and setup tutorials included. Secure Stripe checkout with card + wallet options. Built for Fire Stick HD, 4K, 4K Max, and ONN devices.",For IPTV subscriptions and streaming device bundles. 36-hour trial applies to subscription plans only.,See pricing and start today,"jailbroken fire stick, onn google tv, iptv subscription, fire stick streaming, streamstickpro",Keep pricing synchronized with live product data. Avoid mentioning buffering claims.
AD-0160,Facebook,ONN Google TV users,Ready in about 10 minutes | 36-hour subscription trial available,"Ready in about 10 minutes. 36-hour subscription trial available. 18,000+ live channels and 100,000+ movies & series. Works with IPTV Smarters Pro and TiviMate.",For IPTV subscriptions and streaming device bundles. 36-hour trial applies to subscription plans only.,Get setup support and stream tonight,"jailbroken fire stick, onn google tv, iptv subscription, fire stick streaming, streamstickpro",Keep pricing synchronized with live product data. Avoid mentioning buffering claims.
AD-0161,YouTube,Fire Stick users,Get premium channels without cable contracts | 1-year service included on device bundles,Get premium channels without cable contracts. 1-year service included on device bundles. 1-year service included on device bundles. Fast setup with clear step-by-step guidance.,For IPTV subscriptions and streaming device bundles. 36-hour trial applies to subscription plans only.,Visit StreamStickPro now,"jailbroken fire stick, onn google tv, iptv subscription, fire stick streaming, streamstickpro",Keep pricing synchronized with live product data. Avoid mentioning buffering claims.
AD-0162,Facebook,Cord-cutters,"Stop paying cable prices | 18,000+ live channels","Stop paying cable prices. 18,000+ live channels and 100,000+ movies & series. 36-hour subscription trial available. Trusted by thousands of streamers.",For IPTV subscriptions and streaming device bundles. 36-hour trial applies to subscription plans only.,Start your 36-hour subscription trial,"jailbroken fire stick, onn google tv, iptv subscription, fire stick streaming, streamstickpro",Keep pricing synchronized with live product data. Avoid mentioning buffering claims.
AD-0163,YouTube,Returning IPTV users,Upgrade your streaming setup | Secure Stripe checkout with card + wallet options,Upgrade your streaming setup. Secure Stripe checkout with card + wallet options. 24/7 support and setup tutorials included. Easy renewals and support when you need it.,For IPTV subscriptions and streaming device bundles. 36-hour trial applies to subscription plans only.,Compare plans and device bundles,"jailbroken fire stick, onn google tv, iptv subscription, fire stick streaming, streamstickpro",Keep pricing synchronized with live product data. Avoid mentioning buffering claims.
AD-0164,Facebook,Families replacing cable,One app. Cleaner streaming experience | Shipping included on device bundles,One app. Cleaner streaming experience. Shipping included on device bundles. Shipping included on device bundles. No long contracts required for subscription plans.,For IPTV subscriptions and streaming device bundles. 36-hour trial applies to subscription plans only.,Shop Fire Stick and ONN options,"jailbroken fire stick, onn google tv, iptv subscription, fire stick streaming, streamstickpro",Keep pricing synchronized with live product data. Avoid mentioning buffering claims.
AD-0165,YouTube,Budget-conscious streamers,Built for Fire Stick and ONN | 24/7 support,"Built for Fire Stick and ONN. 24/7 support and setup tutorials included. Secure Stripe checkout with card + wallet options. Built for Fire Stick HD, 4K, 4K Max, and ONN devices.",For IPTV subscriptions and streaming device bundles. 36-hour trial applies to subscription plans only.,See pricing and start today,"jailbroken fire stick, onn google tv, iptv subscription, fire stick streaming, streamstickpro",Keep pricing synchronized with live product data. Avoid mentioning buffering claims.
AD-0166,Facebook,ONN Google TV users,Ready in about 10 minutes | 36-hour subscription trial available,"Ready in about 10 minutes. 36-hour subscription trial available. 18,000+ live channels and 100,000+ movies & series. Works with IPTV Smarters Pro and TiviMate.",For IPTV subscriptions and streaming device bundles. 36-hour trial applies to subscription plans only.,Get setup support and stream tonight,"jailbroken fire stick, onn google tv, iptv subscription, fire stick streaming, streamstickpro",Keep pricing synchronized with live product data. Avoid mentioning buffering claims.
AD-0167,YouTube,Fire Stick users,Get premium channels without cable contracts | 1-year service included on device bundles,Get premium channels without cable contracts. 1-year service included on device bundles. 1-year service included on device bundles. Fast setup with clear step-by-step guidance.,For IPTV subscriptions and streaming device bundles. 36-hour trial applies to subscription plans only.,Visit StreamStickPro now,"jailbroken fire stick, onn google tv, iptv subscription, fire stick streaming, streamstickpro",Keep pricing synchronized with live product data. Avoid mentioning buffering claims.
AD-0168,Facebook,Cord-cutters,"Stop paying cable prices | 18,000+ live channels","Stop paying cable prices. 18,000+ live channels and 100,000+ movies & series. 36-hour subscription trial available. Trusted by thousands of streamers.",For IPTV subscriptions and streaming device bundles. 36-hour trial applies to subscription plans only.,Start your 36-hour subscription trial,"jailbroken fire stick, onn google tv, iptv subscription, fire stick streaming, streamstickpro",Keep pricing synchronized with live product data. Avoid mentioning buffering claims.
AD-0169,YouTube,Returning IPTV users,Upgrade your streaming setup | Secure Stripe checkout with card + wallet options,Upgrade your streaming setup. Secure Stripe checkout with card + wallet options. 24/7 support and setup tutorials included. Easy renewals and support when you need it.,For IPTV subscriptions and streaming device bundles. 36-hour trial applies to subscription plans only.,Compare plans and device bundles,"jailbroken fire stick, onn google tv, iptv subscription, fire stick streaming, streamstickpro",Keep pricing synchronized with live product data. Avoid mentioning buffering claims.
AD-0170,Facebook,Families replacing cable,One app. Cleaner streaming experience | Shipping included on device bundles,One app. Cleaner streaming experience. Shipping included on device bundles. Shipping included on device bundles. No long contracts required for subscription plans.,For IPTV subscriptions and streaming device bundles. 36-hour trial applies to subscription plans only.,Shop Fire Stick and ONN options,"jailbroken fire stick, onn google tv, iptv subscription, fire stick streaming, streamstickpro",Keep pricing synchronized with live product data. Avoid mentioning buffering claims.
AD-0171,YouTube,Budget-conscious streamers,Built for Fire Stick and ONN | 24/7 support,"Built for Fire Stick and ONN. 24/7 support and setup tutorials included. Secure Stripe checkout with card + wallet options. Built for Fire Stick HD, 4K, 4K Max, and ONN devices.",For IPTV subscriptions and streaming device bundles. 36-hour trial applies to subscription plans only.,See pricing and start today,"jailbroken fire stick, onn google tv, iptv subscription, fire stick streaming, streamstickpro",Keep pricing synchronized with live product data. Avoid mentioning buffering claims.
AD-0172,Facebook,ONN Google TV users,Ready in about 10 minutes | 36-hour subscription trial available,"Ready in about 10 minutes. 36-hour subscription trial available. 18,000+ live channels and 100,000+ movies & series. Works with IPTV Smarters Pro and TiviMate.",For IPTV subscriptions and streaming device bundles. 36-hour trial applies to subscription plans only.,Get setup support and stream tonight,"jailbroken fire stick, onn google tv, iptv subscription, fire stick streaming, streamstickpro",Keep pricing synchronized with live product data. Avoid mentioning buffering claims.
AD-0173,YouTube,Fire Stick users,Get premium channels without cable contracts | 1-year service included on device bundles,Get premium channels without cable contracts. 1-year service included on device bundles. 1-year service included on device bundles. Fast setup with clear step-by-step guidance.,For IPTV subscriptions and streaming device bundles. 36-hour trial applies to subscription plans only.,Visit StreamStickPro now,"jailbroken fire stick, onn google tv, iptv subscription, fire stick streaming, streamstickpro",Keep pricing synchronized with live product data. Avoid mentioning buffering claims.
AD-0174,Facebook,Cord-cutters,"Stop paying cable prices | 18,000+ live channels","Stop paying cable prices. 18,000+ live channels and 100,000+ movies & series. 36-hour subscription trial available. Trusted by thousands of streamers.",For IPTV subscriptions and streaming device bundles. 36-hour trial applies to subscription plans only.,Start your 36-hour subscription trial,"jailbroken fire stick, onn google tv, iptv subscription, fire stick streaming, streamstickpro",Keep pricing synchronized with live product data. Avoid mentioning buffering claims.
AD-0175,YouTube,Returning IPTV users,Upgrade your streaming setup | Secure Stripe checkout with card + wallet options,Upgrade your streaming setup. Secure Stripe checkout with card + wallet options. 24/7 support and setup tutorials included. Easy renewals and support when you need it.,For IPTV subscriptions and streaming device bundles. 36-hour trial applies to subscription plans only.,Compare plans and device bundles,"jailbroken fire stick, onn google tv, iptv subscription, fire stick streaming, streamstickpro",Keep pricing synchronized with live product data. Avoid mentioning buffering claims.
AD-0176,Facebook,Families replacing cable,One app. Cleaner streaming experience | Shipping included on device bundles,One app. Cleaner streaming experience. Shipping included on device bundles. Shipping included on device bundles. No long contracts required for subscription plans.,For IPTV subscriptions and streaming device bundles. 36-hour trial applies to subscription plans only.,Shop Fire Stick and ONN options,"jailbroken fire stick, onn google tv, iptv subscription, fire stick streaming, streamstickpro",Keep pricing synchronized with live product data. Avoid mentioning buffering claims.
AD-0177,YouTube,Budget-conscious streamers,Built for Fire Stick and ONN | 24/7 support,"Built for Fire Stick and ONN. 24/7 support and setup tutorials included. Secure Stripe checkout with card + wallet options. Built for Fire Stick HD, 4K, 4K Max, and ONN devices.",For IPTV subscriptions and streaming device bundles. 36-hour trial applies to subscription plans only.,See pricing and start today,"jailbroken fire stick, onn google tv, iptv subscription, fire stick streaming, streamstickpro",Keep pricing synchronized with live product data. Avoid mentioning buffering claims.
AD-0178,Facebook,ONN Google TV users,Ready in about 10 minutes | 36-hour subscription trial available,"Ready in about 10 minutes. 36-hour subscription trial available. 18,000+ live channels and 100,000+ movies & series. Works with IPTV Smarters Pro and TiviMate.",For IPTV subscriptions and streaming device bundles. 36-hour trial applies to subscription plans only.,Get setup support and stream tonight,"jailbroken fire stick, onn google tv, iptv subscription, fire stick streaming, streamstickpro",Keep pricing synchronized with live product data. Avoid mentioning buffering claims.
AD-0179,YouTube,Fire Stick users,Get premium channels without cable contracts | 1-year service included on device bundles,Get premium channels without cable contracts. 1-year service included on device bundles. 1-year service included on device bundles. Fast setup with clear step-by-step guidance.,For IPTV subscriptions and streaming device bundles. 36-hour trial applies to subscription plans only.,Visit StreamStickPro now,"jailbroken fire stick, onn google tv, iptv subscription, fire stick streaming, streamstickpro",Keep pricing synchronized with live product data. Avoid mentioning buffering claims.
AD-0180,Facebook,Cord-cutters,"Stop paying cable prices | 18,000+ live channels","Stop paying cable prices. 18,000+ live channels and 100,000+ movies & series. 36-hour subscription trial available. Trusted by thousands of streamers.",For IPTV subscriptions and streaming device bundles. 36-hour trial applies to subscription plans only.,Start your 36-hour subscription trial,"jailbroken fire stick, onn google tv, iptv subscription, fire stick streaming, streamstickpro",Keep pricing synchronized with live product data. Avoid mentioning buffering claims.
AD-0181,YouTube,Returning IPTV users,Upgrade your streaming setup | Secure Stripe checkout with card + wallet options,Upgrade your streaming setup. Secure Stripe checkout with card + wallet options. 24/7 support and setup tutorials included. Easy renewals and support when you need it.,For IPTV subscriptions and streaming device bundles. 36-hour trial applies to subscription plans only.,Compare plans and device bundles,"jailbroken fire stick, onn google tv, iptv subscription, fire stick streaming, streamstickpro",Keep pricing synchronized with live product data. Avoid mentioning buffering claims.
AD-0182,Facebook,Families replacing cable,One app. Cleaner streaming experience | Shipping included on device bundles,One app. Cleaner streaming experience. Shipping included on device bundles. Shipping included on device bundles. No long contracts required for subscription plans.,For IPTV subscriptions and streaming device bundles. 36-hour trial applies to subscription plans only.,Shop Fire Stick and ONN options,"jailbroken fire stick, onn google tv, iptv subscription, fire stick streaming, streamstickpro",Keep pricing synchronized with live product data. Avoid mentioning buffering claims.
AD-0183,YouTube,Budget-conscious streamers,Built for Fire Stick and ONN | 24/7 support,"Built for Fire Stick and ONN. 24/7 support and setup tutorials included. Secure Stripe checkout with card + wallet options. Built for Fire Stick HD, 4K, 4K Max, and ONN devices.",For IPTV subscriptions and streaming device bundles. 36-hour trial applies to subscription plans only.,See pricing and start today,"jailbroken fire stick, onn google tv, iptv subscription, fire stick streaming, streamstickpro",Keep pricing synchronized with live product data. Avoid mentioning buffering claims.
AD-0184,Facebook,ONN Google TV users,Ready in about 10 minutes | 36-hour subscription trial available,"Ready in about 10 minutes. 36-hour subscription trial available. 18,000+ live channels and 100,000+ movies & series. Works with IPTV Smarters Pro and TiviMate.",For IPTV subscriptions and streaming device bundles. 36-hour trial applies to subscription plans only.,Get setup support and stream tonight,"jailbroken fire stick, onn google tv, iptv subscription, fire stick streaming, streamstickpro",Keep pricing synchronized with live product data. Avoid mentioning buffering claims.
AD-0185,YouTube,Fire Stick users,Get premium channels without cable contracts | 1-year service included on device bundles,Get premium channels without cable contracts. 1-year service included on device bundles. 1-year service included on device bundles. Fast setup with clear step-by-step guidance.,For IPTV subscriptions and streaming device bundles. 36-hour trial applies to subscription plans only.,Visit StreamStickPro now,"jailbroken fire stick, onn google tv, iptv subscription, fire stick streaming, streamstickpro",Keep pricing synchronized with live product data. Avoid mentioning buffering claims.
AD-0186,Facebook,Cord-cutters,"Stop paying cable prices | 18,000+ live channels","Stop paying cable prices. 18,000+ live channels and 100,000+ movies & series. 36-hour subscription trial available. Trusted by thousands of streamers.",For IPTV subscriptions and streaming device bundles. 36-hour trial applies to subscription plans only.,Start your 36-hour subscription trial,"jailbroken fire stick, onn google tv, iptv subscription, fire stick streaming, streamstickpro",Keep pricing synchronized with live product data. Avoid mentioning buffering claims.
AD-0187,YouTube,Returning IPTV users,Upgrade your streaming setup | Secure Stripe checkout with card + wallet options,Upgrade your streaming setup. Secure Stripe checkout with card + wallet options. 24/7 support and setup tutorials included. Easy renewals and support when you need it.,For IPTV subscriptions and streaming device bundles. 36-hour trial applies to subscription plans only.,Compare plans and device bundles,"jailbroken fire stick, onn google tv, iptv subscription, fire stick streaming, streamstickpro",Keep pricing synchronized with live product data. Avoid mentioning buffering claims.
AD-0188,Facebook,Families replacing cable,One app. Cleaner streaming experience | Shipping included on device bundles,One app. Cleaner streaming experience. Shipping included on device bundles. Shipping included on device bundles. No long contracts required for subscription plans.,For IPTV subscriptions and streaming device bundles. 36-hour trial applies to subscription plans only.,Shop Fire Stick and ONN options,"jailbroken fire stick, onn google tv, iptv subscription, fire stick streaming, streamstickpro",Keep pricing synchronized with live product data. Avoid mentioning buffering claims.
AD-0189,YouTube,Budget-conscious streamers,Built for Fire Stick and ONN | 24/7 support,"Built for Fire Stick and ONN. 24/7 support and setup tutorials included. Secure Stripe checkout with card + wallet options. Built for Fire Stick HD, 4K, 4K Max, and ONN devices.",For IPTV subscriptions and streaming device bundles. 36-hour trial applies to subscription plans only.,See pricing and start today,"jailbroken fire stick, onn google tv, iptv subscription, fire stick streaming, streamstickpro",Keep pricing synchronized with live product data. Avoid mentioning buffering claims.
AD-0190,Facebook,ONN Google TV users,Ready in about 10 minutes | 36-hour subscription trial available,"Ready in about 10 minutes. 36-hour subscription trial available. 18,000+ live channels and 100,000+ movies & series. Works with IPTV Smarters Pro and TiviMate.",For IPTV subscriptions and streaming device bundles. 36-hour trial applies to subscription plans only.,Get setup support and stream tonight,"jailbroken fire stick, onn google tv, iptv subscription, fire stick streaming, streamstickpro",Keep pricing synchronized with live product data. Avoid mentioning buffering claims.
AD-0191,YouTube,Fire Stick users,Get premium channels without cable contracts | 1-year service included on device bundles,Get premium channels without cable contracts. 1-year service included on device bundles. 1-year service included on device bundles. Fast setup with clear step-by-step guidance.,For IPTV subscriptions and streaming device bundles. 36-hour trial applies to subscription plans only.,Visit StreamStickPro now,"jailbroken fire stick, onn google tv, iptv subscription, fire stick streaming, streamstickpro",Keep pricing synchronized with live product data. Avoid mentioning buffering claims.
AD-0192,Facebook,Cord-cutters,"Stop paying cable prices | 18,000+ live channels","Stop paying cable prices. 18,000+ live channels and 100,000+ movies & series. 36-hour subscription trial available. Trusted by thousands of streamers.",For IPTV subscriptions and streaming device bundles. 36-hour trial applies to subscription plans only.,Start your 36-hour subscription trial,"jailbroken fire stick, onn google tv, iptv subscription, fire stick streaming, streamstickpro",Keep pricing synchronized with live product data. Avoid mentioning buffering claims.
AD-0193,YouTube,Returning IPTV users,Upgrade your streaming setup | Secure Stripe checkout with card + wallet options,Upgrade your streaming setup. Secure Stripe checkout with card + wallet options. 24/7 support and setup tutorials included. Easy renewals and support when you need it.,For IPTV subscriptions and streaming device bundles. 36-hour trial applies to subscription plans only.,Compare plans and device bundles,"jailbroken fire stick, onn google tv, iptv subscription, fire stick streaming, streamstickpro",Keep pricing synchronized with live product data. Avoid mentioning buffering claims.
AD-0194,Facebook,Families replacing cable,One app. Cleaner streaming experience | Shipping included on device bundles,One app. Cleaner streaming experience. Shipping included on device bundles. Shipping included on device bundles. No long contracts required for subscription plans.,For IPTV subscriptions and streaming device bundles. 36-hour trial applies to subscription plans only.,Shop Fire Stick and ONN options,"jailbroken fire stick, onn google tv, iptv subscription, fire stick streaming, streamstickpro",Keep pricing synchronized with live product data. Avoid mentioning buffering claims.
AD-0195,YouTube,Budget-conscious streamers,Built for Fire Stick and ONN | 24/7 support,"Built for Fire Stick and ONN. 24/7 support and setup tutorials included. Secure Stripe checkout with card + wallet options. Built for Fire Stick HD, 4K, 4K Max, and ONN devices.",For IPTV subscriptions and streaming device bundles. 36-hour trial applies to subscription plans only.,See pricing and start today,"jailbroken fire stick, onn google tv, iptv subscription, fire stick streaming, streamstickpro",Keep pricing synchronized with live product data. Avoid mentioning buffering claims.
AD-0196,Facebook,ONN Google TV users,Ready in about 10 minutes | 36-hour subscription trial available,"Ready in about 10 minutes. 36-hour subscription trial available. 18,000+ live channels and 100,000+ movies & series. Works with IPTV Smarters Pro and TiviMate.",For IPTV subscriptions and streaming device bundles. 36-hour trial applies to subscription plans only.,Get setup support and stream tonight,"jailbroken fire stick, onn google tv, iptv subscription, fire stick streaming, streamstickpro",Keep pricing synchronized with live product data. Avoid mentioning buffering claims.
AD-0197,YouTube,Fire Stick users,Get premium channels without cable contracts | 1-year service included on device bundles,Get premium channels without cable contracts. 1-year service included on device bundles. 1-year service included on device bundles. Fast setup with clear step-by-step guidance.,For IPTV subscriptions and streaming device bundles. 36-hour trial applies to subscription plans only.,Visit StreamStickPro now,"jailbroken fire stick, onn google tv, iptv subscription, fire stick streaming, streamstickpro",Keep pricing synchronized with live product data. Avoid mentioning buffering claims.
AD-0198,Facebook,Cord-cutters,"Stop paying cable prices | 18,000+ live channels","Stop paying cable prices. 18,000+ live channels and 100,000+ movies & series. 36-hour subscription trial available. Trusted by thousands of streamers.",For IPTV subscriptions and streaming device bundles. 36-hour trial applies to subscription plans only.,Start your 36-hour subscription trial,"jailbroken fire stick, onn google tv, iptv subscription, fire stick streaming, streamstickpro",Keep pricing synchronized with live product data. Avoid mentioning buffering claims.
AD-0199,YouTube,Returning IPTV users,Upgrade your streaming setup | Secure Stripe checkout with card + wallet options,Upgrade your streaming setup. Secure Stripe checkout with card + wallet options. 24/7 support and setup tutorials included. Easy renewals and support when you need it.,For IPTV subscriptions and streaming device bundles. 36-hour trial applies to subscription plans only.,Compare plans and device bundles,"jailbroken fire stick, onn google tv, iptv subscription, fire stick streaming, streamstickpro",Keep pricing synchronized with live product data. Avoid mentioning buffering claims.
AD-0200,Facebook,Families replacing cable,One app. Cleaner streaming experience | Shipping included on device bundles,One app. Cleaner streaming experience. Shipping included on device bundles. Shipping included on device bundles. No long contracts required for subscription plans.,For IPTV subscriptions and streaming device bundles. 36-hour trial applies to subscription plans only.,Shop Fire Stick and ONN options,"jailbroken fire stick, onn google tv, iptv subscription, fire stick streaming, streamstickpro",Keep pricing synchronized with live product data. Avoid mentioning buffering claims.
AD-0201,YouTube,Budget-conscious streamers,Built for Fire Stick and ONN | 24/7 support,"Built for Fire Stick and ONN. 24/7 support and setup tutorials included. Secure Stripe checkout with card + wallet options. Built for Fire Stick HD, 4K, 4K Max, and ONN devices.",For IPTV subscriptions and streaming device bundles. 36-hour trial applies to subscription plans only.,See pricing and start today,"jailbroken fire stick, onn google tv, iptv subscription, fire stick streaming, streamstickpro",Keep pricing synchronized with live product data. Avoid mentioning buffering claims.
AD-0202,Facebook,ONN Google TV users,Ready in about 10 minutes | 36-hour subscription trial available,"Ready in about 10 minutes. 36-hour subscription trial available. 18,000+ live channels and 100,000+ movies & series. Works with IPTV Smarters Pro and TiviMate.",For IPTV subscriptions and streaming device bundles. 36-hour trial applies to subscription plans only.,Get setup support and stream tonight,"jailbroken fire stick, onn google tv, iptv subscription, fire stick streaming, streamstickpro",Keep pricing synchronized with live product data. Avoid mentioning buffering claims.
AD-0203,YouTube,Fire Stick users,Get premium channels without cable contracts | 1-year service included on device bundles,Get premium channels without cable contracts. 1-year service included on device bundles. 1-year service included on device bundles. Fast setup with clear step-by-step guidance.,For IPTV subscriptions and streaming device bundles. 36-hour trial applies to subscription plans only.,Visit StreamStickPro now,"jailbroken fire stick, onn google tv, iptv subscription, fire stick streaming, streamstickpro",Keep pricing synchronized with live product data. Avoid mentioning buffering claims.
AD-0204,Facebook,Cord-cutters,"Stop paying cable prices | 18,000+ live channels","Stop paying cable prices. 18,000+ live channels and 100,000+ movies & series. 36-hour subscription trial available. Trusted by thousands of streamers.",For IPTV subscriptions and streaming device bundles. 36-hour trial applies to subscription plans only.,Start your 36-hour subscription trial,"jailbroken fire stick, onn google tv, iptv subscription, fire stick streaming, streamstickpro",Keep pricing synchronized with live product data. Avoid mentioning buffering claims.
AD-0205,YouTube,Returning IPTV users,Upgrade your streaming setup | Secure Stripe checkout with card + wallet options,Upgrade your streaming setup. Secure Stripe checkout with card + wallet options. 24/7 support and setup tutorials included. Easy renewals and support when you need it.,For IPTV subscriptions and streaming device bundles. 36-hour trial applies to subscription plans only.,Compare plans and device bundles,"jailbroken fire stick, onn google tv, iptv subscription, fire stick streaming, streamstickpro",Keep pricing synchronized with live product data. Avoid mentioning buffering claims.
AD-0206,Facebook,Families replacing cable,One app. Cleaner streaming experience | Shipping included on device bundles,One app. Cleaner streaming experience. Shipping included on device bundles. Shipping included on device bundles. No long contracts required for subscription plans.,For IPTV subscriptions and streaming device bundles. 36-hour trial applies to subscription plans only.,Shop Fire Stick and ONN options,"jailbroken fire stick, onn google tv, iptv subscription, fire stick streaming, streamstickpro",Keep pricing synchronized with live product data. Avoid mentioning buffering claims.
AD-0207,YouTube,Budget-conscious streamers,Built for Fire Stick and ONN | 24/7 support,"Built for Fire Stick and ONN. 24/7 support and setup tutorials included. Secure Stripe checkout with card + wallet options. Built for Fire Stick HD, 4K, 4K Max, and ONN devices.",For IPTV subscriptions and streaming device bundles. 36-hour trial applies to subscription plans only.,See pricing and start today,"jailbroken fire stick, onn google tv, iptv subscription, fire stick streaming, streamstickpro",Keep pricing synchronized with live product data. Avoid mentioning buffering claims.
AD-0208,Facebook,ONN Google TV users,Ready in about 10 minutes | 36-hour subscription trial available,"Ready in about 10 minutes. 36-hour subscription trial available. 18,000+ live channels and 100,000+ movies & series. Works with IPTV Smarters Pro and TiviMate.",For IPTV subscriptions and streaming device bundles. 36-hour trial applies to subscription plans only.,Get setup support and stream tonight,"jailbroken fire stick, onn google tv, iptv subscription, fire stick streaming, streamstickpro",Keep pricing synchronized with live product data. Avoid mentioning buffering claims.
AD-0209,YouTube,Fire Stick users,Get premium channels without cable contracts | 1-year service included on device bundles,Get premium channels without cable contracts. 1-year service included on device bundles. 1-year service included on device bundles. Fast setup with clear step-by-step guidance.,For IPTV subscriptions and streaming device bundles. 36-hour trial applies to subscription plans only.,Visit StreamStickPro now,"jailbroken fire stick, onn google tv, iptv subscription, fire stick streaming, streamstickpro",Keep pricing synchronized with live product data. Avoid mentioning buffering claims.
AD-0210,Facebook,Cord-cutters,"Stop paying cable prices | 18,000+ live channels","Stop paying cable prices. 18,000+ live channels and 100,000+ movies & series. 36-hour subscription trial available. Trusted by thousands of streamers.",For IPTV subscriptions and streaming device bundles. 36-hour trial applies to subscription plans only.,Start your 36-hour subscription trial,"jailbroken fire stick, onn google tv, iptv subscription, fire stick streaming, streamstickpro",Keep pricing synchronized with live product data. Avoid mentioning buffering claims.
AD-0211,YouTube,Returning IPTV users,Upgrade your streaming setup | Secure Stripe checkout with card + wallet options,Upgrade your streaming setup. Secure Stripe checkout with card + wallet options. 24/7 support and setup tutorials included. Easy renewals and support when you need it.,For IPTV subscriptions and streaming device bundles. 36-hour trial applies to subscription plans only.,Compare plans and device bundles,"jailbroken fire stick, onn google tv, iptv subscription, fire stick streaming, streamstickpro",Keep pricing synchronized with live product data. Avoid mentioning buffering claims.
AD-0212,Facebook,Families replacing cable,One app. Cleaner streaming experience | Shipping included on device bundles,One app. Cleaner streaming experience. Shipping included on device bundles. Shipping included on device bundles. No long contracts required for subscription plans.,For IPTV subscriptions and streaming device bundles. 36-hour trial applies to subscription plans only.,Shop Fire Stick and ONN options,"jailbroken fire stick, onn google tv, iptv subscription, fire stick streaming, streamstickpro",Keep pricing synchronized with live product data. Avoid mentioning buffering claims.
AD-0213,YouTube,Budget-conscious streamers,Built for Fire Stick and ONN | 24/7 support,"Built for Fire Stick and ONN. 24/7 support and setup tutorials included. Secure Stripe checkout with card + wallet options. Built for Fire Stick HD, 4K, 4K Max, and ONN devices.",For IPTV subscriptions and streaming device bundles. 36-hour trial applies to subscription plans only.,See pricing and start today,"jailbroken fire stick, onn google tv, iptv subscription, fire stick streaming, streamstickpro",Keep pricing synchronized with live product data. Avoid mentioning buffering claims.
AD-0214,Facebook,ONN Google TV users,Ready in about 10 minutes | 36-hour subscription trial available,"Ready in about 10 minutes. 36-hour subscription trial available. 18,000+ live channels and 100,000+ movies & series. Works with IPTV Smarters Pro and TiviMate.",For IPTV subscriptions and streaming device bundles. 36-hour trial applies to subscription plans only.,Get setup support and stream tonight,"jailbroken fire stick, onn google tv, iptv subscription, fire stick streaming, streamstickpro",Keep pricing synchronized with live product data. Avoid mentioning buffering claims.
AD-0215,YouTube,Fire Stick users,Get premium channels without cable contracts | 1-year service included on device bundles,Get premium channels without cable contracts. 1-year service included on device bundles. 1-year service included on device bundles. Fast setup with clear step-by-step guidance.,For IPTV subscriptions and streaming device bundles. 36-hour trial applies to subscription plans only.,Visit StreamStickPro now,"jailbroken fire stick, onn google tv, iptv subscription, fire stick streaming, streamstickpro",Keep pricing synchronized with live product data. Avoid mentioning buffering claims.
AD-0216,Facebook,Cord-cutters,"Stop paying cable prices | 18,000+ live channels","Stop paying cable prices. 18,000+ live channels and 100,000+ movies & series. 36-hour subscription trial available. Trusted by thousands of streamers.",For IPTV subscriptions and streaming device bundles. 36-hour trial applies to subscription plans only.,Start your 36-hour subscription trial,"jailbroken fire stick, onn google tv, iptv subscription, fire stick streaming, streamstickpro",Keep pricing synchronized with live product data. Avoid mentioning buffering claims.
AD-0217,YouTube,Returning IPTV users,Upgrade your streaming setup | Secure Stripe checkout with card + wallet options,Upgrade your streaming setup. Secure Stripe checkout with card + wallet options. 24/7 support and setup tutorials included. Easy renewals and support when you need it.,For IPTV subscriptions and streaming device bundles. 36-hour trial applies to subscription plans only.,Compare plans and device bundles,"jailbroken fire stick, onn google tv, iptv subscription, fire stick streaming, streamstickpro",Keep pricing synchronized with live product data. Avoid mentioning buffering claims.
AD-0218,Facebook,Families replacing cable,One app. Cleaner streaming experience | Shipping included on device bundles,One app. Cleaner streaming experience. Shipping included on device bundles. Shipping included on device bundles. No long contracts required for subscription plans.,For IPTV subscriptions and streaming device bundles. 36-hour trial applies to subscription plans only.,Shop Fire Stick and ONN options,"jailbroken fire stick, onn google tv, iptv subscription, fire stick streaming, streamstickpro",Keep pricing synchronized with live product data. Avoid mentioning buffering claims.
AD-0219,YouTube,Budget-conscious streamers,Built for Fire Stick and ONN | 24/7 support,"Built for Fire Stick and ONN. 24/7 support and setup tutorials included. Secure Stripe checkout with card + wallet options. Built for Fire Stick HD, 4K, 4K Max, and ONN devices.",For IPTV subscriptions and streaming device bundles. 36-hour trial applies to subscription plans only.,See pricing and start today,"jailbroken fire stick, onn google tv, iptv subscription, fire stick streaming, streamstickpro",Keep pricing synchronized with live product data. Avoid mentioning buffering claims.
AD-0220,Facebook,ONN Google TV users,Ready in about 10 minutes | 36-hour subscription trial available,"Ready in about 10 minutes. 36-hour subscription trial available. 18,000+ live channels and 100,000+ movies & series. Works with IPTV Smarters Pro and TiviMate.",For IPTV subscriptions and streaming device bundles. 36-hour trial applies to subscription plans only.,Get setup support and stream tonight,"jailbroken fire stick, onn google tv, iptv subscription, fire stick streaming, streamstickpro",Keep pricing synchronized with live product data. Avoid mentioning buffering claims.
AD-0221,YouTube,Fire Stick users,Get premium channels without cable contracts | 1-year service included on device bundles,Get premium channels without cable contracts. 1-year service included on device bundles. 1-year service included on device bundles. Fast setup with clear step-by-step guidance.,For IPTV subscriptions and streaming device bundles. 36-hour trial applies to subscription plans only.,Visit StreamStickPro now,"jailbroken fire stick, onn google tv, iptv subscription, fire stick streaming, streamstickpro",Keep pricing synchronized with live product data. Avoid mentioning buffering claims.
AD-0222,Facebook,Cord-cutters,"Stop paying cable prices | 18,000+ live channels","Stop paying cable prices. 18,000+ live channels and 100,000+ movies & series. 36-hour subscription trial available. Trusted by thousands of streamers.",For IPTV subscriptions and streaming device bundles. 36-hour trial applies to subscription plans only.,Start your 36-hour subscription trial,"jailbroken fire stick, onn google tv, iptv subscription, fire stick streaming, streamstickpro",Keep pricing synchronized with live product data. Avoid mentioning buffering claims.
AD-0223,YouTube,Returning IPTV users,Upgrade your streaming setup | Secure Stripe checkout with card + wallet options,Upgrade your streaming setup. Secure Stripe checkout with card + wallet options. 24/7 support and setup tutorials included. Easy renewals and support when you need it.,For IPTV subscriptions and streaming device bundles. 36-hour trial applies to subscription plans only.,Compare plans and device bundles,"jailbroken fire stick, onn google tv, iptv subscription, fire stick streaming, streamstickpro",Keep pricing synchronized with live product data. Avoid mentioning buffering claims.
AD-0224,Facebook,Families replacing cable,One app. Cleaner streaming experience | Shipping included on device bundles,One app. Cleaner streaming experience. Shipping included on device bundles. Shipping included on device bundles. No long contracts required for subscription plans.,For IPTV subscriptions and streaming device bundles. 36-hour trial applies to subscription plans only.,Shop Fire Stick and ONN options,"jailbroken fire stick, onn google tv, iptv subscription, fire stick streaming, streamstickpro",Keep pricing synchronized with live product data. Avoid mentioning buffering claims.
AD-0225,YouTube,Budget-conscious streamers,Built for Fire Stick and ONN | 24/7 support,"Built for Fire Stick and ONN. 24/7 support and setup tutorials included. Secure Stripe checkout with card + wallet options. Built for Fire Stick HD, 4K, 4K Max, and ONN devices.",For IPTV subscriptions and streaming device bundles. 36-hour trial applies to subscription plans only.,See pricing and start today,"jailbroken fire stick, onn google tv, iptv subscription, fire stick streaming, streamstickpro",Keep pricing synchronized with live product data. Avoid mentioning buffering claims.
AD-0226,Facebook,ONN Google TV users,Ready in about 10 minutes | 36-hour subscription trial available,"Ready in about 10 minutes. 36-hour subscription trial available. 18,000+ live channels and 100,000+ movies & series. Works with IPTV Smarters Pro and TiviMate.",For IPTV subscriptions and streaming device bundles. 36-hour trial applies to subscription plans only.,Get setup support and stream tonight,"jailbroken fire stick, onn google tv, iptv subscription, fire stick streaming, streamstickpro",Keep pricing synchronized with live product data. Avoid mentioning buffering claims.
AD-0227,YouTube,Fire Stick users,Get premium channels without cable contracts | 1-year service included on device bundles,Get premium channels without cable contracts. 1-year service included on device bundles. 1-year service included on device bundles. Fast setup with clear step-by-step guidance.,For IPTV subscriptions and streaming device bundles. 36-hour trial applies to subscription plans only.,Visit StreamStickPro now,"jailbroken fire stick, onn google tv, iptv subscription, fire stick streaming, streamstickpro",Keep pricing synchronized with live product data. Avoid mentioning buffering claims.
AD-0228,Facebook,Cord-cutters,"Stop paying cable prices | 18,000+ live channels","Stop paying cable prices. 18,000+ live channels and 100,000+ movies & series. 36-hour subscription trial available. Trusted by thousands of streamers.",For IPTV subscriptions and streaming device bundles. 36-hour trial applies to subscription plans only.,Start your 36-hour subscription trial,"jailbroken fire stick, onn google tv, iptv subscription, fire stick streaming, streamstickpro",Keep pricing synchronized with live product data. Avoid mentioning buffering claims.
AD-0229,YouTube,Returning IPTV users,Upgrade your streaming setup | Secure Stripe checkout with card + wallet options,Upgrade your streaming setup. Secure Stripe checkout with card + wallet options. 24/7 support and setup tutorials included. Easy renewals and support when you need it.,For IPTV subscriptions and streaming device bundles. 36-hour trial applies to subscription plans only.,Compare plans and device bundles,"jailbroken fire stick, onn google tv, iptv subscription, fire stick streaming, streamstickpro",Keep pricing synchronized with live product data. Avoid mentioning buffering claims.
AD-0230,Facebook,Families replacing cable,One app. Cleaner streaming experience | Shipping included on device bundles,One app. Cleaner streaming experience. Shipping included on device bundles. Shipping included on device bundles. No long contracts required for subscription plans.,For IPTV subscriptions and streaming device bundles. 36-hour trial applies to subscription plans only.,Shop Fire Stick and ONN options,"jailbroken fire stick, onn google tv, iptv subscription, fire stick streaming, streamstickpro",Keep pricing synchronized with live product data. Avoid mentioning buffering claims.
AD-0231,YouTube,Budget-conscious streamers,Built for Fire Stick and ONN | 24/7 support,"Built for Fire Stick and ONN. 24/7 support and setup tutorials included. Secure Stripe checkout with card + wallet options. Built for Fire Stick HD, 4K, 4K Max, and ONN devices.",For IPTV subscriptions and streaming device bundles. 36-hour trial applies to subscription plans only.,See pricing and start today,"jailbroken fire stick, onn google tv, iptv subscription, fire stick streaming, streamstickpro",Keep pricing synchronized with live product data. Avoid mentioning buffering claims.
AD-0232,Facebook,ONN Google TV users,Ready in about 10 minutes | 36-hour subscription trial available,"Ready in about 10 minutes. 36-hour subscription trial available. 18,000+ live channels and 100,000+ movies & series. Works with IPTV Smarters Pro and TiviMate.",For IPTV subscriptions and streaming device bundles. 36-hour trial applies to subscription plans only.,Get setup support and stream tonight,"jailbroken fire stick, onn google tv, iptv subscription, fire stick streaming, streamstickpro",Keep pricing synchronized with live product data. Avoid mentioning buffering claims.
AD-0233,YouTube,Fire Stick users,Get premium channels without cable contracts | 1-year service included on device bundles,Get premium channels without cable contracts. 1-year service included on device bundles. 1-year service included on device bundles. Fast setup with clear step-by-step guidance.,For IPTV subscriptions and streaming device bundles. 36-hour trial applies to subscription plans only.,Visit StreamStickPro now,"jailbroken fire stick, onn google tv, iptv subscription, fire stick streaming, streamstickpro",Keep pricing synchronized with live product data. Avoid mentioning buffering claims.
AD-0234,Facebook,Cord-cutters,"Stop paying cable prices | 18,000+ live channels","Stop paying cable prices. 18,000+ live channels and 100,000+ movies & series. 36-hour subscription trial available. Trusted by thousands of streamers.",For IPTV subscriptions and streaming device bundles. 36-hour trial applies to subscription plans only.,Start your 36-hour subscription trial,"jailbroken fire stick, onn google tv, iptv subscription, fire stick streaming, streamstickpro",Keep pricing synchronized with live product data. Avoid mentioning buffering claims.
AD-0235,YouTube,Returning IPTV users,Upgrade your streaming setup | Secure Stripe checkout with card + wallet options,Upgrade your streaming setup. Secure Stripe checkout with card + wallet options. 24/7 support and setup tutorials included. Easy renewals and support when you need it.,For IPTV subscriptions and streaming device bundles. 36-hour trial applies to subscription plans only.,Compare plans and device bundles,"jailbroken fire stick, onn google tv, iptv subscription, fire stick streaming, streamstickpro",Keep pricing synchronized with live product data. Avoid mentioning buffering claims.
AD-0236,Facebook,Families replacing cable,One app. Cleaner streaming experience | Shipping included on device bundles,One app. Cleaner streaming experience. Shipping included on device bundles. Shipping included on device bundles. No long contracts required for subscription plans.,For IPTV subscriptions and streaming device bundles. 36-hour trial applies to subscription plans only.,Shop Fire Stick and ONN options,"jailbroken fire stick, onn google tv, iptv subscription, fire stick streaming, streamstickpro",Keep pricing synchronized with live product data. Avoid mentioning buffering claims.
AD-0237,YouTube,Budget-conscious streamers,Built for Fire Stick and ONN | 24/7 support,"Built for Fire Stick and ONN. 24/7 support and setup tutorials included. Secure Stripe checkout with card + wallet options. Built for Fire Stick HD, 4K, 4K Max, and ONN devices.",For IPTV subscriptions and streaming device bundles. 36-hour trial applies to subscription plans only.,See pricing and start today,"jailbroken fire stick, onn google tv, iptv subscription, fire stick streaming, streamstickpro",Keep pricing synchronized with live product data. Avoid mentioning buffering claims.
AD-0238,Facebook,ONN Google TV users,Ready in about 10 minutes | 36-hour subscription trial available,"Ready in about 10 minutes. 36-hour subscription trial available. 18,000+ live channels and 100,000+ movies & series. Works with IPTV Smarters Pro and TiviMate.",For IPTV subscriptions and streaming device bundles. 36-hour trial applies to subscription plans only.,Get setup support and stream tonight,"jailbroken fire stick, onn google tv, iptv subscription, fire stick streaming, streamstickpro",Keep pricing synchronized with live product data. Avoid mentioning buffering claims.
AD-0239,YouTube,Fire Stick users,Get premium channels without cable contracts | 1-year service included on device bundles,Get premium channels without cable contracts. 1-year service included on device bundles. 1-year service included on device bundles. Fast setup with clear step-by-step guidance.,For IPTV subscriptions and streaming device bundles. 36-hour trial applies to subscription plans only.,Visit StreamStickPro now,"jailbroken fire stick, onn google tv, iptv subscription, fire stick streaming, streamstickpro",Keep pricing synchronized with live product data. Avoid mentioning buffering claims.
AD-0240,Facebook,Cord-cutters,"Stop paying cable prices | 18,000+ live channels","Stop paying cable prices. 18,000+ live channels and 100,000+ movies & series. 36-hour subscription trial available. Trusted by thousands of streamers.",For IPTV subscriptions and streaming device bundles. 36-hour trial applies to subscription plans only.,Start your 36-hour subscription trial,"jailbroken fire stick, onn google tv, iptv subscription, fire stick streaming, streamstickpro",Keep pricing synchronized with live product data. Avoid mentioning buffering claims.
AD-0241,YouTube,Returning IPTV users,Upgrade your streaming setup | Secure Stripe checkout with card + wallet options,Upgrade your streaming setup. Secure Stripe checkout with card + wallet options. 24/7 support and setup tutorials included. Easy renewals and support when you need it.,For IPTV subscriptions and streaming device bundles. 36-hour trial applies to subscription plans only.,Compare plans and device bundles,"jailbroken fire stick, onn google tv, iptv subscription, fire stick streaming, streamstickpro",Keep pricing synchronized with live product data. Avoid mentioning buffering claims.
AD-0242,Facebook,Families replacing cable,One app. Cleaner streaming experience | Shipping included on device bundles,One app. Cleaner streaming experience. Shipping included on device bundles. Shipping included on device bundles. No long contracts required for subscription plans.,For IPTV subscriptions and streaming device bundles. 36-hour trial applies to subscription plans only.,Shop Fire Stick and ONN options,"jailbroken fire stick, onn google tv, iptv subscription, fire stick streaming, streamstickpro",Keep pricing synchronized with live product data. Avoid mentioning buffering claims.
AD-0243,YouTube,Budget-conscious streamers,Built for Fire Stick and ONN | 24/7 support,"Built for Fire Stick and ONN. 24/7 support and setup tutorials included. Secure Stripe checkout with card + wallet options. Built for Fire Stick HD, 4K, 4K Max, and ONN devices.",For IPTV subscriptions and streaming device bundles. 36-hour trial applies to subscription plans only.,See pricing and start today,"jailbroken fire stick, onn google tv, iptv subscription, fire stick streaming, streamstickpro",Keep pricing synchronized with live product data. Avoid mentioning buffering claims.
AD-0244,Facebook,ONN Google TV users,Ready in about 10 minutes | 36-hour subscription trial available,"Ready in about 10 minutes. 36-hour subscription trial available. 18,000+ live channels and 100,000+ movies & series. Works with IPTV Smarters Pro and TiviMate.",For IPTV subscriptions and streaming device bundles. 36-hour trial applies to subscription plans only.,Get setup support and stream tonight,"jailbroken fire stick, onn google tv, iptv subscription, fire stick streaming, streamstickpro",Keep pricing synchronized with live product data. Avoid mentioning buffering claims.
AD-0245,YouTube,Fire Stick users,Get premium channels without cable contracts | 1-year service included on device bundles,Get premium channels without cable contracts. 1-year service included on device bundles. 1-year service included on device bundles. Fast setup with clear step-by-step guidance.,For IPTV subscriptions and streaming device bundles. 36-hour trial applies to subscription plans only.,Visit StreamStickPro now,"jailbroken fire stick, onn google tv, iptv subscription, fire stick streaming, streamstickpro",Keep pricing synchronized with live product data. Avoid mentioning buffering claims.
AD-0246,Facebook,Cord-cutters,"Stop paying cable prices | 18,000+ live channels","Stop paying cable prices. 18,000+ live channels and 100,000+ movies & series. 36-hour subscription trial available. Trusted by thousands of streamers.",For IPTV subscriptions and streaming device bundles. 36-hour trial applies to subscription plans only.,Start your 36-hour subscription trial,"jailbroken fire stick, onn google tv, iptv subscription, fire stick streaming, streamstickpro",Keep pricing synchronized with live product data. Avoid mentioning buffering claims.
AD-0247,YouTube,Returning IPTV users,Upgrade your streaming setup | Secure Stripe checkout with card + wallet options,Upgrade your streaming setup. Secure Stripe checkout with card + wallet options. 24/7 support and setup tutorials included. Easy renewals and support when you need it.,For IPTV subscriptions and streaming device bundles. 36-hour trial applies to subscription plans only.,Compare plans and device bundles,"jailbroken fire stick, onn google tv, iptv subscription, fire stick streaming, streamstickpro",Keep pricing synchronized with live product data. Avoid mentioning buffering claims.
AD-0248,Facebook,Families replacing cable,One app. Cleaner streaming experience | Shipping included on device bundles,One app. Cleaner streaming experience. Shipping included on device bundles. Shipping included on device bundles. No long contracts required for subscription plans.,For IPTV subscriptions and streaming device bundles. 36-hour trial applies to subscription plans only.,Shop Fire Stick and ONN options,"jailbroken fire stick, onn google tv, iptv subscription, fire stick streaming, streamstickpro",Keep pricing synchronized with live product data. Avoid mentioning buffering claims.
AD-0249,YouTube,Budget-conscious streamers,Built for Fire Stick and ONN | 24/7 support,"Built for Fire Stick and ONN. 24/7 support and setup tutorials included. Secure Stripe checkout with card + wallet options. Built for Fire Stick HD, 4K, 4K Max, and ONN devices.",For IPTV subscriptions and streaming device bundles. 36-hour trial applies to subscription plans only.,See pricing and start today,"jailbroken fire stick, onn google tv, iptv subscription, fire stick streaming, streamstickpro",Keep pricing synchronized with live product data. Avoid mentioning buffering claims.
AD-0250,Facebook,ONN Google TV users,Ready in about 10 minutes | 36-hour subscription trial available,"Ready in about 10 minutes. 36-hour subscription trial available. 18,000+ live channels and 100,000+ movies & series. Works with IPTV Smarters Pro and TiviMate.",For IPTV subscriptions and streaming device bundles. 36-hour trial applies to subscription plans only.,Get setup support and stream tonight,"jailbroken fire stick, onn google tv, iptv subscription, fire stick streaming, streamstickpro",Keep pricing synchronized with live product data. Avoid mentioning buffering claims.
AD-0251,YouTube,Fire Stick users,Get premium channels without cable contracts | 1-year service included on device bundles,Get premium channels without cable contracts. 1-year service included on device bundles. 1-year service included on device bundles. Fast setup with clear step-by-step guidance.,For IPTV subscriptions and streaming device bundles. 36-hour trial applies to subscription plans only.,Visit StreamStickPro now,"jailbroken fire stick, onn google tv, iptv subscription, fire stick streaming, streamstickpro",Keep pricing synchronized with live product data. Avoid mentioning buffering claims.
AD-0252,Facebook,Cord-cutters,"Stop paying cable prices | 18,000+ live channels","Stop paying cable prices. 18,000+ live channels and 100,000+ movies & series. 36-hour subscription trial available. Trusted by thousands of streamers.",For IPTV subscriptions and streaming device bundles. 36-hour trial applies to subscription plans only.,Start your 36-hour subscription trial,"jailbroken fire stick, onn google tv, iptv subscription, fire stick streaming, streamstickpro",Keep pricing synchronized with live product data. Avoid mentioning buffering claims.
AD-0253,YouTube,Returning IPTV users,Upgrade your streaming setup | Secure Stripe checkout with card + wallet options,Upgrade your streaming setup. Secure Stripe checkout with card + wallet options. 24/7 support and setup tutorials included. Easy renewals and support when you need it.,For IPTV subscriptions and streaming device bundles. 36-hour trial applies to subscription plans only.,Compare plans and device bundles,"jailbroken fire stick, onn google tv, iptv subscription, fire stick streaming, streamstickpro",Keep pricing synchronized with live product data. Avoid mentioning buffering claims.
AD-0254,Facebook,Families replacing cable,One app. Cleaner streaming experience | Shipping included on device bundles,One app. Cleaner streaming experience. Shipping included on device bundles. Shipping included on device bundles. No long contracts required for subscription plans.,For IPTV subscriptions and streaming device bundles. 36-hour trial applies to subscription plans only.,Shop Fire Stick and ONN options,"jailbroken fire stick, onn google tv, iptv subscription, fire stick streaming, streamstickpro",Keep pricing synchronized with live product data. Avoid mentioning buffering claims.
AD-0255,YouTube,Budget-conscious streamers,Built for Fire Stick and ONN | 24/7 support,"Built for Fire Stick and ONN. 24/7 support and setup tutorials included. Secure Stripe checkout with card + wallet options. Built for Fire Stick HD, 4K, 4K Max, and ONN devices.",For IPTV subscriptions and streaming device bundles. 36-hour trial applies to subscription plans only.,See pricing and start today,"jailbroken fire stick, onn google tv, iptv subscription, fire stick streaming, streamstickpro",Keep pricing synchronized with live product data. Avoid mentioning buffering claims.
AD-0256,Facebook,ONN Google TV users,Ready in about 10 minutes | 36-hour subscription trial available,"Ready in about 10 minutes. 36-hour subscription trial available. 18,000+ live channels and 100,000+ movies & series. Works with IPTV Smarters Pro and TiviMate.",For IPTV subscriptions and streaming device bundles. 36-hour trial applies to subscription plans only.,Get setup support and stream tonight,"jailbroken fire stick, onn google tv, iptv subscription, fire stick streaming, streamstickpro",Keep pricing synchronized with live product data. Avoid mentioning buffering claims.
AD-0257,YouTube,Fire Stick users,Get premium channels without cable contracts | 1-year service included on device bundles,Get premium channels without cable contracts. 1-year service included on device bundles. 1-year service included on device bundles. Fast setup with clear step-by-step guidance.,For IPTV subscriptions and streaming device bundles. 36-hour trial applies to subscription plans only.,Visit StreamStickPro now,"jailbroken fire stick, onn google tv, iptv subscription, fire stick streaming, streamstickpro",Keep pricing synchronized with live product data. Avoid mentioning buffering claims.
AD-0258,Facebook,Cord-cutters,"Stop paying cable prices | 18,000+ live channels","Stop paying cable prices. 18,000+ live channels and 100,000+ movies & series. 36-hour subscription trial available. Trusted by thousands of streamers.",For IPTV subscriptions and streaming device bundles. 36-hour trial applies to subscription plans only.,Start your 36-hour subscription trial,"jailbroken fire stick, onn google tv, iptv subscription, fire stick streaming, streamstickpro",Keep pricing synchronized with live product data. Avoid mentioning buffering claims.
AD-0259,YouTube,Returning IPTV users,Upgrade your streaming setup | Secure Stripe checkout with card + wallet options,Upgrade your streaming setup. Secure Stripe checkout with card + wallet options. 24/7 support and setup tutorials included. Easy renewals and support when you need it.,For IPTV subscriptions and streaming device bundles. 36-hour trial applies to subscription plans only.,Compare plans and device bundles,"jailbroken fire stick, onn google tv, iptv subscription, fire stick streaming, streamstickpro",Keep pricing synchronized with live product data. Avoid mentioning buffering claims.
AD-0260,Facebook,Families replacing cable,One app. Cleaner streaming experience | Shipping included on device bundles,One app. Cleaner streaming experience. Shipping included on device bundles. Shipping included on device bundles. No long contracts required for subscription plans.,For IPTV subscriptions and streaming device bundles. 36-hour trial applies to subscription plans only.,Shop Fire Stick and ONN options,"jailbroken fire stick, onn google tv, iptv subscription, fire stick streaming, streamstickpro",Keep pricing synchronized with live product data. Avoid mentioning buffering claims.
AD-0261,YouTube,Budget-conscious streamers,Built for Fire Stick and ONN | 24/7 support,"Built for Fire Stick and ONN. 24/7 support and setup tutorials included. Secure Stripe checkout with card + wallet options. Built for Fire Stick HD, 4K, 4K Max, and ONN devices.",For IPTV subscriptions and streaming device bundles. 36-hour trial applies to subscription plans only.,See pricing and start today,"jailbroken fire stick, onn google tv, iptv subscription, fire stick streaming, streamstickpro",Keep pricing synchronized with live product data. Avoid mentioning buffering claims.
AD-0262,Facebook,ONN Google TV users,Ready in about 10 minutes | 36-hour subscription trial available,"Ready in about 10 minutes. 36-hour subscription trial available. 18,000+ live channels and 100,000+ movies & series. Works with IPTV Smarters Pro and TiviMate.",For IPTV subscriptions and streaming device bundles. 36-hour trial applies to subscription plans only.,Get setup support and stream tonight,"jailbroken fire stick, onn google tv, iptv subscription, fire stick streaming, streamstickpro",Keep pricing synchronized with live product data. Avoid mentioning buffering claims.
AD-0263,YouTube,Fire Stick users,Get premium channels without cable contracts | 1-year service included on device bundles,Get premium channels without cable contracts. 1-year service included on device bundles. 1-year service included on device bundles. Fast setup with clear step-by-step guidance.,For IPTV subscriptions and streaming device bundles. 36-hour trial applies to subscription plans only.,Visit StreamStickPro now,"jailbroken fire stick, onn google tv, iptv subscription, fire stick streaming, streamstickpro",Keep pricing synchronized with live product data. Avoid mentioning buffering claims.
AD-0264,Facebook,Cord-cutters,"Stop paying cable prices | 18,000+ live channels","Stop paying cable prices. 18,000+ live channels and 100,000+ movies & series. 36-hour subscription trial available. Trusted by thousands of streamers.",For IPTV subscriptions and streaming device bundles. 36-hour trial applies to subscription plans only.,Start your 36-hour subscription trial,"jailbroken fire stick, onn google tv, iptv subscription, fire stick streaming, streamstickpro",Keep pricing synchronized with live product data. Avoid mentioning buffering claims.
AD-0265,YouTube,Returning IPTV users,Upgrade your streaming setup | Secure Stripe checkout with card + wallet options,Upgrade your streaming setup. Secure Stripe checkout with card + wallet options. 24/7 support and setup tutorials included. Easy renewals and support when you need it.,For IPTV subscriptions and streaming device bundles. 36-hour trial applies to subscription plans only.,Compare plans and device bundles,"jailbroken fire stick, onn google tv, iptv subscription, fire stick streaming, streamstickpro",Keep pricing synchronized with live product data. Avoid mentioning buffering claims.
AD-0266,Facebook,Families replacing cable,One app. Cleaner streaming experience | Shipping included on device bundles,One app. Cleaner streaming experience. Shipping included on device bundles. Shipping included on device bundles. No long contracts required for subscription plans.,For IPTV subscriptions and streaming device bundles. 36-hour trial applies to subscription plans only.,Shop Fire Stick and ONN options,"jailbroken fire stick, onn google tv, iptv subscription, fire stick streaming, streamstickpro",Keep pricing synchronized with live product data. Avoid mentioning buffering claims.
AD-0267,YouTube,Budget-conscious streamers,Built for Fire Stick and ONN | 24/7 support,"Built for Fire Stick and ONN. 24/7 support and setup tutorials included. Secure Stripe checkout with card + wallet options. Built for Fire Stick HD, 4K, 4K Max, and ONN devices.",For IPTV subscriptions and streaming device bundles. 36-hour trial applies to subscription plans only.,See pricing and start today,"jailbroken fire stick, onn google tv, iptv subscription, fire stick streaming, streamstickpro",Keep pricing synchronized with live product data. Avoid mentioning buffering claims.
AD-0268,Facebook,ONN Google TV users,Ready in about 10 minutes | 36-hour subscription trial available,"Ready in about 10 minutes. 36-hour subscription trial available. 18,000+ live channels and 100,000+ movies & series. Works with IPTV Smarters Pro and TiviMate.",For IPTV subscriptions and streaming device bundles. 36-hour trial applies to subscription plans only.,Get setup support and stream tonight,"jailbroken fire stick, onn google tv, iptv subscription, fire stick streaming, streamstickpro",Keep pricing synchronized with live product data. Avoid mentioning buffering claims.
AD-0269,YouTube,Fire Stick users,Get premium channels without cable contracts | 1-year service included on device bundles,Get premium channels without cable contracts. 1-year service included on device bundles. 1-year service included on device bundles. Fast setup with clear step-by-step guidance.,For IPTV subscriptions and streaming device bundles. 36-hour trial applies to subscription plans only.,Visit StreamStickPro now,"jailbroken fire stick, onn google tv, iptv subscription, fire stick streaming, streamstickpro",Keep pricing synchronized with live product data. Avoid mentioning buffering claims.
AD-0270,Facebook,Cord-cutters,"Stop paying cable prices | 18,000+ live channels","Stop paying cable prices. 18,000+ live channels and 100,000+ movies & series. 36-hour subscription trial available. Trusted by thousands of streamers.",For IPTV subscriptions and streaming device bundles. 36-hour trial applies to subscription plans only.,Start your 36-hour subscription trial,"jailbroken fire stick, onn google tv, iptv subscription, fire stick streaming, streamstickpro",Keep pricing synchronized with live product data. Avoid mentioning buffering claims.
AD-0271,YouTube,Returning IPTV users,Upgrade your streaming setup | Secure Stripe checkout with card + wallet options,Upgrade your streaming setup. Secure Stripe checkout with card + wallet options. 24/7 support and setup tutorials included. Easy renewals and support when you need it.,For IPTV subscriptions and streaming device bundles. 36-hour trial applies to subscription plans only.,Compare plans and device bundles,"jailbroken fire stick, onn google tv, iptv subscription, fire stick streaming, streamstickpro",Keep pricing synchronized with live product data. Avoid mentioning buffering claims.
AD-0272,Facebook,Families replacing cable,One app. Cleaner streaming experience | Shipping included on device bundles,One app. Cleaner streaming experience. Shipping included on device bundles. Shipping included on device bundles. No long contracts required for subscription plans.,For IPTV subscriptions and streaming device bundles. 36-hour trial applies to subscription plans only.,Shop Fire Stick and ONN options,"jailbroken fire stick, onn google tv, iptv subscription, fire stick streaming, streamstickpro",Keep pricing synchronized with live product data. Avoid mentioning buffering claims.
AD-0273,YouTube,Budget-conscious streamers,Built for Fire Stick and ONN | 24/7 support,"Built for Fire Stick and ONN. 24/7 support and setup tutorials included. Secure Stripe checkout with card + wallet options. Built for Fire Stick HD, 4K, 4K Max, and ONN devices.",For IPTV subscriptions and streaming device bundles. 36-hour trial applies to subscription plans only.,See pricing and start today,"jailbroken fire stick, onn google tv, iptv subscription, fire stick streaming, streamstickpro",Keep pricing synchronized with live product data. Avoid mentioning buffering claims.
AD-0274,Facebook,ONN Google TV users,Ready in about 10 minutes | 36-hour subscription trial available,"Ready in about 10 minutes. 36-hour subscription trial available. 18,000+ live channels and 100,000+ movies & series. Works with IPTV Smarters Pro and TiviMate.",For IPTV subscriptions and streaming device bundles. 36-hour trial applies to subscription plans only.,Get setup support and stream tonight,"jailbroken fire stick, onn google tv, iptv subscription, fire stick streaming, streamstickpro",Keep pricing synchronized with live product data. Avoid mentioning buffering claims.
AD-0275,YouTube,Fire Stick users,Get premium channels without cable contracts | 1-year service included on device bundles,Get premium channels without cable contracts. 1-year service included on device bundles. 1-year service included on device bundles. Fast setup with clear step-by-step guidance.,For IPTV subscriptions and streaming device bundles. 36-hour trial applies to subscription plans only.,Visit StreamStickPro now,"jailbroken fire stick, onn google tv, iptv subscription, fire stick streaming, streamstickpro",Keep pricing synchronized with live product data. Avoid mentioning buffering claims.
AD-0276,Facebook,Cord-cutters,"Stop paying cable prices | 18,000+ live channels","Stop paying cable prices. 18,000+ live channels and 100,000+ movies & series. 36-hour subscription trial available. Trusted by thousands of streamers.",For IPTV subscriptions and streaming device bundles. 36-hour trial applies to subscription plans only.,Start your 36-hour subscription trial,"jailbroken fire stick, onn google tv, iptv subscription, fire stick streaming, streamstickpro",Keep pricing synchronized with live product data. Avoid mentioning buffering claims.
AD-0277,YouTube,Returning IPTV users,Upgrade your streaming setup | Secure Stripe checkout with card + wallet options,Upgrade your streaming setup. Secure Stripe checkout with card + wallet options. 24/7 support and setup tutorials included. Easy renewals and support when you need it.,For IPTV subscriptions and streaming device bundles. 36-hour trial applies to subscription plans only.,Compare plans and device bundles,"jailbroken fire stick, onn google tv, iptv subscription, fire stick streaming, streamstickpro",Keep pricing synchronized with live product data. Avoid mentioning buffering claims.
AD-0278,Facebook,Families replacing cable,One app. Cleaner streaming experience | Shipping included on device bundles,One app. Cleaner streaming experience. Shipping included on device bundles. Shipping included on device bundles. No long contracts required for subscription plans.,For IPTV subscriptions and streaming device bundles. 36-hour trial applies to subscription plans only.,Shop Fire Stick and ONN options,"jailbroken fire stick, onn google tv, iptv subscription, fire stick streaming, streamstickpro",Keep pricing synchronized with live product data. Avoid mentioning buffering claims.
AD-0279,YouTube,Budget-conscious streamers,Built for Fire Stick and ONN | 24/7 support,"Built for Fire Stick and ONN. 24/7 support and setup tutorials included. Secure Stripe checkout with card + wallet options. Built for Fire Stick HD, 4K, 4K Max, and ONN devices.",For IPTV subscriptions and streaming device bundles. 36-hour trial applies to subscription plans only.,See pricing and start today,"jailbroken fire stick, onn google tv, iptv subscription, fire stick streaming, streamstickpro",Keep pricing synchronized with live product data. Avoid mentioning buffering claims.
AD-0280,Facebook,ONN Google TV users,Ready in about 10 minutes | 36-hour subscription trial available,"Ready in about 10 minutes. 36-hour subscription trial available. 18,000+ live channels and 100,000+ movies & series. Works with IPTV Smarters Pro and TiviMate.",For IPTV subscriptions and streaming device bundles. 36-hour trial applies to subscription plans only.,Get setup support and stream tonight,"jailbroken fire stick, onn google tv, iptv subscription, fire stick streaming, streamstickpro",Keep pricing synchronized with live product data. Avoid mentioning buffering claims.
AD-0281,YouTube,Fire Stick users,Get premium channels without cable contracts | 1-year service included on device bundles,Get premium channels without cable contracts. 1-year service included on device bundles. 1-year service included on device bundles. Fast setup with clear step-by-step guidance.,For IPTV subscriptions and streaming device bundles. 36-hour trial applies to subscription plans only.,Visit StreamStickPro now,"jailbroken fire stick, onn google tv, iptv subscription, fire stick streaming, streamstickpro",Keep pricing synchronized with live product data. Avoid mentioning buffering claims.
AD-0282,Facebook,Cord-cutters,"Stop paying cable prices | 18,000+ live channels","Stop paying cable prices. 18,000+ live channels and 100,000+ movies & series. 36-hour subscription trial available. Trusted by thousands of streamers.",For IPTV subscriptions and streaming device bundles. 36-hour trial applies to subscription plans only.,Start your 36-hour subscription trial,"jailbroken fire stick, onn google tv, iptv subscription, fire stick streaming, streamstickpro",Keep pricing synchronized with live product data. Avoid mentioning buffering claims.
AD-0283,YouTube,Returning IPTV users,Upgrade your streaming setup | Secure Stripe checkout with card + wallet options,Upgrade your streaming setup. Secure Stripe checkout with card + wallet options. 24/7 support and setup tutorials included. Easy renewals and support when you need it.,For IPTV subscriptions and streaming device bundles. 36-hour trial applies to subscription plans only.,Compare plans and device bundles,"jailbroken fire stick, onn google tv, iptv subscription, fire stick streaming, streamstickpro",Keep pricing synchronized with live product data. Avoid mentioning buffering claims.
AD-0284,Facebook,Families replacing cable,One app. Cleaner streaming experience | Shipping included on device bundles,One app. Cleaner streaming experience. Shipping included on device bundles. Shipping included on device bundles. No long contracts required for subscription plans.,For IPTV subscriptions and streaming device bundles. 36-hour trial applies to subscription plans only.,Shop Fire Stick and ONN options,"jailbroken fire stick, onn google tv, iptv subscription, fire stick streaming, streamstickpro",Keep pricing synchronized with live product data. Avoid mentioning buffering claims.
AD-0285,YouTube,Budget-conscious streamers,Built for Fire Stick and ONN | 24/7 support,"Built for Fire Stick and ONN. 24/7 support and setup tutorials included. Secure Stripe checkout with card + wallet options. Built for Fire Stick HD, 4K, 4K Max, and ONN devices.",For IPTV subscriptions and streaming device bundles. 36-hour trial applies to subscription plans only.,See pricing and start today,"jailbroken fire stick, onn google tv, iptv subscription, fire stick streaming, streamstickpro",Keep pricing synchronized with live product data. Avoid mentioning buffering claims.
AD-0286,Facebook,ONN Google TV users,Ready in about 10 minutes | 36-hour subscription trial available,"Ready in about 10 minutes. 36-hour subscription trial available. 18,000+ live channels and 100,000+ movies & series. Works with IPTV Smarters Pro and TiviMate.",For IPTV subscriptions and streaming device bundles. 36-hour trial applies to subscription plans only.,Get setup support and stream tonight,"jailbroken fire stick, onn google tv, iptv subscription, fire stick streaming, streamstickpro",Keep pricing synchronized with live product data. Avoid mentioning buffering claims.
AD-0287,YouTube,Fire Stick users,Get premium channels without cable contracts | 1-year service included on device bundles,Get premium channels without cable contracts. 1-year service included on device bundles. 1-year service included on device bundles. Fast setup with clear step-by-step guidance.,For IPTV subscriptions and streaming device bundles. 36-hour trial applies to subscription plans only.,Visit StreamStickPro now,"jailbroken fire stick, onn google tv, iptv subscription, fire stick streaming, streamstickpro",Keep pricing synchronized with live product data. Avoid mentioning buffering claims.
AD-0288,Facebook,Cord-cutters,"Stop paying cable prices | 18,000+ live channels","Stop paying cable prices. 18,000+ live channels and 100,000+ movies & series. 36-hour subscription trial available. Trusted by thousands of streamers.",For IPTV subscriptions and streaming device bundles. 36-hour trial applies to subscription plans only.,Start your 36-hour subscription trial,"jailbroken fire stick, onn google tv, iptv subscription, fire stick streaming, streamstickpro",Keep pricing synchronized with live product data. Avoid mentioning buffering claims.
AD-0289,YouTube,Returning IPTV users,Upgrade your streaming setup | Secure Stripe checkout with card + wallet options,Upgrade your streaming setup. Secure Stripe checkout with card + wallet options. 24/7 support and setup tutorials included. Easy renewals and support when you need it.,For IPTV subscriptions and streaming device bundles. 36-hour trial applies to subscription plans only.,Compare plans and device bundles,"jailbroken fire stick, onn google tv, iptv subscription, fire stick streaming, streamstickpro",Keep pricing synchronized with live product data. Avoid mentioning buffering claims.
AD-0290,Facebook,Families replacing cable,One app. Cleaner streaming experience | Shipping included on device bundles,One app. Cleaner streaming experience. Shipping included on device bundles. Shipping included on device bundles. No long contracts required for subscription plans.,For IPTV subscriptions and streaming device bundles. 36-hour trial applies to subscription plans only.,Shop Fire Stick and ONN options,"jailbroken fire stick, onn google tv, iptv subscription, fire stick streaming, streamstickpro",Keep pricing synchronized with live product data. Avoid mentioning buffering claims.
AD-0291,YouTube,Budget-conscious streamers,Built for Fire Stick and ONN | 24/7 support,"Built for Fire Stick and ONN. 24/7 support and setup tutorials included. Secure Stripe checkout with card + wallet options. Built for Fire Stick HD, 4K, 4K Max, and ONN devices.",For IPTV subscriptions and streaming device bundles. 36-hour trial applies to subscription plans only.,See pricing and start today,"jailbroken fire stick, onn google tv, iptv subscription, fire stick streaming, streamstickpro",Keep pricing synchronized with live product data. Avoid mentioning buffering claims.
AD-0292,Facebook,ONN Google TV users,Ready in about 10 minutes | 36-hour subscription trial available,"Ready in about 10 minutes. 36-hour subscription trial available. 18,000+ live channels and 100,000+ movies & series. Works with IPTV Smarters Pro and TiviMate.",For IPTV subscriptions and streaming device bundles. 36-hour trial applies to subscription plans only.,Get setup support and stream tonight,"jailbroken fire stick, onn google tv, iptv subscription, fire stick streaming, streamstickpro",Keep pricing synchronized with live product data. Avoid mentioning buffering claims.
AD-0293,YouTube,Fire Stick users,Get premium channels without cable contracts | 1-year service included on device bundles,Get premium channels without cable contracts. 1-year service included on device bundles. 1-year service included on device bundles. Fast setup with clear step-by-step guidance.,For IPTV subscriptions and streaming device bundles. 36-hour trial applies to subscription plans only.,Visit StreamStickPro now,"jailbroken fire stick, onn google tv, iptv subscription, fire stick streaming, streamstickpro",Keep pricing synchronized with live product data. Avoid mentioning buffering claims.
AD-0294,Facebook,Cord-cutters,"Stop paying cable prices | 18,000+ live channels","Stop paying cable prices. 18,000+ live channels and 100,000+ movies & series. 36-hour subscription trial available. Trusted by thousands of streamers.",For IPTV subscriptions and streaming device bundles. 36-hour trial applies to subscription plans only.,Start your 36-hour subscription trial,"jailbroken fire stick, onn google tv, iptv subscription, fire stick streaming, streamstickpro",Keep pricing synchronized with live product data. Avoid mentioning buffering claims.
AD-0295,YouTube,Returning IPTV users,Upgrade your streaming setup | Secure Stripe checkout with card + wallet options,Upgrade your streaming setup. Secure Stripe checkout with card + wallet options. 24/7 support and setup tutorials included. Easy renewals and support when you need it.,For IPTV subscriptions and streaming device bundles. 36-hour trial applies to subscription plans only.,Compare plans and device bundles,"jailbroken fire stick, onn google tv, iptv subscription, fire stick streaming, streamstickpro",Keep pricing synchronized with live product data. Avoid mentioning buffering claims.
AD-0296,Facebook,Families replacing cable,One app. Cleaner streaming experience | Shipping included on device bundles,One app. Cleaner streaming experience. Shipping included on device bundles. Shipping included on device bundles. No long contracts required for subscription plans.,For IPTV subscriptions and streaming device bundles. 36-hour trial applies to subscription plans only.,Shop Fire Stick and ONN options,"jailbroken fire stick, onn google tv, iptv subscription, fire stick streaming, streamstickpro",Keep pricing synchronized with live product data. Avoid mentioning buffering claims.
AD-0297,YouTube,Budget-conscious streamers,Built for Fire Stick and ONN | 24/7 support,"Built for Fire Stick and ONN. 24/7 support and setup tutorials included. Secure Stripe checkout with card + wallet options. Built for Fire Stick HD, 4K, 4K Max, and ONN devices.",For IPTV subscriptions and streaming device bundles. 36-hour trial applies to subscription plans only.,See pricing and start today,"jailbroken fire stick, onn google tv, iptv subscription, fire stick streaming, streamstickpro",Keep pricing synchronized with live product data. Avoid mentioning buffering claims.
AD-0298,Facebook,ONN Google TV users,Ready in about 10 minutes | 36-hour subscription trial available,"Ready in about 10 minutes. 36-hour subscription trial available. 18,000+ live channels and 100,000+ movies & series. Works with IPTV Smarters Pro and TiviMate.",For IPTV subscriptions and streaming device bundles. 36-hour trial applies to subscription plans only.,Get setup support and stream tonight,"jailbroken fire stick, onn google tv, iptv subscription, fire stick streaming, streamstickpro",Keep pricing synchronized with live product data. Avoid mentioning buffering claims.
AD-0299,YouTube,Fire Stick users,Get premium channels without cable contracts | 1-year service included on device bundles,Get premium channels without cable contracts. 1-year service included on device bundles. 1-year service included on device bundles. Fast setup with clear step-by-step guidance.,For IPTV subscriptions and streaming device bundles. 36-hour trial applies to subscription plans only.,Visit StreamStickPro now,"jailbroken fire stick, onn google tv, iptv subscription, fire stick streaming, streamstickpro",Keep pricing synchronized with live product data. Avoid mentioning buffering claims.
AD-0300,Facebook,Cord-cutters,"Stop paying cable prices | 18,000+ live channels","Stop paying cable prices. 18,000+ live channels and 100,000+ movies & series. 36-hour subscription trial available. Trusted by thousands of streamers.",For IPTV subscriptions and streaming device bundles. 36-hour trial applies to subscription plans only.,Start your 36-hour subscription trial,"jailbroken fire stick, onn google tv, iptv subscription, fire stick streaming, streamstickpro",Keep pricing synchronized with live product data. Avoid mentioning buffering claims.
